{
  "type": "FeatureCollection",
  "attribution": "© OpenStreetMap contributors; infrastructure map reference: RailsMaps",
  "features": [
    {
      "type": "Feature",
      "id": "corridor_centerline",
      "properties": {
        "role": "corridor_centerline",
        "source": "OpenStreetMap",
        "length_m": 311821.34
      },
      "geometry": {
        "type": "LineString",
        "coordinates": [
          [
            69.4230293,
            53.2887321
          ],
          [
            69.4280222,
            53.2859631
          ],
          [
            69.4289832,
            53.2855041
          ],
          [
            69.4291927,
            53.28539
          ],
          [
            69.4294699,
            53.2852479
          ],
          [
            69.4301361,
            53.2849437
          ],
          [
            69.4305843,
            53.2847371
          ],
          [
            69.4309714,
            53.2845434
          ],
          [
            69.4311588,
            53.2844403
          ],
          [
            69.4316642,
            53.2841624
          ],
          [
            69.432328,
            53.2838023
          ],
          [
            69.4338961,
            53.282927
          ],
          [
            69.4347569,
            53.282461
          ],
          [
            69.4348917,
            53.2823858
          ],
          [
            69.4355696,
            53.2820129
          ],
          [
            69.4358658,
            53.2818471
          ],
          [
            69.4372175,
            53.2811056
          ],
          [
            69.437891,
            53.2807369
          ],
          [
            69.4388751,
            53.280184
          ],
          [
            69.4409846,
            53.2790194
          ],
          [
            69.4465295,
            53.2759486
          ],
          [
            69.4471643,
            53.2756283
          ],
          [
            69.4478951,
            53.2753084
          ],
          [
            69.4487719,
            53.2749738
          ],
          [
            69.4497348,
            53.2746516
          ],
          [
            69.4503459,
            53.2744713
          ],
          [
            69.5172512,
            53.2557065
          ],
          [
            69.5953498,
            53.2337443
          ],
          [
            69.5979614,
            53.2329271
          ],
          [
            69.6005471,
            53.2318495
          ],
          [
            69.6031163,
            53.2305455
          ],
          [
            69.6135688,
            53.2252067
          ],
          [
            69.6164864,
            53.2237231
          ],
          [
            69.6193289,
            53.2222929
          ],
          [
            69.6234298,
            53.2202454
          ],
          [
            69.629344,
            53.2171908
          ],
          [
            69.6413748,
            53.2107375
          ],
          [
            69.6483997,
            53.2064936
          ],
          [
            69.6634398,
            53.195807
          ],
          [
            69.6797053,
            53.1847215
          ],
          [
            69.6959691,
            53.1737111
          ],
          [
            69.7043355,
            53.1665361
          ],
          [
            69.7131286,
            53.1598366
          ],
          [
            69.7184415,
            53.1551129
          ],
          [
            69.7202777,
            53.1536081
          ],
          [
            69.7213199,
            53.1518803
          ],
          [
            69.7221147,
            53.1498269
          ],
          [
            69.7237637,
            53.1446256
          ],
          [
            69.7250455,
            53.1401952
          ],
          [
            69.7260809,
            53.1379665
          ],
          [
            69.727906,
            53.1359593
          ],
          [
            69.7310739,
            53.1339125
          ],
          [
            69.7432825,
            53.1275032
          ],
          [
            69.7520765,
            53.1234355
          ],
          [
            69.7558719,
            53.1212313
          ],
          [
            69.7580739,
            53.1185883
          ],
          [
            69.7597158,
            53.1168729
          ],
          [
            69.7618382,
            53.1158902
          ],
          [
            69.7820746,
            53.1103375
          ],
          [
            69.8054646,
            53.1040969
          ],
          [
            69.823707,
            53.0990257
          ],
          [
            69.8378724,
            53.0951168
          ],
          [
            69.8391964,
            53.0947568
          ],
          [
            69.845318,
            53.0930762
          ],
          [
            69.8513991,
            53.0914035
          ],
          [
            69.8582177,
            53.0895192
          ],
          [
            69.8593494,
            53.0892114
          ],
          [
            69.860104,
            53.0890062
          ],
          [
            69.8613942,
            53.0886554
          ],
          [
            69.8650087,
            53.0876724
          ],
          [
            69.8667223,
            53.0872004
          ],
          [
            69.8790774,
            53.0837964
          ],
          [
            69.8796386,
            53.0836418
          ],
          [
            69.8804525,
            53.0834175
          ],
          [
            69.888664,
            53.081155
          ],
          [
            69.9077709,
            53.0760027
          ],
          [
            69.913371,
            53.0743807
          ],
          [
            69.925019,
            53.0703259
          ],
          [
            69.9361644,
            53.0660916
          ],
          [
            69.9424074,
            53.0638706
          ],
          [
            69.9459478,
            53.0629717
          ],
          [
            69.9490436,
            53.0625216
          ],
          [
            69.9524542,
            53.0618887
          ],
          [
            69.9549233,
            53.060738
          ],
          [
            69.9563381,
            53.0588513
          ],
          [
            69.9564856,
            53.0586907
          ],
          [
            69.9566798,
            53.0583666
          ],
          [
            69.9568453,
            53.0580498
          ],
          [
            69.957021,
            53.0575739
          ],
          [
            69.9571228,
            53.0570677
          ],
          [
            69.9571457,
            53.0566682
          ],
          [
            69.9571181,
            53.0562205
          ],
          [
            69.9566694,
            53.0527402
          ],
          [
            69.9561319,
            53.0492651
          ],
          [
            69.956061,
            53.0489068
          ],
          [
            69.9559741,
            53.0485582
          ],
          [
            69.9558148,
            53.0481004
          ],
          [
            69.9556242,
            53.047678
          ],
          [
            69.9554094,
            53.0472663
          ],
          [
            69.9551596,
            53.046865
          ],
          [
            69.9549049,
            53.0464978
          ],
          [
            69.9546312,
            53.0461498
          ],
          [
            69.9541502,
            53.0456307
          ],
          [
            69.9527513,
            53.0442227
          ],
          [
            69.9500777,
            53.0416196
          ],
          [
            69.9488875,
            53.0404783
          ],
          [
            69.9485828,
            53.0401974
          ],
          [
            69.9483013,
            53.0398909
          ],
          [
            69.9480593,
            53.0395793
          ],
          [
            69.9478067,
            53.0392754
          ],
          [
            69.9476007,
            53.0389109
          ],
          [
            69.9474127,
            53.0384359
          ],
          [
            69.9472472,
            53.0378909
          ],
          [
            69.94721,
            53.0375081
          ],
          [
            69.9472047,
            53.0371594
          ],
          [
            69.9472339,
            53.0367942
          ],
          [
            69.947322,
            53.0364645
          ],
          [
            69.9475045,
            53.0359423
          ],
          [
            69.9478022,
            53.0353767
          ],
          [
            69.9482351,
            53.0348054
          ],
          [
            69.9486879,
            53.0343119
          ],
          [
            69.9494213,
            53.0337112
          ],
          [
            69.950274,
            53.0331866
          ],
          [
            69.9511185,
            53.0327514
          ],
          [
            69.9518192,
            53.0324576
          ],
          [
            69.9527476,
            53.0321602
          ],
          [
            69.9542515,
            53.0318661
          ],
          [
            69.9550137,
            53.0317242
          ],
          [
            69.9621444,
            53.0302962
          ],
          [
            69.9634848,
            53.0300105
          ],
          [
            70.026827,
            53.0148043
          ],
          [
            70.027615,
            53.0145652
          ],
          [
            70.0286291,
            53.0141964
          ],
          [
            70.0295584,
            53.013742
          ],
          [
            70.0304428,
            53.0131473
          ],
          [
            70.0311551,
            53.0125192
          ],
          [
            70.0318234,
            53.0116886
          ],
          [
            70.0321602,
            53.0109146
          ],
          [
            70.0323511,
            53.0101383
          ],
          [
            70.032303,
            53.0082986
          ],
          [
            70.0324151,
            53.0071728
          ],
          [
            70.0328422,
            53.0059733
          ],
          [
            70.0333478,
            53.0052273
          ],
          [
            70.0339728,
            53.004462
          ],
          [
            70.0349853,
            53.0035962
          ],
          [
            70.0356668,
            53.0031214
          ],
          [
            70.0364404,
            53.0026798
          ],
          [
            70.0427787,
            52.9994709
          ],
          [
            70.043295,
            52.9992199
          ],
          [
            70.043865,
            52.9989792
          ],
          [
            70.0445046,
            52.9987411
          ],
          [
            70.0507396,
            52.9967846
          ],
          [
            70.0548588,
            52.995521
          ],
          [
            70.0679279,
            52.9915132
          ],
          [
            70.0687556,
            52.9912375
          ],
          [
            70.0695618,
            52.9909235
          ],
          [
            70.0704464,
            52.9905091
          ],
          [
            70.0712899,
            52.9900509
          ],
          [
            70.0790311,
            52.9849813
          ],
          [
            70.079636,
            52.9845561
          ],
          [
            70.0802035,
            52.9840944
          ],
          [
            70.0806521,
            52.9836137
          ],
          [
            70.0810471,
            52.9830949
          ],
          [
            70.0814796,
            52.9818643
          ],
          [
            70.0815298,
            52.9800817
          ],
          [
            70.0813539,
            52.979552
          ],
          [
            70.0808785,
            52.9781209
          ],
          [
            70.0798784,
            52.9757725
          ],
          [
            70.0782795,
            52.972222
          ],
          [
            70.0778729,
            52.9710403
          ],
          [
            70.077838,
            52.969633
          ],
          [
            70.0778313,
            52.9654582
          ],
          [
            70.0779312,
            52.961577
          ],
          [
            70.0783808,
            52.9601073
          ],
          [
            70.0786547,
            52.9595358
          ],
          [
            70.0788111,
            52.9592649
          ],
          [
            70.0789933,
            52.9589875
          ],
          [
            70.0791664,
            52.9587527
          ],
          [
            70.079353,
            52.9585268
          ],
          [
            70.0797632,
            52.958079
          ],
          [
            70.0799705,
            52.957877
          ],
          [
            70.0802006,
            52.957672
          ],
          [
            70.0804406,
            52.9574709
          ],
          [
            70.0807011,
            52.9572696
          ],
          [
            70.0828485,
            52.95575
          ],
          [
            70.0839321,
            52.9549917
          ],
          [
            70.084473,
            52.9546093
          ],
          [
            70.085002,
            52.954243
          ],
          [
            70.0852897,
            52.9540386
          ],
          [
            70.0855353,
            52.9538651
          ],
          [
            70.086081,
            52.9534823
          ],
          [
            70.0871544,
            52.9527279
          ],
          [
            70.0893382,
            52.9512043
          ],
          [
            70.0939096,
            52.9483502
          ],
          [
            70.1042059,
            52.9410013
          ],
          [
            70.1143459,
            52.9336656
          ],
          [
            70.1195572,
            52.9299994
          ],
          [
            70.1210312,
            52.9290085
          ],
          [
            70.1226497,
            52.92818
          ],
          [
            70.1276391,
            52.9262541
          ],
          [
            70.129774,
            52.9254445
          ],
          [
            70.1308768,
            52.9250456
          ],
          [
            70.1320012,
            52.9247199
          ],
          [
            70.1340945,
            52.9242655
          ],
          [
            70.1401994,
            52.9234282
          ],
          [
            70.1433621,
            52.923038
          ],
          [
            70.1465235,
            52.9227385
          ],
          [
            70.1493198,
            52.922698
          ],
          [
            70.1521622,
            52.9228637
          ],
          [
            70.1562433,
            52.9230203
          ],
          [
            70.1607223,
            52.9232292
          ],
          [
            70.1625095,
            52.9233094
          ],
          [
            70.1634349,
            52.9233036
          ],
          [
            70.1643331,
            52.9232623
          ],
          [
            70.1652198,
            52.9231864
          ],
          [
            70.1659571,
            52.9230989
          ],
          [
            70.1670814,
            52.9229501
          ],
          [
            70.1677296,
            52.9228644
          ],
          [
            70.1701545,
            52.9225505
          ],
          [
            70.1702363,
            52.9225388
          ],
          [
            70.171572,
            52.9224221
          ],
          [
            70.1782296,
            52.9215673
          ],
          [
            70.1795771,
            52.9213838
          ],
          [
            70.1816856,
            52.9211115
          ],
          [
            70.1857384,
            52.9205892
          ],
          [
            70.1863182,
            52.9205383
          ],
          [
            70.1870688,
            52.9204824
          ],
          [
            70.1882847,
            52.9203913
          ],
          [
            70.1884725,
            52.9203866
          ],
          [
            70.1896729,
            52.9203184
          ],
          [
            70.1898534,
            52.9203178
          ],
          [
            70.1910615,
            52.92028
          ],
          [
            70.1912391,
            52.9202765
          ],
          [
            70.1918368,
            52.9202658
          ],
          [
            70.193833,
            52.9202482
          ],
          [
            70.1944918,
            52.9202757
          ],
          [
            70.1949643,
            52.9203209
          ],
          [
            70.1956563,
            52.9204236
          ],
          [
            70.1968151,
            52.9206261
          ],
          [
            70.1971704,
            52.9206944
          ],
          [
            70.2002214,
            52.921292
          ],
          [
            70.2008598,
            52.9214116
          ],
          [
            70.2075886,
            52.9227126
          ],
          [
            70.2087348,
            52.9228509
          ],
          [
            70.2099109,
            52.9229186
          ],
          [
            70.2111541,
            52.9228719
          ],
          [
            70.2123892,
            52.9227563
          ],
          [
            70.2135909,
            52.9225832
          ],
          [
            70.2147674,
            52.9223535
          ],
          [
            70.2204659,
            52.9207612
          ],
          [
            70.2217676,
            52.920274
          ],
          [
            70.222996,
            52.9197193
          ],
          [
            70.2240944,
            52.9191063
          ],
          [
            70.2250786,
            52.9184566
          ],
          [
            70.226208,
            52.9174697
          ],
          [
            70.2271186,
            52.9164411
          ],
          [
            70.2277529,
            52.9153542
          ],
          [
            70.2281863,
            52.9142344
          ],
          [
            70.2295289,
            52.9081637
          ],
          [
            70.229527,
            52.9044363
          ],
          [
            70.2272211,
            52.8991708
          ],
          [
            70.2244376,
            52.8869983
          ],
          [
            70.2226456,
            52.8820687
          ],
          [
            70.2225929,
            52.8781564
          ],
          [
            70.2234889,
            52.8754844
          ],
          [
            70.2291284,
            52.867881
          ],
          [
            70.2376668,
            52.857253
          ],
          [
            70.2452037,
            52.8479276
          ],
          [
            70.2482607,
            52.8442987
          ],
          [
            70.2544773,
            52.8362348
          ],
          [
            70.2589085,
            52.8306813
          ],
          [
            70.2633408,
            52.8251337
          ],
          [
            70.2658246,
            52.822022
          ],
          [
            70.2683153,
            52.8189158
          ],
          [
            70.2732825,
            52.8126883
          ],
          [
            70.2779817,
            52.8068159
          ],
          [
            70.2803183,
            52.8038655
          ],
          [
            70.2817033,
            52.8020993
          ],
          [
            70.282168,
            52.8015067
          ],
          [
            70.2827111,
            52.8008141
          ],
          [
            70.2827475,
            52.8007677
          ],
          [
            70.2829507,
            52.8005129
          ],
          [
            70.2880726,
            52.7940884
          ],
          [
            70.2883314,
            52.7937638
          ],
          [
            70.2894582,
            52.7923585
          ],
          [
            70.2904953,
            52.7910548
          ],
          [
            70.2905708,
            52.7909599
          ],
          [
            70.2910172,
            52.7904017
          ],
          [
            70.2922929,
            52.7888064
          ],
          [
            70.2954782,
            52.784816
          ],
          [
            70.2970108,
            52.7829014
          ],
          [
            70.2971497,
            52.7827275
          ],
          [
            70.3582337,
            52.7063613
          ],
          [
            70.3632216,
            52.7000351
          ],
          [
            70.3721913,
            52.6888007
          ],
          [
            70.3766766,
            52.683167
          ],
          [
            70.3810771,
            52.6775404
          ],
          [
            70.3812457,
            52.6773222
          ],
          [
            70.3822625,
            52.6761114
          ],
          [
            70.3827657,
            52.6755173
          ],
          [
            70.3832525,
            52.67493
          ],
          [
            70.3932419,
            52.6623883
          ],
          [
            70.3968458,
            52.6578654
          ],
          [
            70.4004598,
            52.6533308
          ],
          [
            70.4043468,
            52.6484378
          ],
          [
            70.405139,
            52.6474348
          ],
          [
            70.4059237,
            52.6464283
          ],
          [
            70.4064466,
            52.645763
          ],
          [
            70.4065563,
            52.6456221
          ],
          [
            70.4065674,
            52.6456087
          ],
          [
            70.4068675,
            52.6452437
          ],
          [
            70.4075007,
            52.6444333
          ],
          [
            70.4079084,
            52.6439269
          ],
          [
            70.4080945,
            52.643687
          ],
          [
            70.408116,
            52.6436593
          ],
          [
            70.4081777,
            52.6435828
          ],
          [
            70.4084917,
            52.6431896
          ],
          [
            70.4086411,
            52.6429957
          ],
          [
            70.4088847,
            52.6426395
          ],
          [
            70.4089799,
            52.6425004
          ],
          [
            70.4091174,
            52.6422886
          ],
          [
            70.4092857,
            52.6419975
          ],
          [
            70.4094087,
            52.6417618
          ],
          [
            70.4095016,
            52.6415556
          ],
          [
            70.40957,
            52.6413814
          ],
          [
            70.4096804,
            52.6411065
          ],
          [
            70.409749,
            52.6408964
          ],
          [
            70.409859,
            52.6405221
          ],
          [
            70.4099394,
            52.640131
          ],
          [
            70.4100112,
            52.63974
          ],
          [
            70.41017,
            52.6388759
          ],
          [
            70.4103191,
            52.6380587
          ],
          [
            70.410463,
            52.6372745
          ],
          [
            70.4106841,
            52.6360537
          ],
          [
            70.4108851,
            52.6349292
          ],
          [
            70.4111069,
            52.6337833
          ],
          [
            70.4112768,
            52.6328212
          ],
          [
            70.4113089,
            52.6326397
          ],
          [
            70.4114234,
            52.6319877
          ],
          [
            70.4115525,
            52.63127
          ],
          [
            70.4116721,
            52.6306228
          ],
          [
            70.4118089,
            52.6298825
          ],
          [
            70.4118355,
            52.6297481
          ],
          [
            70.4118473,
            52.6296883
          ],
          [
            70.411991,
            52.6289012
          ],
          [
            70.4120115,
            52.6287892
          ],
          [
            70.4123933,
            52.6267368
          ],
          [
            70.4126026,
            52.6255686
          ],
          [
            70.412997,
            52.623537
          ],
          [
            70.4139691,
            52.61829
          ],
          [
            70.4143622,
            52.6161958
          ],
          [
            70.4147461,
            52.6140783
          ],
          [
            70.4151373,
            52.6119978
          ],
          [
            70.4155189,
            52.6098748
          ],
          [
            70.416287,
            52.6056668
          ],
          [
            70.4164825,
            52.6045968
          ],
          [
            70.4165986,
            52.604085
          ],
          [
            70.4166725,
            52.6035458
          ],
          [
            70.417065,
            52.6014204
          ],
          [
            70.417248,
            52.6004511
          ],
          [
            70.4174565,
            52.5992935
          ],
          [
            70.4176529,
            52.598236
          ],
          [
            70.417815,
            52.5971855
          ],
          [
            70.4178618,
            52.5967243
          ],
          [
            70.41789,
            52.5962314
          ],
          [
            70.4179517,
            52.5952442
          ],
          [
            70.4180628,
            52.5932669
          ],
          [
            70.4183153,
            52.5890463
          ],
          [
            70.4185417,
            52.584964
          ],
          [
            70.4187418,
            52.5808468
          ],
          [
            70.4195489,
            52.5618965
          ],
          [
            70.4195727,
            52.561384
          ],
          [
            70.4196089,
            52.5608662
          ],
          [
            70.4196732,
            52.5603492
          ],
          [
            70.4197089,
            52.5600949
          ],
          [
            70.4197472,
            52.5598318
          ],
          [
            70.4199103,
            52.5588144
          ],
          [
            70.4200791,
            52.5577788
          ],
          [
            70.4207386,
            52.5536648
          ],
          [
            70.421386,
            52.5495558
          ],
          [
            70.4217054,
            52.5474908
          ],
          [
            70.421868,
            52.5464531
          ],
          [
            70.421944,
            52.5459389
          ],
          [
            70.4220454,
            52.5454416
          ],
          [
            70.422147,
            52.5450997
          ],
          [
            70.4222073,
            52.5449246
          ],
          [
            70.4222726,
            52.5447585
          ],
          [
            70.4224197,
            52.5444168
          ],
          [
            70.422583,
            52.5440779
          ],
          [
            70.4229852,
            52.543408
          ],
          [
            70.4233978,
            52.5427517
          ],
          [
            70.4242342,
            52.5414261
          ],
          [
            70.4250966,
            52.5400998
          ],
          [
            70.426456,
            52.5379671
          ],
          [
            70.4278304,
            52.5358362
          ],
          [
            70.4291887,
            52.533699
          ],
          [
            70.4305556,
            52.5315734
          ],
          [
            70.4359254,
            52.5231235
          ],
          [
            70.4380401,
            52.5198655
          ],
          [
            70.4401433,
            52.5165779
          ],
          [
            70.4415865,
            52.5143164
          ],
          [
            70.4430423,
            52.5120456
          ],
          [
            70.4459436,
            52.5074964
          ],
          [
            70.4463686,
            52.5068211
          ],
          [
            70.4468059,
            52.5061456
          ],
          [
            70.4470097,
            52.505811
          ],
          [
            70.4472269,
            52.5054755
          ],
          [
            70.4476951,
            52.5048146
          ],
          [
            70.4486803,
            52.5035067
          ],
          [
            70.448931,
            52.5031753
          ],
          [
            70.4492,
            52.5028323
          ],
          [
            70.4496621,
            52.5021576
          ],
          [
            70.4512768,
            52.4996567
          ],
          [
            70.4529148,
            52.4971442
          ],
          [
            70.456151,
            52.4921053
          ],
          [
            70.4626792,
            52.4820328
          ],
          [
            70.4688954,
            52.4723617
          ],
          [
            70.4710376,
            52.4690548
          ],
          [
            70.4715349,
            52.4682529
          ],
          [
            70.4719762,
            52.4672224
          ],
          [
            70.4721568,
            52.4666102
          ],
          [
            70.4847047,
            52.4241496
          ],
          [
            70.4848366,
            52.4238265
          ],
          [
            70.4850641,
            52.4232665
          ],
          [
            70.4853273,
            52.4227054
          ],
          [
            70.4856736,
            52.4220225
          ],
          [
            70.4861762,
            52.4212062
          ],
          [
            70.5164497,
            52.3763307
          ],
          [
            70.5343166,
            52.3497441
          ],
          [
            70.5417768,
            52.3387055
          ],
          [
            70.5573755,
            52.3195032
          ],
          [
            70.5737331,
            52.2994084
          ],
          [
            70.5777748,
            52.294457
          ],
          [
            70.5800258,
            52.2916955
          ],
          [
            70.5869152,
            52.2831699
          ],
          [
            70.5873019,
            52.2826877
          ],
          [
            70.5879416,
            52.2818903
          ],
          [
            70.5883956,
            52.2813354
          ],
          [
            70.591123,
            52.2780022
          ],
          [
            70.5977367,
            52.2698995
          ],
          [
            70.5980754,
            52.2694817
          ],
          [
            70.5991151,
            52.2681991
          ],
          [
            70.6044618,
            52.2616698
          ],
          [
            70.6371425,
            52.2214071
          ],
          [
            70.648053,
            52.2079981
          ],
          [
            70.6550977,
            52.1992997
          ],
          [
            70.6573245,
            52.196211
          ],
          [
            70.6604068,
            52.1918073
          ],
          [
            70.6626796,
            52.1889417
          ],
          [
            70.6649648,
            52.1861357
          ],
          [
            70.6985744,
            52.1441251
          ],
          [
            70.7015504,
            52.1400284
          ],
          [
            70.7019817,
            52.1394696
          ],
          [
            70.7107594,
            52.1289452
          ],
          [
            70.7117056,
            52.1274399
          ],
          [
            70.7124374,
            52.1257713
          ],
          [
            70.7129339,
            52.1241348
          ],
          [
            70.7131615,
            52.1224661
          ],
          [
            70.7132781,
            52.1203395
          ],
          [
            70.7134304,
            52.1195743
          ],
          [
            70.7137168,
            52.1188141
          ],
          [
            70.7141357,
            52.1179336
          ],
          [
            70.7186367,
            52.1107717
          ],
          [
            70.719034,
            52.11
          ],
          [
            70.7194171,
            52.1091179
          ],
          [
            70.7293813,
            52.0780109
          ],
          [
            70.7299123,
            52.0765488
          ],
          [
            70.7304025,
            52.0754775
          ],
          [
            70.7309528,
            52.0745779
          ],
          [
            70.7320185,
            52.0732221
          ],
          [
            70.7331879,
            52.0721046
          ],
          [
            70.7346579,
            52.0709524
          ],
          [
            70.7363679,
            52.0698631
          ],
          [
            70.7380904,
            52.0690785
          ],
          [
            70.7396641,
            52.0684082
          ],
          [
            70.7417955,
            52.0676465
          ],
          [
            70.7433753,
            52.0672406
          ],
          [
            70.7546486,
            52.0647107
          ],
          [
            70.7565046,
            52.0643909
          ],
          [
            70.7580292,
            52.0641754
          ],
          [
            70.759475,
            52.06403
          ],
          [
            70.7611052,
            52.063916
          ],
          [
            70.7762753,
            52.0632908
          ],
          [
            70.7765149,
            52.063276
          ],
          [
            70.7775494,
            52.0632263
          ],
          [
            70.7784454,
            52.0631409
          ],
          [
            70.779423,
            52.0630141
          ],
          [
            70.7803303,
            52.0628803
          ],
          [
            70.7814366,
            52.0626299
          ],
          [
            70.7824789,
            52.0623377
          ],
          [
            70.7995296,
            52.056464
          ],
          [
            70.801448,
            52.0559037
          ],
          [
            70.8029429,
            52.0556041
          ],
          [
            70.8043298,
            52.0554199
          ],
          [
            70.8057797,
            52.0552939
          ],
          [
            70.80774,
            52.0552932
          ],
          [
            70.8331028,
            52.0564224
          ],
          [
            70.8353788,
            52.0565544
          ],
          [
            70.837717,
            52.0566482
          ],
          [
            70.8391708,
            52.0566329
          ],
          [
            70.8408233,
            52.0565822
          ],
          [
            70.8420957,
            52.0565102
          ],
          [
            70.843794,
            52.0563356
          ],
          [
            70.8450704,
            52.056162
          ],
          [
            70.8466009,
            52.0559154
          ],
          [
            70.8483235,
            52.0555542
          ],
          [
            70.85736,
            52.0534392
          ],
          [
            70.8582467,
            52.0532031
          ],
          [
            70.8592259,
            52.0528722
          ],
          [
            70.8607762,
            52.0522316
          ],
          [
            70.8616918,
            52.0517514
          ],
          [
            70.8626971,
            52.051154
          ],
          [
            70.8911925,
            52.033555
          ],
          [
            70.8926064,
            52.0326308
          ],
          [
            70.8936412,
            52.0318878
          ],
          [
            70.8973498,
            52.029008
          ],
          [
            70.8983069,
            52.028396
          ],
          [
            70.8992861,
            52.0278386
          ],
          [
            70.900192,
            52.0274275
          ],
          [
            70.9013621,
            52.0270601
          ],
          [
            70.9021028,
            52.0268886
          ],
          [
            70.9027574,
            52.0267754
          ],
          [
            70.9035889,
            52.0266793
          ],
          [
            70.9044406,
            52.0266204
          ],
          [
            70.9057106,
            52.0265676
          ],
          [
            70.9065925,
            52.0265025
          ],
          [
            70.9073333,
            52.0264064
          ],
          [
            70.9131842,
            52.0254699
          ],
          [
            70.9158249,
            52.0250327
          ],
          [
            70.9184336,
            52.0247211
          ],
          [
            70.9272224,
            52.0236548
          ],
          [
            70.9289718,
            52.0234321
          ],
          [
            70.9299783,
            52.0233129
          ],
          [
            70.9310896,
            52.0231234
          ],
          [
            70.9316548,
            52.0229788
          ],
          [
            70.9322326,
            52.0228108
          ],
          [
            70.9328486,
            52.0225744
          ],
          [
            70.9334201,
            52.022336
          ],
          [
            70.9339758,
            52.022041
          ],
          [
            70.9345155,
            52.0217147
          ],
          [
            70.9351188,
            52.0213005
          ],
          [
            70.9356173,
            52.0208726
          ],
          [
            70.9360904,
            52.0204154
          ],
          [
            70.9365031,
            52.0199347
          ],
          [
            70.936789,
            52.0194982
          ],
          [
            70.9370619,
            52.0190262
          ],
          [
            70.9371737,
            52.0187912
          ],
          [
            70.9376212,
            52.0179057
          ],
          [
            70.9376594,
            52.0178236
          ],
          [
            70.9379033,
            52.0173445
          ],
          [
            70.9383708,
            52.0164099
          ],
          [
            70.9385467,
            52.0160264
          ],
          [
            70.9386668,
            52.0157431
          ],
          [
            70.9388091,
            52.0153444
          ],
          [
            70.9389671,
            52.0148966
          ],
          [
            70.9391003,
            52.0144843
          ],
          [
            70.9417458,
            52.0057832
          ],
          [
            70.941797,
            52.0056182
          ],
          [
            70.9423282,
            52.0039154
          ],
          [
            70.9425491,
            52.003177
          ],
          [
            70.9428963,
            52.0020348
          ],
          [
            70.9434199,
            52.0002269
          ],
          [
            70.9446075,
            51.9964757
          ],
          [
            70.944762,
            51.9959898
          ],
          [
            70.9449467,
            51.995535
          ],
          [
            70.9463363,
            51.9921393
          ],
          [
            70.9478014,
            51.988559
          ],
          [
            70.9488233,
            51.9861035
          ],
          [
            70.9497946,
            51.9834959
          ],
          [
            70.9513801,
            51.9787032
          ],
          [
            70.9532483,
            51.9729122
          ],
          [
            70.9543723,
            51.9696323
          ],
          [
            70.9584683,
            51.9571013
          ],
          [
            70.962422,
            51.9450449
          ],
          [
            70.9662984,
            51.932868
          ],
          [
            70.9668839,
            51.9311634
          ],
          [
            70.9671766,
            51.9305016
          ],
          [
            70.9680547,
            51.9287117
          ],
          [
            70.9692662,
            51.9262097
          ],
          [
            70.9705184,
            51.9237025
          ],
          [
            70.9720551,
            51.9205584
          ],
          [
            70.9733154,
            51.9179606
          ],
          [
            70.9742424,
            51.9160799
          ],
          [
            70.9748603,
            51.9148361
          ],
          [
            70.977204,
            51.9100422
          ],
          [
            70.9865607,
            51.890856
          ],
          [
            70.9870242,
            51.8898122
          ],
          [
            70.9872844,
            51.8887885
          ],
          [
            70.9873088,
            51.8877397
          ],
          [
            70.9872275,
            51.8868514
          ],
          [
            70.9870506,
            51.8860645
          ],
          [
            70.9864164,
            51.8847496
          ],
          [
            70.9857984,
            51.8839165
          ],
          [
            70.9848959,
            51.8829579
          ],
          [
            70.9834404,
            51.8818185
          ],
          [
            70.9820988,
            51.8808398
          ],
          [
            70.9806109,
            51.8797556
          ],
          [
            70.9782692,
            51.8780842
          ],
          [
            70.976399,
            51.8767138
          ],
          [
            70.9755859,
            51.8760813
          ],
          [
            70.9747891,
            51.8753585
          ],
          [
            70.9741978,
            51.874604
          ],
          [
            70.9736752,
            51.8737973
          ],
          [
            70.9733966,
            51.8733224
          ],
          [
            70.9731711,
            51.8727029
          ],
          [
            70.97299,
            51.8721528
          ],
          [
            70.9728865,
            51.8713474
          ],
          [
            70.9728355,
            51.8707872
          ],
          [
            70.9728599,
            51.8703455
          ],
          [
            70.9729982,
            51.8694418
          ],
          [
            70.9732096,
            51.8682419
          ],
          [
            70.9737218,
            51.8655055
          ],
          [
            70.9738926,
            51.864426
          ],
          [
            70.9744455,
            51.8614484
          ],
          [
            70.9746162,
            51.8603638
          ],
          [
            70.9747951,
            51.8594348
          ],
          [
            70.9748927,
            51.859018
          ],
          [
            70.9753664,
            51.8563594
          ],
          [
            70.9757973,
            51.8540442
          ],
          [
            70.9760657,
            51.8524723
          ],
          [
            70.9762771,
            51.8513924
          ],
          [
            70.9765129,
            51.8501117
          ],
          [
            70.9767487,
            51.8487505
          ],
          [
            70.9771552,
            51.8464802
          ],
          [
            70.9774235,
            51.8450285
          ],
          [
            70.9778463,
            51.842557
          ],
          [
            70.9780393,
            51.8415393
          ],
          [
            70.9781288,
            51.8411022
          ],
          [
            70.9782751,
            51.8402884
          ],
          [
            70.9785272,
            51.8388867
          ],
          [
            70.9787061,
            51.8377664
          ],
          [
            70.9789337,
            51.8366008
          ],
          [
            70.9791066,
            51.8355939
          ],
          [
            70.9794075,
            51.8326244
          ],
          [
            70.9797896,
            51.8293382
          ],
          [
            70.979956,
            51.8275022
          ],
          [
            70.9801149,
            51.8260116
          ],
          [
            70.9803263,
            51.8238456
          ],
          [
            70.9806065,
            51.8212957
          ],
          [
            70.9808992,
            51.818456
          ],
          [
            70.9812651,
            51.8145857
          ],
          [
            70.981387,
            51.8130525
          ],
          [
            70.9816679,
            51.8096612
          ],
          [
            70.9819199,
            51.8070017
          ],
          [
            70.9821801,
            51.8043321
          ],
          [
            70.9824322,
            51.8016019
          ],
          [
            70.9828062,
            51.7979464
          ],
          [
            70.9830989,
            51.7970815
          ],
          [
            70.9835055,
            51.7963523
          ],
          [
            70.9842617,
            51.7955326
          ],
          [
            70.985091,
            51.7949141
          ],
          [
            70.9858634,
            51.7944213
          ],
          [
            70.9866765,
            51.7940542
          ],
          [
            70.987514,
            51.7937474
          ],
          [
            70.9884298,
            51.7935247
          ],
          [
            70.989254,
            51.7933401
          ],
          [
            70.9900834,
            51.7932345
          ],
          [
            70.9912461,
            51.7931741
          ],
          [
            70.9972061,
            51.7933753
          ],
          [
            71.0024831,
            51.7935563
          ],
          [
            71.004796,
            51.7935595
          ],
          [
            71.0060607,
            51.7934256
          ],
          [
            71.0069388,
            51.7932646
          ],
          [
            71.0080934,
            51.7929579
          ],
          [
            71.0096339,
            51.7922972
          ],
          [
            71.0100405,
            51.7920507
          ],
          [
            71.0105815,
            51.7917006
          ],
          [
            71.0113052,
            51.7911071
          ],
          [
            71.0119394,
            51.7903879
          ],
          [
            71.0123296,
            51.7896738
          ],
          [
            71.0125397,
            51.7890414
          ],
          [
            71.0142245,
            51.7825953
          ],
          [
            71.0146639,
            51.7808246
          ],
          [
            71.0149758,
            51.7796255
          ],
          [
            71.0153336,
            51.7782236
          ],
          [
            71.0156078,
            51.7770784
          ],
          [
            71.0159818,
            51.7754097
          ],
          [
            71.0161899,
            51.7745664
          ],
          [
            71.0163367,
            51.7738293
          ],
          [
            71.016496,
            51.7732539
          ],
          [
            71.0166682,
            51.7725719
          ],
          [
            71.0173439,
            51.7701641
          ],
          [
            71.0179738,
            51.7681438
          ],
          [
            71.0180574,
            51.7675653
          ],
          [
            71.0180383,
            51.7665041
          ],
          [
            71.0174228,
            51.7625576
          ],
          [
            71.0170436,
            51.7606348
          ],
          [
            71.016634,
            51.7583467
          ],
          [
            71.0164553,
            51.7572898
          ],
          [
            71.0163386,
            51.7564627
          ],
          [
            71.0162898,
            51.7556407
          ],
          [
            71.0162871,
            51.7546122
          ],
          [
            71.0164551,
            51.7532245
          ],
          [
            71.0167208,
            51.7521457
          ],
          [
            71.0169888,
            51.7512952
          ],
          [
            71.017306,
            51.7505099
          ],
          [
            71.0175256,
            51.7499848
          ],
          [
            71.018446,
            51.7478548
          ],
          [
            71.0191492,
            51.7462042
          ],
          [
            71.0194499,
            51.7455011
          ],
          [
            71.0198727,
            51.744484
          ],
          [
            71.020262,
            51.7435895
          ],
          [
            71.0215404,
            51.7405467
          ],
          [
            71.0218182,
            51.7396522
          ],
          [
            71.0218965,
            51.7389529
          ],
          [
            71.0219244,
            51.7384574
          ],
          [
            71.0218568,
            51.7376835
          ],
          [
            71.0215748,
            51.7365456
          ],
          [
            71.0213743,
            51.7361057
          ],
          [
            71.0210842,
            51.7354763
          ],
          [
            71.0206961,
            51.7348537
          ],
          [
            71.020314,
            51.7343551
          ],
          [
            71.0196879,
            51.7336602
          ],
          [
            71.0188012,
            51.732892
          ],
          [
            71.0180073,
            51.7323077
          ],
          [
            71.0170413,
            51.7317583
          ],
          [
            71.0159639,
            51.7312028
          ],
          [
            71.015308,
            51.7309252
          ],
          [
            71.0130664,
            51.7300748
          ],
          [
            71.0111701,
            51.7292593
          ],
          [
            71.0102828,
            51.7287502
          ],
          [
            71.009492,
            51.7281827
          ],
          [
            71.0087757,
            51.727595
          ],
          [
            71.008451,
            51.7272293
          ],
          [
            71.0074427,
            51.7261817
          ],
          [
            71.0063808,
            51.7251215
          ],
          [
            71.0053886,
            51.7240613
          ],
          [
            71.0046815,
            51.7232353
          ],
          [
            71.0044156,
            51.7228676
          ],
          [
            71.0041365,
            51.722364
          ],
          [
            71.0038873,
            51.7219022
          ],
          [
            71.0037163,
            51.7214305
          ],
          [
            71.003375,
            51.7204919
          ],
          [
            71.0017948,
            51.7158575
          ],
          [
            71.0009817,
            51.7134949
          ],
          [
            71.0006046,
            51.7123293
          ],
          [
            71.0001779,
            51.7111538
          ],
          [
            70.9996465,
            51.7096396
          ],
          [
            70.9995409,
            51.7093531
          ],
          [
            70.9993052,
            51.7086499
          ],
          [
            70.9989183,
            51.7075105
          ],
          [
            70.9986952,
            51.706895
          ],
          [
            70.9986352,
            51.7067307
          ],
          [
            70.9984413,
            51.7062069
          ],
          [
            70.9979872,
            51.7048254
          ],
          [
            70.9978057,
            51.7042914
          ],
          [
            70.997691,
            51.703905
          ],
          [
            70.9975952,
            51.7033439
          ],
          [
            70.9975472,
            51.7029646
          ],
          [
            70.9975348,
            51.7026915
          ],
          [
            70.9975402,
            51.7024155
          ],
          [
            70.9975657,
            51.7021296
          ],
          [
            70.9976006,
            51.7017692
          ],
          [
            70.9976703,
            51.7013624
          ],
          [
            70.9977313,
            51.7011015
          ],
          [
            70.9978064,
            51.7008508
          ],
          [
            70.9979251,
            51.7005238
          ],
          [
            70.998137,
            51.6999977
          ],
          [
            70.9983154,
            51.6996473
          ],
          [
            70.9985477,
            51.6992461
          ],
          [
            70.999006,
            51.6985156
          ],
          [
            70.9993654,
            51.6979271
          ],
          [
            70.9995867,
            51.6975772
          ],
          [
            70.9998335,
            51.6972223
          ],
          [
            71.0001992,
            51.6967623
          ],
          [
            71.0007354,
            51.6961145
          ],
          [
            71.0012653,
            51.6954704
          ],
          [
            71.0015197,
            51.69516
          ],
          [
            71.0016064,
            51.6950542
          ],
          [
            71.0022113,
            51.6943087
          ],
          [
            71.0024473,
            51.6940119
          ],
          [
            71.0029018,
            51.6934406
          ],
          [
            71.003113,
            51.6932029
          ],
          [
            71.0033452,
            51.6929619
          ],
          [
            71.0036573,
            51.6926564
          ],
          [
            71.0042482,
            51.6921771
          ],
          [
            71.004687,
            51.6918746
          ],
          [
            71.0049672,
            51.6916884
          ],
          [
            71.0053672,
            51.6914489
          ],
          [
            71.0057293,
            51.6912557
          ],
          [
            71.0061462,
            51.691057
          ],
          [
            71.0066141,
            51.6908528
          ],
          [
            71.0073578,
            51.6905712
          ],
          [
            71.0097807,
            51.689852
          ],
          [
            71.0144885,
            51.6884507
          ],
          [
            71.0191232,
            51.6870998
          ],
          [
            71.0202778,
            51.6867721
          ],
          [
            71.0213836,
            51.6864192
          ],
          [
            71.021969,
            51.6862025
          ],
          [
            71.0224812,
            51.6859958
          ],
          [
            71.0229935,
            51.6857438
          ],
          [
            71.0234488,
            51.6855169
          ],
          [
            71.023831,
            51.6853002
          ],
          [
            71.0242294,
            51.6850683
          ],
          [
            71.0250018,
            51.6844885
          ],
          [
            71.0253164,
            51.6842113
          ],
          [
            71.0256282,
            51.6838988
          ],
          [
            71.0261837,
            51.6832686
          ],
          [
            71.0264332,
            51.6828938
          ],
          [
            71.0266446,
            51.6825611
          ],
          [
            71.0268372,
            51.6821897
          ],
          [
            71.0270078,
            51.6818117
          ],
          [
            71.027108,
            51.6815243
          ],
          [
            71.0272275,
            51.6811075
          ],
          [
            71.0273035,
            51.680395
          ],
          [
            71.0272791,
            51.679437
          ],
          [
            71.0272708,
            51.6792869
          ],
          [
            71.0272355,
            51.6787279
          ],
          [
            71.0271978,
            51.6778086
          ],
          [
            71.0272085,
            51.677017
          ],
          [
            71.0272927,
            51.6762909
          ],
          [
            71.0274368,
            51.6754943
          ],
          [
            71.0276509,
            51.674854
          ],
          [
            71.0279676,
            51.6741816
          ],
          [
            71.0286585,
            51.6729212
          ],
          [
            71.0295374,
            51.6713433
          ],
          [
            71.0297963,
            51.6708825
          ],
          [
            71.0304154,
            51.6698047
          ],
          [
            71.0643684,
            51.6078521
          ],
          [
            71.0648297,
            51.6071464
          ],
          [
            71.0653957,
            51.6064152
          ],
          [
            71.066143,
            51.605558
          ],
          [
            71.0710852,
            51.6002805
          ],
          [
            71.0715453,
            51.5998218
          ],
          [
            71.0721285,
            51.5993114
          ],
          [
            71.0726943,
            51.5988806
          ],
          [
            71.0733553,
            51.5984495
          ],
          [
            71.0740437,
            51.5980465
          ],
          [
            71.0748052,
            51.5976617
          ],
          [
            71.075619,
            51.5972999
          ],
          [
            71.0764327,
            51.5969962
          ],
          [
            71.0851312,
            51.5940542
          ],
          [
            71.0860497,
            51.5936735
          ],
          [
            71.0868118,
            51.5933083
          ],
          [
            71.0875742,
            51.5928891
          ],
          [
            71.0884045,
            51.5923834
          ],
          [
            71.0891929,
            51.5918955
          ],
          [
            71.0972529,
            51.5869204
          ],
          [
            71.0978951,
            51.5864926
          ],
          [
            71.0984249,
            51.5860756
          ],
          [
            71.0989967,
            51.5855679
          ],
          [
            71.099606,
            51.5849223
          ],
          [
            71.1000748,
            51.5843397
          ],
          [
            71.1004576,
            51.5837645
          ],
          [
            71.1006998,
            51.5833082
          ],
          [
            71.1008781,
            51.5828784
          ],
          [
            71.1012347,
            51.5817781
          ],
          [
            71.1013567,
            51.5808223
          ],
          [
            71.1013181,
            51.5799401
          ],
          [
            71.1011468,
            51.5790372
          ],
          [
            71.1008054,
            51.5781825
          ],
          [
            71.1005833,
            51.5777052
          ],
          [
            71.1002574,
            51.5771834
          ],
          [
            71.0996483,
            51.576374
          ],
          [
            71.085577,
            51.558294
          ],
          [
            71.0849243,
            51.5574671
          ],
          [
            71.084559,
            51.556968
          ],
          [
            71.0842458,
            51.5564155
          ],
          [
            71.0839775,
            51.5558179
          ],
          [
            71.0832061,
            51.5531959
          ],
          [
            71.0829746,
            51.5522901
          ],
          [
            71.0828434,
            51.5511334
          ],
          [
            71.0828158,
            51.5501132
          ],
          [
            71.0829405,
            51.5489885
          ],
          [
            71.0831615,
            51.5478823
          ],
          [
            71.083327,
            51.5472696
          ],
          [
            71.083504,
            51.546783
          ],
          [
            71.0836825,
            51.5463031
          ],
          [
            71.0839424,
            51.5456713
          ],
          [
            71.1005002,
            51.5112561
          ],
          [
            71.1007594,
            51.5107422
          ],
          [
            71.1010286,
            51.5102697
          ],
          [
            71.1016205,
            51.5094966
          ],
          [
            71.1021332,
            51.5089621
          ],
          [
            71.1028443,
            51.5083246
          ],
          [
            71.1039329,
            51.5074495
          ],
          [
            71.1046479,
            51.5069369
          ],
          [
            71.105516,
            51.5063922
          ],
          [
            71.1062467,
            51.5060118
          ],
          [
            71.1069244,
            51.5057005
          ],
          [
            71.1190549,
            51.5004283
          ],
          [
            71.1206153,
            51.4997455
          ],
          [
            71.1221553,
            51.4990694
          ],
          [
            71.1247714,
            51.498115
          ],
          [
            71.1257573,
            51.4978656
          ],
          [
            71.1269096,
            51.4976316
          ],
          [
            71.1281625,
            51.4974405
          ],
          [
            71.129738,
            51.4973554
          ],
          [
            71.1311307,
            51.4973516
          ],
          [
            71.1328006,
            51.4974475
          ],
          [
            71.1392348,
            51.4982144
          ],
          [
            71.1462966,
            51.4990706
          ],
          [
            71.148647,
            51.499361
          ],
          [
            71.1504188,
            51.4995396
          ],
          [
            71.15181,
            51.499624
          ],
          [
            71.1531352,
            51.4996444
          ],
          [
            71.1538184,
            51.4996309
          ],
          [
            71.1552983,
            51.4995827
          ],
          [
            71.1564225,
            51.4994859
          ],
          [
            71.1578585,
            51.4993101
          ],
          [
            71.1593495,
            51.4990656
          ],
          [
            71.1602816,
            51.498876
          ],
          [
            71.1612136,
            51.4986463
          ],
          [
            71.1621184,
            51.4983831
          ],
          [
            71.1630285,
            51.4980832
          ],
          [
            71.1640873,
            51.49766
          ],
          [
            71.1648858,
            51.4973088
          ],
          [
            71.1659486,
            51.4967977
          ],
          [
            71.1671308,
            51.4960952
          ],
          [
            71.1681536,
            51.4953611
          ],
          [
            71.1687642,
            51.4948421
          ],
          [
            71.1691412,
            51.4944792
          ],
          [
            71.1694673,
            51.4941363
          ],
          [
            71.170105,
            51.4933842
          ],
          [
            71.1703835,
            51.4930181
          ],
          [
            71.1711193,
            51.4920143
          ],
          [
            71.1721147,
            51.4906376
          ],
          [
            71.173425,
            51.4888303
          ],
          [
            71.1748274,
            51.4869258
          ],
          [
            71.1759085,
            51.4854695
          ],
          [
            71.1781012,
            51.4823919
          ],
          [
            71.1799632,
            51.4798338
          ],
          [
            71.1805707,
            51.4789852
          ],
          [
            71.1811471,
            51.4781827
          ],
          [
            71.1817193,
            51.4774142
          ],
          [
            71.1824557,
            51.4764001
          ],
          [
            71.1830673,
            51.4755547
          ],
          [
            71.1836652,
            51.4747294
          ],
          [
            71.1842849,
            51.4738829
          ],
          [
            71.1849773,
            51.4729321
          ],
          [
            71.1853636,
            51.4724074
          ],
          [
            71.1858531,
            51.4717418
          ],
          [
            71.1863373,
            51.4710358
          ],
          [
            71.1866967,
            51.470451
          ],
          [
            71.1869743,
            51.4699648
          ],
          [
            71.1871902,
            51.4695288
          ],
          [
            71.1873636,
            51.4691635
          ],
          [
            71.1875156,
            51.4688351
          ],
          [
            71.1877676,
            51.468161
          ],
          [
            71.1879428,
            51.4675774
          ],
          [
            71.1881892,
            51.4663934
          ],
          [
            71.1892607,
            51.4611147
          ],
          [
            71.1893401,
            51.4606854
          ],
          [
            71.1895071,
            51.4604546
          ],
          [
            71.1895789,
            51.4601158
          ],
          [
            71.1897469,
            51.4594169
          ],
          [
            71.189891,
            51.4588327
          ],
          [
            71.1902882,
            51.4567107
          ],
          [
            71.1907112,
            51.4546284
          ],
          [
            71.1911717,
            51.4525445
          ],
          [
            71.1917826,
            51.4494065
          ],
          [
            71.19194,
            51.4486874
          ],
          [
            71.1921654,
            51.4476644
          ],
          [
            71.1923263,
            51.4470592
          ],
          [
            71.1924614,
            51.4466475
          ],
          [
            71.192617,
            51.4462183
          ],
          [
            71.193128,
            51.4448795
          ],
          [
            71.1934439,
            51.444102
          ],
          [
            71.1937585,
            51.4434822
          ],
          [
            71.19411,
            51.4429506
          ],
          [
            71.1944281,
            51.4424995
          ],
          [
            71.1950492,
            51.4419154
          ],
          [
            71.1955472,
            51.4415316
          ],
          [
            71.202161,
            51.4368685
          ],
          [
            71.204119,
            51.4354848
          ],
          [
            71.2070888,
            51.4333897
          ],
          [
            71.2093515,
            51.431793
          ],
          [
            71.2186385,
            51.4252266
          ],
          [
            71.2240074,
            51.4214375
          ],
          [
            71.231076,
            51.4164352
          ],
          [
            71.2323711,
            51.4155223
          ],
          [
            71.2349288,
            51.4137184
          ],
          [
            71.2357275,
            51.4131425
          ],
          [
            71.2363,
            51.4127003
          ],
          [
            71.2366957,
            51.4123708
          ],
          [
            71.2372112,
            51.4119266
          ],
          [
            71.2377461,
            51.411433
          ],
          [
            71.2389569,
            51.4102601
          ],
          [
            71.2401893,
            51.4090579
          ],
          [
            71.2411453,
            51.4081303
          ],
          [
            71.2432777,
            51.4060796
          ],
          [
            71.2487317,
            51.4007815
          ],
          [
            71.2524804,
            51.3971364
          ],
          [
            71.2538151,
            51.3958534
          ],
          [
            71.254351,
            51.3953316
          ],
          [
            71.2549767,
            51.3946979
          ],
          [
            71.2553634,
            51.3942709
          ],
          [
            71.2556433,
            51.3939455
          ],
          [
            71.255984,
            51.3935222
          ],
          [
            71.2562892,
            51.393134
          ],
          [
            71.256578,
            51.3927347
          ],
          [
            71.2569302,
            51.3922145
          ],
          [
            71.2591323,
            51.3889002
          ],
          [
            71.2640788,
            51.3815011
          ],
          [
            71.2665957,
            51.3777293
          ],
          [
            71.2688825,
            51.3743088
          ],
          [
            71.2742256,
            51.36629
          ],
          [
            71.2783064,
            51.3601715
          ],
          [
            71.2907544,
            51.3414802
          ],
          [
            71.2954638,
            51.3343729
          ],
          [
            71.2989688,
            51.3290774
          ],
          [
            71.30008,
            51.3274081
          ],
          [
            71.3031944,
            51.3226996
          ],
          [
            71.3047106,
            51.3204249
          ],
          [
            71.3062515,
            51.3181013
          ],
          [
            71.3073189,
            51.3164806
          ],
          [
            71.3107387,
            51.3113122
          ],
          [
            71.3124062,
            51.3087921
          ],
          [
            71.3136652,
            51.3068721
          ],
          [
            71.3155719,
            51.3039856
          ],
          [
            71.3168902,
            51.3019699
          ],
          [
            71.3177035,
            51.3007239
          ],
          [
            71.3185502,
            51.2994529
          ],
          [
            71.3193985,
            51.2981551
          ],
          [
            71.3201874,
            51.2969815
          ],
          [
            71.3208417,
            51.295985
          ],
          [
            71.3213452,
            51.2952183
          ],
          [
            71.3223015,
            51.293758
          ],
          [
            71.3248092,
            51.2900823
          ],
          [
            71.3260916,
            51.2881307
          ],
          [
            71.3272554,
            51.2863667
          ],
          [
            71.3284579,
            51.2845235
          ],
          [
            71.3295486,
            51.2828693
          ],
          [
            71.3305725,
            51.2813147
          ],
          [
            71.3319473,
            51.2792202
          ],
          [
            71.335897,
            51.2732215
          ],
          [
            71.3374035,
            51.2709168
          ],
          [
            71.3393124,
            51.2680271
          ],
          [
            71.3409918,
            51.2654451
          ],
          [
            71.3426499,
            51.2628999
          ],
          [
            71.345062,
            51.2592374
          ],
          [
            71.3464079,
            51.2571983
          ],
          [
            71.3478159,
            51.2550596
          ],
          [
            71.3492176,
            51.2529164
          ],
          [
            71.3498428,
            51.2519321
          ],
          [
            71.3501024,
            51.251483
          ],
          [
            71.351662,
            51.2491588
          ],
          [
            71.3546356,
            51.2445369
          ],
          [
            71.3549803,
            51.244034
          ],
          [
            71.3553637,
            51.2434247
          ],
          [
            71.3558392,
            51.2426963
          ],
          [
            71.3564213,
            51.2418489
          ],
          [
            71.3567804,
            51.2413028
          ],
          [
            71.3624861,
            51.2325321
          ],
          [
            71.3634018,
            51.2311093
          ],
          [
            71.3637345,
            51.2306277
          ],
          [
            71.363878,
            51.2304014
          ],
          [
            71.3642223,
            51.2297344
          ],
          [
            71.3644491,
            51.2292274
          ],
          [
            71.3647446,
            51.228537
          ],
          [
            71.3649625,
            51.2278467
          ],
          [
            71.3650282,
            51.2272854
          ],
          [
            71.3650314,
            51.2262885
          ],
          [
            71.3649231,
            51.2255886
          ],
          [
            71.3646162,
            51.2245543
          ],
          [
            71.3641192,
            51.2234465
          ],
          [
            71.3633923,
            51.221978
          ],
          [
            71.3630672,
            51.2211337
          ],
          [
            71.3629429,
            51.2205247
          ],
          [
            71.3628711,
            51.219894
          ],
          [
            71.3629265,
            51.2187103
          ],
          [
            71.363079,
            51.2169999
          ],
          [
            71.3631162,
            51.2167169
          ],
          [
            71.3632574,
            51.2154769
          ],
          [
            71.3634533,
            51.2145789
          ],
          [
            71.3638207,
            51.2137022
          ],
          [
            71.3640942,
            51.213247
          ],
          [
            71.3644119,
            51.2127994
          ],
          [
            71.3647351,
            51.2123666
          ],
          [
            71.3651315,
            51.2119518
          ],
          [
            71.3655497,
            51.2115755
          ],
          [
            71.3660335,
            51.2112156
          ],
          [
            71.3665258,
            51.2108596
          ],
          [
            71.3670802,
            51.2105373
          ],
          [
            71.3693937,
            51.2094157
          ],
          [
            71.3717786,
            51.2083194
          ],
          [
            71.3739975,
            51.2074247
          ],
          [
            71.3752029,
            51.2069841
          ],
          [
            71.375624,
            51.2068302
          ],
          [
            71.3764219,
            51.206568
          ],
          [
            71.3774066,
            51.2061993
          ],
          [
            71.3775807,
            51.2061465
          ],
          [
            71.3786548,
            51.2058038
          ],
          [
            71.3787625,
            51.2057706
          ],
          [
            71.3788903,
            51.2057337
          ],
          [
            71.3793623,
            51.2055811
          ],
          [
            71.3814192,
            51.2049236
          ],
          [
            71.3943423,
            51.2008292
          ],
          [
            71.3950067,
            51.2006209
          ],
          [
            71.3963259,
            51.2001983
          ],
          [
            71.3970916,
            51.1999548
          ],
          [
            71.397374,
            51.1998698
          ],
          [
            71.3984343,
            51.1995313
          ],
          [
            71.3985096,
            51.1995073
          ],
          [
            71.3995302,
            51.1991844
          ],
          [
            71.400301,
            51.1989417
          ],
          [
            71.4027076,
            51.1981846
          ],
          [
            71.4035231,
            51.1979266
          ],
          [
            71.4040535,
            51.1977608
          ],
          [
            71.4048937,
            51.1974938
          ],
          [
            71.4052209,
            51.1973842
          ],
          [
            71.4054492,
            51.1973077
          ],
          [
            71.4069684,
            51.1967878
          ],
          [
            71.4078981,
            51.1964778
          ],
          [
            71.4099388,
            51.1958327
          ],
          [
            71.4121935,
            51.1951182
          ],
          [
            71.4130734,
            51.1948474
          ],
          [
            71.4140591,
            51.1945583
          ],
          [
            71.415073,
            51.1942734
          ],
          [
            71.4159815,
            51.1939816
          ],
          [
            71.4161804,
            51.1939174
          ],
          [
            71.4227212,
            51.1918502
          ],
          [
            71.4247304,
            51.1912083
          ],
          [
            71.4264322,
            51.1906737
          ],
          [
            71.4274489,
            51.1903739
          ],
          [
            71.4280094,
            51.1901703
          ],
          [
            71.4285055,
            51.1899853
          ],
          [
            71.4288957,
            51.1898524
          ],
          [
            71.438486,
            51.1868017
          ],
          [
            71.4415857,
            51.1858081
          ],
          [
            71.4453417,
            51.1845736
          ],
          [
            71.4488048,
            51.1835114
          ],
          [
            71.4510302,
            51.1828078
          ],
          [
            71.4511772,
            51.1827608
          ],
          [
            71.4533948,
            51.1820295
          ],
          [
            71.4635997,
            51.1787912
          ],
          [
            71.4641057,
            51.1786062
          ],
          [
            71.4706328,
            51.1761763
          ],
          [
            71.4824007,
            51.17173
          ],
          [
            71.4863391,
            51.1701184
          ],
          [
            71.4870917,
            51.1698339
          ],
          [
            71.4895936,
            51.1688978
          ],
          [
            71.4962473,
            51.166384
          ],
          [
            71.5155858,
            51.1590519
          ],
          [
            71.5308693,
            51.1532565
          ],
          [
            71.5322142,
            51.1527481
          ],
          [
            71.5332993,
            51.1523379
          ],
          [
            71.5345654,
            51.1517642
          ],
          [
            71.5353808,
            51.1513403
          ],
          [
            71.5361264,
            51.150923
          ],
          [
            71.5368721,
            51.1504014
          ],
          [
            71.5374407,
            51.1498664
          ],
          [
            71.5379933,
            51.1492018
          ],
          [
            71.5382637,
            51.1487478
          ],
          [
            71.5382749,
            51.148729
          ],
          [
            71.5385082,
            51.1481973
          ],
          [
            71.5386531,
            51.1477094
          ],
          [
            71.5386906,
            51.1472197
          ],
          [
            71.5386611,
            51.1467267
          ],
          [
            71.5385941,
            51.1462489
          ],
          [
            71.5384358,
            51.1457743
          ],
          [
            71.5382293,
            51.1453335
          ],
          [
            71.5379181,
            51.144859
          ],
          [
            71.537556,
            51.1444349
          ],
          [
            71.5367031,
            51.1435532
          ],
          [
            71.536231,
            51.1430248
          ],
          [
            71.5359735,
            51.1426748
          ],
          [
            71.5356839,
            51.1422002
          ],
          [
            71.5354881,
            51.1418031
          ],
          [
            71.5346941,
            51.140132
          ],
          [
            71.5337458,
            51.138112
          ],
          [
            71.533404,
            51.1373838
          ],
          [
            71.5328756,
            51.1362899
          ],
          [
            71.5321434,
            51.1346994
          ],
          [
            71.531269,
            51.1328245
          ],
          [
            71.5306038,
            51.1314173
          ],
          [
            71.5303999,
            51.130904
          ],
          [
            71.530239,
            51.1303552
          ],
          [
            71.5301424,
            51.1297358
          ],
          [
            71.5301076,
            51.1290389
          ],
          [
            71.5301961,
            51.1284094
          ],
          [
            71.5303543,
            51.127827
          ],
          [
            71.5305501,
            51.1273136
          ],
          [
            71.5313226,
            51.1257396
          ],
          [
            71.5332431,
            51.1216572
          ],
          [
            71.533573,
            51.1209518
          ],
          [
            71.5337956,
            51.1203979
          ],
          [
            71.5339458,
            51.1197497
          ],
          [
            71.534029,
            51.1190342
          ],
          [
            71.5340022,
            51.1184854
          ],
          [
            71.5339136,
            51.1179819
          ],
          [
            71.533758,
            51.1174533
          ],
          [
            71.5336025,
            51.1170677
          ],
          [
            71.5334067,
            51.1167056
          ],
          [
            71.5330218,
            51.1159892
          ],
          [
            71.5327737,
            51.1155363
          ],
          [
            71.5326463,
            51.1152804
          ],
          [
            71.5325916,
            51.1151366
          ],
          [
            71.5315813,
            51.1124824
          ]
        ]
      }
    },
    {
      "type": "Feature",
      "id": "way/1019395498",
      "properties": {
        "role": "mapped_railway",
        "osm_way_id": "1019395498",
        "electrified": "contact_line",
        "frequency": "50",
        "gauge": "1520",
        "railway": "rail",
        "service": "siding",
        "voltage": "25000"
      },
      "geometry": {
        "type": "LineString",
        "coordinates": [
          [
            69.415715,
            53.2931
          ],
          [
            69.4150583,
            53.2934586
          ],
          [
            69.4145353,
            53.293756
          ],
          [
            69.4140244,
            53.2940735
          ],
          [
            69.4134289,
            53.2944807
          ],
          [
            69.4128308,
            53.2949239
          ],
          [
            69.4122313,
            53.295477
          ]
        ]
      }
    },
    {
      "type": "Feature",
      "id": "way/1019395501",
      "properties": {
        "role": "mapped_railway",
        "osm_way_id": "1019395501",
        "electrified": "no",
        "gauge": "1520",
        "railway": "rail",
        "service": "yard"
      },
      "geometry": {
        "type": "LineString",
        "coordinates": [
          [
            69.4150583,
            53.2934586
          ],
          [
            69.4145648,
            53.2937833
          ],
          [
            69.413272,
            53.2946674
          ],
          [
            69.4128884,
            53.2949656
          ],
          [
            69.4118866,
            53.2959267
          ],
          [
            69.4114185,
            53.2964012
          ],
          [
            69.411314,
            53.2965326
          ],
          [
            69.4111142,
            53.2968669
          ],
          [
            69.4110136,
            53.2971178
          ],
          [
            69.4109599,
            53.2973069
          ],
          [
            69.4109076,
            53.2975843
          ],
          [
            69.4108526,
            53.29786
          ],
          [
            69.4107909,
            53.2980339
          ],
          [
            69.4107178,
            53.2981618
          ],
          [
            69.4105777,
            53.2983602
          ],
          [
            69.4105026,
            53.298462
          ],
          [
            69.4101821,
            53.2988867
          ],
          [
            69.4099702,
            53.2991063
          ],
          [
            69.4095504,
            53.2995536
          ],
          [
            69.4093787,
            53.2997548
          ],
          [
            69.4089147,
            53.3003535
          ]
        ]
      }
    },
    {
      "type": "Feature",
      "id": "way/1019395508",
      "properties": {
        "role": "mapped_railway",
        "osm_way_id": "1019395508",
        "electrified": "contact_line",
        "frequency": "50",
        "gauge": "1520",
        "railway": "rail",
        "service": "siding",
        "voltage": "25000"
      },
      "geometry": {
        "type": "LineString",
        "coordinates": [
          [
            69.416435,
            53.2926635
          ],
          [
            69.4159381,
            53.2929151
          ],
          [
            69.4144964,
            53.2937239
          ],
          [
            69.4139761,
            53.2940454
          ],
          [
            69.4133914,
            53.2944414
          ],
          [
            69.412749,
            53.2949031
          ],
          [
            69.4125504,
            53.2950747
          ],
          [
            69.4121991,
            53.2953584
          ],
          [
            69.4119202,
            53.2955949
          ],
          [
            69.4116962,
            53.2958105
          ],
          [
            69.4114172,
            53.296091
          ],
          [
            69.4111745,
            53.2963443
          ],
          [
            69.41072,
            53.2968917
          ],
          [
            69.4097824,
            53.298102
          ],
          [
            69.4092769,
            53.2987617
          ],
          [
            69.4089536,
            53.2991833
          ],
          [
            69.4082388,
            53.3001274
          ],
          [
            69.4077064,
            53.3009096
          ]
        ]
      }
    },
    {
      "type": "Feature",
      "id": "way/1019395509",
      "properties": {
        "role": "mapped_railway",
        "osm_way_id": "1019395509",
        "electrified": "contact_line",
        "frequency": "50",
        "gauge": "1520",
        "railway": "rail",
        "service": "crossover",
        "voltage": "25000"
      },
      "geometry": {
        "type": "LineString",
        "coordinates": [
          [
            69.4141283,
            53.2937612
          ],
          [
            69.4145769,
            53.2935476
          ],
          [
            69.4152186,
            53.2932413
          ]
        ]
      }
    },
    {
      "type": "Feature",
      "id": "way/1019395526",
      "properties": {
        "role": "mapped_railway",
        "osm_way_id": "1019395526",
        "electrified": "no",
        "gauge": "1520",
        "railway": "rail",
        "service": "spur"
      },
      "geometry": {
        "type": "LineString",
        "coordinates": [
          [
            69.4173435,
            53.2918418
          ],
          [
            69.4178626,
            53.2915131
          ],
          [
            69.4204657,
            53.290087
          ]
        ]
      }
    },
    {
      "type": "Feature",
      "id": "way/1019395527",
      "properties": {
        "role": "mapped_railway",
        "osm_way_id": "1019395527",
        "electrified": "no",
        "gauge": "1520",
        "railway": "rail",
        "service": "spur"
      },
      "geometry": {
        "type": "LineString",
        "coordinates": [
          [
            69.4189878,
            53.2905038
          ],
          [
            69.4191675,
            53.2903812
          ],
          [
            69.4196154,
            53.290002
          ]
        ]
      }
    },
    {
      "type": "Feature",
      "id": "way/1019395528",
      "properties": {
        "role": "mapped_railway",
        "osm_way_id": "1019395528",
        "electrified": "no",
        "gauge": "1520",
        "railway": "rail",
        "service": "spur"
      },
      "geometry": {
        "type": "LineString",
        "coordinates": [
          [
            69.41683,
            53.2922001
          ],
          [
            69.4173435,
            53.2918418
          ],
          [
            69.4177741,
            53.2914923
          ],
          [
            69.4179511,
            53.2912766
          ],
          [
            69.4181737,
            53.2910546
          ],
          [
            69.4183829,
            53.290871
          ],
          [
            69.4185667,
            53.2907355
          ],
          [
            69.4187826,
            53.2906113
          ],
          [
            69.4189878,
            53.2905038
          ],
          [
            69.4200405,
            53.2899467
          ]
        ]
      }
    },
    {
      "type": "Feature",
      "id": "way/1019395529",
      "properties": {
        "role": "mapped_railway",
        "osm_way_id": "1019395529",
        "gauge": "1520",
        "railway": "rail",
        "service": "spur"
      },
      "geometry": {
        "type": "LineString",
        "coordinates": [
          [
            69.4159153,
            53.2925777
          ],
          [
            69.4152863,
            53.2928101
          ],
          [
            69.4143677,
            53.293251
          ]
        ]
      }
    },
    {
      "type": "Feature",
      "id": "way/1019395530",
      "properties": {
        "role": "mapped_railway",
        "osm_way_id": "1019395530",
        "gauge": "1520",
        "railway": "rail",
        "service": "spur"
      },
      "geometry": {
        "type": "LineString",
        "coordinates": [
          [
            69.4162224,
            53.2924542
          ],
          [
            69.4159153,
            53.2925777
          ],
          [
            69.414833,
            53.2931629
          ],
          [
            69.4145662,
            53.2932655
          ]
        ]
      }
    },
    {
      "type": "Feature",
      "id": "way/1019395531",
      "properties": {
        "role": "mapped_railway",
        "osm_way_id": "1019395531",
        "gauge": "1520",
        "railway": "rail",
        "service": "spur"
      },
      "geometry": {
        "type": "LineString",
        "coordinates": [
          [
            69.4160243,
            53.292495
          ],
          [
            69.4154258,
            53.2926811
          ],
          [
            69.4152206,
            53.2927693
          ],
          [
            69.4143006,
            53.2932206
          ]
        ]
      }
    },
    {
      "type": "Feature",
      "id": "way/1019395532",
      "properties": {
        "role": "mapped_railway",
        "osm_way_id": "1019395532",
        "gauge": "1520",
        "railway": "rail",
        "service": "spur"
      },
      "geometry": {
        "type": "LineString",
        "coordinates": [
          [
            69.4151925,
            53.2927196
          ],
          [
            69.414247,
            53.2931781
          ]
        ]
      }
    },
    {
      "type": "Feature",
      "id": "way/1019395533",
      "properties": {
        "role": "mapped_railway",
        "osm_way_id": "1019395533",
        "gauge": "1520",
        "railway": "rail",
        "service": "spur"
      },
      "geometry": {
        "type": "LineString",
        "coordinates": [
          [
            69.4156538,
            53.2925713
          ],
          [
            69.4153735,
            53.292649
          ],
          [
            69.4151925,
            53.2927196
          ],
          [
            69.4149967,
            53.2927773
          ],
          [
            69.4148666,
            53.2928069
          ]
        ]
      }
    },
    {
      "type": "Feature",
      "id": "way/1019395534",
      "properties": {
        "role": "mapped_railway",
        "osm_way_id": "1019395534",
        "gauge": "1520",
        "railway": "rail",
        "service": "spur"
      },
      "geometry": {
        "type": "LineString",
        "coordinates": [
          [
            69.4168024,
            53.292215
          ],
          [
            69.4164142,
            53.2923989
          ],
          [
            69.4162224,
            53.2924542
          ],
          [
            69.4160243,
            53.292495
          ],
          [
            69.4156538,
            53.2925713
          ],
          [
            69.4148357,
            53.2927476
          ]
        ]
      }
    },
    {
      "type": "Feature",
      "id": "way/1019395536",
      "properties": {
        "role": "mapped_railway",
        "osm_way_id": "1019395536",
        "electrified": "contact_line",
        "frequency": "50",
        "gauge": "1520",
        "name": "Kokshetau - Qostanai",
        "railway": "rail",
        "usage": "main",
        "voltage": "25000"
      },
      "geometry": {
        "type": "LineString",
        "coordinates": [
          [
            69.4060008,
            53.3032098
          ],
          [
            69.4065196,
            53.3024212
          ],
          [
            69.4068737,
            53.3018763
          ],
          [
            69.4072312,
            53.3013381
          ],
          [
            69.4075472,
            53.3008618
          ],
          [
            69.4078647,
            53.3003995
          ],
          [
            69.4083454,
            53.2997475
          ],
          [
            69.4087934,
            53.2991685
          ],
          [
            69.4090757,
            53.2988018
          ],
          [
            69.4098475,
            53.2977398
          ],
          [
            69.4106414,
            53.2966994
          ],
          [
            69.4111074,
            53.2961435
          ],
          [
            69.4114823,
            53.2957499
          ],
          [
            69.4118115,
            53.2954466
          ],
          [
            69.4122339,
            53.2950782
          ],
          [
            69.4127517,
            53.294681
          ],
          [
            69.4132264,
            53.294346
          ],
          [
            69.4135469,
            53.2941232
          ],
          [
            69.4139654,
            53.2938538
          ],
          [
            69.4141283,
            53.2937612
          ],
          [
            69.4149457,
            53.2933216
          ],
          [
            69.4155478,
            53.2929809
          ],
          [
            69.4167776,
            53.2922971
          ],
          [
            69.4176507,
            53.2918161
          ],
          [
            69.4186713,
            53.2912574
          ],
          [
            69.4192305,
            53.2909383
          ],
          [
            69.420168,
            53.290398
          ],
          [
            69.4212033,
            53.2898016
          ],
          [
            69.4217472,
            53.2894882
          ],
          [
            69.4220375,
            53.2893268
          ]
        ]
      }
    },
    {
      "type": "Feature",
      "id": "way/1019395537",
      "properties": {
        "role": "mapped_railway",
        "osm_way_id": "1019395537",
        "electrified": "contact_line",
        "frequency": "50",
        "gauge": "1520",
        "railway": "rail",
        "service": "siding",
        "voltage": "25000"
      },
      "geometry": {
        "type": "LineString",
        "coordinates": [
          [
            69.4309714,
            53.2845434
          ],
          [
            69.4282079,
            53.2860817
          ]
        ]
      }
    },
    {
      "type": "Feature",
      "id": "way/1019395538",
      "properties": {
        "role": "mapped_railway",
        "osm_way_id": "1019395538",
        "electrified": "contact_line",
        "frequency": "50",
        "gauge": "1520",
        "railway": "rail",
        "service": "siding",
        "voltage": "25000"
      },
      "geometry": {
        "type": "LineString",
        "coordinates": [
          [
            69.4202112,
            53.2904818
          ],
          [
            69.4219248,
            53.2895426
          ]
        ]
      }
    },
    {
      "type": "Feature",
      "id": "way/1019395539",
      "properties": {
        "role": "mapped_railway",
        "osm_way_id": "1019395539",
        "electrified": "contact_line",
        "frequency": "50",
        "gauge": "1520",
        "railway": "rail",
        "service": "siding",
        "voltage": "25000"
      },
      "geometry": {
        "type": "LineString",
        "coordinates": [
          [
            69.4200368,
            53.2905774
          ],
          [
            69.4191728,
            53.2911213
          ]
        ]
      }
    },
    {
      "type": "Feature",
      "id": "way/1019395540",
      "properties": {
        "role": "mapped_railway",
        "osm_way_id": "1019395540",
        "electrified": "contact_line",
        "frequency": "50",
        "gauge": "1520",
        "railway": "rail",
        "service": "siding",
        "voltage": "25000"
      },
      "geometry": {
        "type": "LineString",
        "coordinates": [
          [
            69.4186788,
            53.2914005
          ],
          [
            69.4195363,
            53.2909848
          ]
        ]
      }
    },
    {
      "type": "Feature",
      "id": "way/1019395541",
      "properties": {
        "role": "mapped_railway",
        "osm_way_id": "1019395541",
        "electrified": "contact_line",
        "fixme": "add appropriate service tag",
        "frequency": "50",
        "gauge": "1520",
        "railway": "rail",
        "service": "siding",
        "voltage": "25000"
      },
      "geometry": {
        "type": "LineString",
        "coordinates": [
          [
            69.4167358,
            53.2923991
          ],
          [
            69.4174321,
            53.2920751
          ],
          [
            69.4179095,
            53.2918298
          ],
          [
            69.4184997,
            53.2914971
          ]
        ]
      }
    },
    {
      "type": "Feature",
      "id": "way/1019395542",
      "properties": {
        "role": "mapped_railway",
        "osm_way_id": "1019395542",
        "electrified": "contact_line",
        "frequency": "50",
        "gauge": "1520",
        "railway": "rail",
        "service": "siding",
        "voltage": "25000"
      },
      "geometry": {
        "type": "LineString",
        "coordinates": [
          [
            69.418741,
            53.2914274
          ],
          [
            69.4195363,
            53.2909848
          ],
          [
            69.4318932,
            53.2841711
          ]
        ]
      }
    },
    {
      "type": "Feature",
      "id": "way/1019395543",
      "properties": {
        "role": "mapped_railway",
        "osm_way_id": "1019395543",
        "electrified": "contact_line",
        "fixme": "add appropriate service tag",
        "frequency": "50",
        "gauge": "1520",
        "railway": "rail",
        "service": "siding",
        "voltage": "25000"
      },
      "geometry": {
        "type": "LineString",
        "coordinates": [
          [
            69.4314936,
            53.2845134
          ],
          [
            69.4309303,
            53.2848366
          ],
          [
            69.4195551,
            53.2911171
          ],
          [
            69.4185023,
            53.2917023
          ]
        ]
      }
    },
    {
      "type": "Feature",
      "id": "way/1019395544",
      "properties": {
        "role": "mapped_railway",
        "osm_way_id": "1019395544",
        "electrified": "contact_line",
        "fixme": "add appropriate service tag",
        "frequency": "50",
        "gauge": "1520",
        "railway": "rail",
        "service": "siding",
        "voltage": "25000"
      },
      "geometry": {
        "type": "LineString",
        "coordinates": [
          [
            69.4324632,
            53.2839771
          ],
          [
            69.4319388,
            53.2843339
          ],
          [
            69.4315875,
            53.2845848
          ],
          [
            69.431098,
            53.2848927
          ],
          [
            69.4196784,
            53.2911957
          ],
          [
            69.4191782,
            53.2914602
          ]
        ]
      }
    },
    {
      "type": "Feature",
      "id": "way/1019395545",
      "properties": {
        "role": "mapped_railway",
        "osm_way_id": "1019395545",
        "electrified": "contact_line",
        "fixme": "add appropriate service tag",
        "frequency": "50",
        "gauge": "1520",
        "railway": "rail",
        "service": "siding",
        "voltage": "25000"
      },
      "geometry": {
        "type": "LineString",
        "coordinates": [
          [
            69.41972,
            53.2912365
          ],
          [
            69.4204134,
            53.2908622
          ],
          [
            69.4311476,
            53.2849264
          ],
          [
            69.4316491,
            53.2846097
          ],
          [
            69.4319992,
            53.2843691
          ],
          [
            69.4324632,
            53.2839771
          ],
          [
            69.4328776,
            53.2836844
          ],
          [
            69.4334086,
            53.2833261
          ]
        ]
      }
    },
    {
      "type": "Feature",
      "id": "way/1019395546",
      "properties": {
        "role": "mapped_railway",
        "osm_way_id": "1019395546",
        "electrified": "contact_line",
        "frequency": "50",
        "gauge": "1520",
        "railway": "rail",
        "service": "siding",
        "voltage": "25000"
      },
      "geometry": {
        "type": "LineString",
        "coordinates": [
          [
            69.4171169,
            53.2923262
          ],
          [
            69.4175903,
            53.2920975
          ],
          [
            69.4180075,
            53.2919164
          ]
        ]
      }
    },
    {
      "type": "Feature",
      "id": "way/1019395547",
      "properties": {
        "role": "mapped_railway",
        "osm_way_id": "1019395547",
        "electrified": "contact_line",
        "fixme": "add appropriate service tag",
        "frequency": "50",
        "gauge": "1520",
        "railway": "rail",
        "service": "siding",
        "voltage": "25000"
      },
      "geometry": {
        "type": "LineString",
        "coordinates": [
          [
            69.4324069,
            53.2838672
          ],
          [
            69.4321185,
            53.2840476
          ],
          [
            69.4318932,
            53.2841711
          ],
          [
            69.4314091,
            53.2844878
          ],
          [
            69.4308767,
            53.2847949
          ],
          [
            69.4194961,
            53.2910818
          ],
          [
            69.418741,
            53.2914274
          ],
          [
            69.417869,
            53.2919099
          ]
        ]
      }
    },
    {
      "type": "Feature",
      "id": "way/1019395548",
      "properties": {
        "role": "mapped_railway",
        "osm_way_id": "1019395548",
        "electrified": "contact_line",
        "fixme": "add appropriate service tag",
        "frequency": "50",
        "gauge": "1520",
        "railway": "rail",
        "service": "siding",
        "voltage": "25000"
      },
      "geometry": {
        "type": "LineString",
        "coordinates": [
          [
            69.432938,
            53.2835242
          ],
          [
            69.4326898,
            53.2836812
          ],
          [
            69.4324069,
            53.2838672
          ],
          [
            69.4314936,
            53.2845134
          ],
          [
            69.4309799,
            53.2848638
          ],
          [
            69.4306943,
            53.2850498
          ],
          [
            69.420746,
            53.2905359
          ],
          [
            69.4191259,
            53.2914233
          ],
          [
            69.4185023,
            53.2917023
          ],
          [
            69.418285,
            53.2917961
          ],
          [
            69.4180075,
            53.2919164
          ],
          [
            69.4176158,
            53.2921139
          ],
          [
            69.4173088,
            53.2922835
          ],
          [
            69.4167897,
            53.292564
          ],
          [
            69.4162693,
            53.2928631
          ]
        ]
      }
    },
    {
      "type": "Feature",
      "id": "way/1019395549",
      "properties": {
        "role": "mapped_railway",
        "osm_way_id": "1019395549",
        "electrified": "contact_line",
        "frequency": "50",
        "gauge": "1520",
        "railway": "rail",
        "service": "siding",
        "voltage": "25000"
      },
      "geometry": {
        "type": "LineString",
        "coordinates": [
          [
            69.4188034,
            53.2916237
          ],
          [
            69.4179162,
            53.2920133
          ],
          [
            69.4173088,
            53.2922835
          ],
          [
            69.4167356,
            53.2925343
          ],
          [
            69.416435,
            53.2926635
          ],
          [
            69.4154013,
            53.293142
          ]
        ]
      }
    },
    {
      "type": "Feature",
      "id": "way/1019395550",
      "properties": {
        "role": "mapped_railway",
        "osm_way_id": "1019395550",
        "electrified": "contact_line",
        "frequency": "50",
        "gauge": "1520",
        "railway": "rail",
        "service": "siding",
        "voltage": "25000"
      },
      "geometry": {
        "type": "LineString",
        "coordinates": [
          [
            69.4203557,
            53.2909456
          ],
          [
            69.4200473,
            53.2910826
          ],
          [
            69.41972,
            53.2912365
          ],
          [
            69.4191782,
            53.2914602
          ],
          [
            69.4188034,
            53.2916237
          ],
          [
            69.4183226,
            53.291861
          ],
          [
            69.4179775,
            53.2920715
          ]
        ]
      }
    },
    {
      "type": "Feature",
      "id": "way/1019395552",
      "properties": {
        "role": "mapped_railway",
        "osm_way_id": "1019395552",
        "gauge": "1520",
        "railway": "rail",
        "service": "siding"
      },
      "geometry": {
        "type": "LineString",
        "coordinates": [
          [
            69.4333778,
            53.2838616
          ],
          [
            69.4330747,
            53.2840011
          ],
          [
            69.4327623,
            53.2841727
          ],
          [
            69.4322969,
            53.2844261
          ],
          [
            69.4209793,
            53.290673
          ],
          [
            69.4206427,
            53.2908574
          ],
          [
            69.4203329,
            53.2910265
          ]
        ]
      }
    },
    {
      "type": "Feature",
      "id": "way/1019395553",
      "properties": {
        "role": "mapped_railway",
        "osm_way_id": "1019395553",
        "fixme": "add appropriate service tag",
        "gauge": "1520",
        "railway": "rail",
        "service": "siding"
      },
      "geometry": {
        "type": "LineString",
        "coordinates": [
          [
            69.419732,
            53.2912847
          ],
          [
            69.4203329,
            53.2910265
          ],
          [
            69.4206856,
            53.2908766
          ],
          [
            69.4210397,
            53.2906994
          ],
          [
            69.4323398,
            53.2844541
          ],
          [
            69.4327998,
            53.2841992
          ],
          [
            69.4331096,
            53.2840372
          ]
        ]
      }
    },
    {
      "type": "Feature",
      "id": "way/1019395554",
      "properties": {
        "role": "mapped_railway",
        "osm_way_id": "1019395554",
        "fixme": "add appropriate service tag",
        "gauge": "1520",
        "railway": "rail",
        "service": "siding"
      },
      "geometry": {
        "type": "LineString",
        "coordinates": [
          [
            69.4202457,
            53.2911748
          ],
          [
            69.4205381,
            53.2910826
          ],
          [
            69.4208184,
            53.2909808
          ],
          [
            69.4211939,
            53.2908141
          ],
          [
            69.432494,
            53.2845728
          ],
          [
            69.4327341,
            53.2844309
          ],
          [
            69.4329326,
            53.2842841
          ],
          [
            69.4331713,
            53.2840725
          ]
        ]
      }
    },
    {
      "type": "Feature",
      "id": "way/1019395555",
      "properties": {
        "role": "mapped_railway",
        "osm_way_id": "1019395555",
        "fixme": "add appropriate service tag",
        "gauge": "1520",
        "railway": "rail",
        "service": "siding"
      },
      "geometry": {
        "type": "LineString",
        "coordinates": [
          [
            69.4334238,
            53.2838707
          ],
          [
            69.4331713,
            53.2840725
          ],
          [
            69.4328843,
            53.2842593
          ],
          [
            69.4324444,
            53.2845279
          ],
          [
            69.4211456,
            53.2907844
          ],
          [
            69.4207714,
            53.2909632
          ],
          [
            69.4202457,
            53.2911748
          ],
          [
            69.4197482,
            53.2913512
          ]
        ]
      }
    },
    {
      "type": "Feature",
      "id": "way/1019395556",
      "properties": {
        "role": "mapped_railway",
        "osm_way_id": "1019395556",
        "fixme": "add appropriate service tag",
        "gauge": "1520",
        "railway": "rail",
        "service": "siding"
      },
      "geometry": {
        "type": "LineString",
        "coordinates": [
          [
            69.4190199,
            53.291611
          ],
          [
            69.4194612,
            53.291453
          ],
          [
            69.4197482,
            53.2913512
          ],
          [
            69.4201961,
            53.2911355
          ],
          [
            69.4207124,
            53.2909135
          ],
          [
            69.4210786,
            53.2907363
          ],
          [
            69.43238,
            53.2844894
          ],
          [
            69.4328347,
            53.284232
          ],
          [
            69.4331096,
            53.2840372
          ],
          [
            69.4333778,
            53.2838616
          ],
          [
            69.4336484,
            53.2837084
          ]
        ]
      }
    },
    {
      "type": "Feature",
      "id": "way/1019395557",
      "properties": {
        "role": "mapped_railway",
        "osm_way_id": "1019395557",
        "fixme": "add appropriate service tag",
        "gauge": "1520",
        "railway": "rail",
        "service": "siding"
      },
      "geometry": {
        "type": "LineString",
        "coordinates": [
          [
            69.4201529,
            53.2912655
          ],
          [
            69.4205368,
            53.2911612
          ],
          [
            69.4208801,
            53.2910522
          ],
          [
            69.4212556,
            53.290887
          ],
          [
            69.4325799,
            53.2846441
          ],
          [
            69.4328159,
            53.284503
          ],
          [
            69.4330211,
            53.2843331
          ],
          [
            69.4331892,
            53.284118
          ]
        ]
      }
    },
    {
      "type": "Feature",
      "id": "way/1019455564",
      "properties": {
        "role": "mapped_railway",
        "osm_way_id": "1019455564",
        "railway": "rail",
        "service": "siding"
      },
      "geometry": {
        "type": "LineString",
        "coordinates": [
          [
            71.5322142,
            51.1527481
          ],
          [
            71.5313796,
            51.1529857
          ],
          [
            71.5308005,
            51.1531512
          ],
          [
            71.5186258,
            51.1577615
          ],
          [
            71.5180745,
            51.1579682
          ],
          [
            71.5174653,
            51.1581965
          ],
          [
            71.5168932,
            51.1584118
          ],
          [
            71.5162441,
            51.1587281
          ],
          [
            71.5155858,
            51.1590519
          ]
        ]
      }
    },
    {
      "type": "Feature",
      "id": "way/1019455565",
      "properties": {
        "role": "mapped_railway",
        "osm_way_id": "1019455565",
        "railway": "rail",
        "service": "siding"
      },
      "geometry": {
        "type": "LineString",
        "coordinates": [
          [
            71.5174653,
            51.1581965
          ],
          [
            71.5179837,
            51.1579431
          ],
          [
            71.5185254,
            51.1576854
          ],
          [
            71.51938,
            51.1572812
          ],
          [
            71.5197863,
            51.1570908
          ],
          [
            71.5201202,
            51.1569532
          ],
          [
            71.5291543,
            51.1535247
          ],
          [
            71.529605,
            51.1533723
          ],
          [
            71.5300626,
            51.1532523
          ],
          [
            71.5304643,
            51.1531688
          ],
          [
            71.5309079,
            51.1530765
          ],
          [
            71.5313796,
            51.1529857
          ]
        ]
      }
    },
    {
      "type": "Feature",
      "id": "way/1019455566",
      "properties": {
        "role": "mapped_railway",
        "osm_way_id": "1019455566",
        "railway": "rail",
        "service": "siding"
      },
      "geometry": {
        "type": "LineString",
        "coordinates": [
          [
            71.5308005,
            51.1531512
          ],
          [
            71.5300766,
            51.1533562
          ],
          [
            71.52957,
            51.1535335
          ],
          [
            71.5196065,
            51.1573134
          ],
          [
            71.5191956,
            51.1574906
          ],
          [
            71.5186258,
            51.1577615
          ]
        ]
      }
    },
    {
      "type": "Feature",
      "id": "way/1019455567",
      "properties": {
        "role": "mapped_railway",
        "osm_way_id": "1019455567",
        "railway": "rail",
        "service": "siding"
      },
      "geometry": {
        "type": "LineString",
        "coordinates": [
          [
            71.5180745,
            51.1579682
          ],
          [
            71.5189644,
            51.157536
          ],
          [
            71.5193964,
            51.1573339
          ],
          [
            71.5199101,
            51.1571172
          ],
          [
            71.5293201,
            51.1535422
          ],
          [
            71.5297918,
            51.153368
          ],
          [
            71.5301397,
            51.153264
          ],
          [
            71.5304643,
            51.1531688
          ]
        ]
      }
    },
    {
      "type": "Feature",
      "id": "way/1019455568",
      "properties": {
        "role": "mapped_railway",
        "osm_way_id": "1019455568",
        "railway": "rail",
        "service": "siding"
      },
      "geometry": {
        "type": "LineString",
        "coordinates": [
          [
            71.5309079,
            51.1530765
          ],
          [
            71.5302354,
            51.1531688
          ],
          [
            71.5297591,
            51.1532742
          ],
          [
            71.5293341,
            51.1533826
          ],
          [
            71.5288414,
            51.1535613
          ],
          [
            71.5200081,
            51.1569063
          ],
          [
            71.5196485,
            51.1570645
          ],
          [
            71.5191512,
            51.1573193
          ],
          [
            71.5185254,
            51.1576854
          ]
        ]
      }
    },
    {
      "type": "Feature",
      "id": "way/1019455569",
      "properties": {
        "role": "mapped_railway",
        "osm_way_id": "1019455569",
        "railway": "rail",
        "service": "siding"
      },
      "geometry": {
        "type": "LineString",
        "coordinates": [
          [
            71.5179837,
            51.1579431
          ],
          [
            71.5183596,
            51.1577132
          ],
          [
            71.5188453,
            51.1574233
          ],
          [
            71.5191769,
            51.1572285
          ],
          [
            71.5197279,
            51.1569253
          ],
          [
            71.5200058,
            51.156795
          ],
          [
            71.5202813,
            51.1566822
          ],
          [
            71.5284468,
            51.1535876
          ],
          [
            71.5288835,
            51.1534353
          ],
          [
            71.5293878,
            51.1532991
          ],
          [
            71.5298338,
            51.1532244
          ],
          [
            71.5302354,
            51.1531688
          ]
        ]
      }
    },
    {
      "type": "Feature",
      "id": "way/1019455570",
      "properties": {
        "role": "mapped_railway",
        "osm_way_id": "1019455570",
        "railway": "rail",
        "service": "spur"
      },
      "geometry": {
        "type": "LineString",
        "coordinates": [
          [
            71.5284258,
            51.1535042
          ],
          [
            71.5200712,
            51.1566793
          ],
          [
            71.5196929,
            51.1568404
          ],
          [
            71.5192936,
            51.1570659
          ],
          [
            71.518843,
            51.15735
          ],
          [
            71.5183596,
            51.1577132
          ]
        ]
      }
    },
    {
      "type": "Feature",
      "id": "way/1019455571",
      "properties": {
        "role": "mapped_railway",
        "osm_way_id": "1019455571",
        "railway": "rail",
        "service": "spur"
      },
      "geometry": {
        "type": "LineString",
        "coordinates": [
          [
            71.5162441,
            51.1587281
          ],
          [
            71.515142,
            51.1591454
          ]
        ]
      }
    },
    {
      "type": "Feature",
      "id": "way/1019455572",
      "properties": {
        "role": "mapped_railway",
        "osm_way_id": "1019455572",
        "railway": "rail",
        "service": "spur"
      },
      "geometry": {
        "type": "LineString",
        "coordinates": [
          [
            71.5168932,
            51.1584118
          ],
          [
            71.5163305,
            51.1586241
          ],
          [
            71.5079222,
            51.1618047
          ]
        ]
      }
    },
    {
      "type": "Feature",
      "id": "way/1019455573",
      "properties": {
        "role": "mapped_railway",
        "osm_way_id": "1019455573",
        "railway": "rail",
        "service": "spur"
      },
      "geometry": {
        "type": "LineString",
        "coordinates": [
          [
            71.5163305,
            51.1586241
          ],
          [
            71.5170567,
            51.1582653
          ]
        ]
      }
    },
    {
      "type": "Feature",
      "id": "way/1058647236",
      "properties": {
        "role": "mapped_railway",
        "osm_way_id": "1058647236",
        "gauge": "1520",
        "railway": "rail",
        "service": "siding"
      },
      "geometry": {
        "type": "LineString",
        "coordinates": [
          [
            71.4030111,
            51.1981443
          ],
          [
            71.4040947,
            51.1978569
          ]
        ]
      }
    },
    {
      "type": "Feature",
      "id": "way/1058647237",
      "properties": {
        "role": "mapped_railway",
        "osm_way_id": "1058647237",
        "gauge": "1520",
        "railway": "rail",
        "service": "yard"
      },
      "geometry": {
        "type": "LineString",
        "coordinates": [
          [
            71.4173185,
            51.1936124
          ],
          [
            71.4138483,
            51.1946959
          ]
        ]
      }
    },
    {
      "type": "Feature",
      "id": "way/1058647238",
      "properties": {
        "role": "mapped_railway",
        "osm_way_id": "1058647238",
        "electrified": "contact_line",
        "frequency": "50",
        "gauge": "1520",
        "railway": "rail",
        "usage": "main",
        "voltage": "25000"
      },
      "geometry": {
        "type": "LineString",
        "coordinates": [
          [
            71.4208017,
            51.1925073
          ],
          [
            71.4185223,
            51.1932279
          ]
        ]
      }
    },
    {
      "type": "Feature",
      "id": "way/1058647239",
      "properties": {
        "role": "mapped_railway",
        "osm_way_id": "1058647239",
        "electrified": "contact_line",
        "frequency": "50",
        "gauge": "1520",
        "railway": "rail",
        "service": "siding",
        "voltage": "25000"
      },
      "geometry": {
        "type": "LineString",
        "coordinates": [
          [
            71.4036004,
            51.1984499
          ],
          [
            71.4026373,
            51.1987003
          ]
        ]
      }
    },
    {
      "type": "Feature",
      "id": "way/1058647240",
      "properties": {
        "role": "mapped_railway",
        "osm_way_id": "1058647240",
        "gauge": "1520",
        "railway": "rail",
        "service": "siding"
      },
      "geometry": {
        "type": "LineString",
        "coordinates": [
          [
            71.4025139,
            51.1987416
          ],
          [
            71.4016896,
            51.1990048
          ],
          [
            71.4012328,
            51.1991528
          ],
          [
            71.4009485,
            51.1992536
          ],
          [
            71.4006481,
            51.1993679
          ],
          [
            71.4003463,
            51.1994948
          ],
          [
            71.4000177,
            51.199646
          ],
          [
            71.3995215,
            51.1998982
          ],
          [
            71.3991648,
            51.2000965
          ],
          [
            71.3988773,
            51.2002771
          ]
        ]
      }
    },
    {
      "type": "Feature",
      "id": "way/1058647241",
      "properties": {
        "role": "mapped_railway",
        "osm_way_id": "1058647241",
        "gauge": "1520",
        "railway": "rail",
        "service": "yard"
      },
      "geometry": {
        "type": "LineString",
        "coordinates": [
          [
            71.400522,
            51.199141
          ],
          [
            71.4008425,
            51.1990032
          ],
          [
            71.4012703,
            51.1988444
          ],
          [
            71.4022628,
            51.1985384
          ]
        ]
      }
    },
    {
      "type": "Feature",
      "id": "way/1058647242",
      "properties": {
        "role": "mapped_railway",
        "osm_way_id": "1058647242",
        "gauge": "1520",
        "railway": "rail",
        "service": "yard"
      },
      "geometry": {
        "type": "LineString",
        "coordinates": [
          [
            71.4003648,
            51.1991445
          ],
          [
            71.4012703,
            51.1988444
          ]
        ]
      }
    },
    {
      "type": "Feature",
      "id": "way/1058647243",
      "properties": {
        "role": "mapped_railway",
        "osm_way_id": "1058647243",
        "electrified": "contact_line",
        "frequency": "50",
        "gauge": "1520",
        "name": "Astana",
        "railway": "rail",
        "source": "bing",
        "usage": "main",
        "voltage": "25000"
      },
      "geometry": {
        "type": "LineString",
        "coordinates": [
          [
            71.4035231,
            51.1979266
          ],
          [
            71.4040535,
            51.1977608
          ]
        ]
      }
    },
    {
      "type": "Feature",
      "id": "way/1058647244",
      "properties": {
        "role": "mapped_railway",
        "osm_way_id": "1058647244",
        "electrified": "contact_line",
        "frequency": "50",
        "gauge": "1520",
        "railway": "rail",
        "service": "siding",
        "voltage": "25000"
      },
      "geometry": {
        "type": "LineString",
        "coordinates": [
          [
            71.4222693,
            51.1921008
          ],
          [
            71.4220857,
            51.192163
          ],
          [
            71.421612,
            51.192346
          ],
          [
            71.4211616,
            51.1925151
          ],
          [
            71.4207566,
            51.1926673
          ],
          [
            71.4205702,
            51.1927345
          ],
          [
            71.4067702,
            51.1971081
          ],
          [
            71.4063035,
            51.1972418
          ],
          [
            71.4057067,
            51.1973813
          ],
          [
            71.4052883,
            51.1974913
          ],
          [
            71.4049225,
            51.1975944
          ],
          [
            71.4040947,
            51.1978569
          ],
          [
            71.4018412,
            51.1985642
          ],
          [
            71.4015595,
            51.1986569
          ]
        ]
      }
    },
    {
      "type": "Feature",
      "id": "way/1058647245",
      "properties": {
        "role": "mapped_railway",
        "osm_way_id": "1058647245",
        "electrified": "contact_line",
        "frequency": "50",
        "gauge": "1520",
        "name": "Astana",
        "railway": "rail",
        "source": "bing",
        "usage": "main",
        "voltage": "25000"
      },
      "geometry": {
        "type": "LineString",
        "coordinates": [
          [
            71.4175127,
            51.1936028
          ],
          [
            71.4100345,
            51.1959602
          ],
          [
            71.4062561,
            51.1971513
          ],
          [
            71.4058596,
            51.1972821
          ],
          [
            71.4052647,
            51.1974403
          ],
          [
            71.4049262,
            51.1975426
          ],
          [
            71.4046821,
            51.1976149
          ],
          [
            71.4030111,
            51.1981443
          ],
          [
            71.4024662,
            51.1983145
          ]
        ]
      }
    },
    {
      "type": "Feature",
      "id": "way/1058647247",
      "properties": {
        "role": "mapped_railway",
        "osm_way_id": "1058647247",
        "gauge": "1520",
        "railway": "rail",
        "service": "yard"
      },
      "geometry": {
        "type": "LineString",
        "coordinates": [
          [
            71.3788197,
            51.2056992
          ],
          [
            71.3798041,
            51.2053854
          ],
          [
            71.3801743,
            51.2052707
          ],
          [
            71.3813742,
            51.2048899
          ],
          [
            71.3942918,
            51.2007644
          ],
          [
            71.394959,
            51.2005628
          ],
          [
            71.395881,
            51.2002843
          ],
          [
            71.3961477,
            51.2002016
          ],
          [
            71.3970946,
            51.1998976
          ],
          [
            71.39729,
            51.1998419
          ],
          [
            71.3980321,
            51.1996087
          ],
          [
            71.3994881,
            51.1991413
          ],
          [
            71.4002489,
            51.1988912
          ],
          [
            71.4050745,
            51.1973774
          ]
        ]
      }
    },
    {
      "type": "Feature",
      "id": "way/1058647248",
      "properties": {
        "role": "mapped_railway",
        "osm_way_id": "1058647248",
        "electrified": "contact_line",
        "frequency": "50",
        "gauge": "1520",
        "railway": "rail",
        "service": "siding",
        "voltage": "25000"
      },
      "geometry": {
        "type": "LineString",
        "coordinates": [
          [
            71.4040535,
            51.1977608
          ],
          [
            71.4050745,
            51.1973774
          ]
        ]
      }
    },
    {
      "type": "Feature",
      "id": "way/1058647249",
      "properties": {
        "role": "mapped_railway",
        "osm_way_id": "1058647249",
        "electrified": "contact_line",
        "frequency": "50",
        "gauge": "1520",
        "railway": "rail",
        "service": "siding",
        "voltage": "25000"
      },
      "geometry": {
        "type": "LineString",
        "coordinates": [
          [
            71.4205702,
            51.1927345
          ],
          [
            71.4199506,
            51.1929656
          ],
          [
            71.4196555,
            51.1930724
          ],
          [
            71.4078746,
            51.1968018
          ],
          [
            71.4067702,
            51.1971081
          ]
        ]
      }
    },
    {
      "type": "Feature",
      "id": "way/1058647250",
      "properties": {
        "role": "mapped_railway",
        "osm_way_id": "1058647250",
        "electrified": "contact_line",
        "frequency": "50",
        "gauge": "1520",
        "railway": "rail",
        "service": "crossover",
        "voltage": "25000"
      },
      "geometry": {
        "type": "LineString",
        "coordinates": [
          [
            71.4254344,
            51.1910451
          ],
          [
            71.4264322,
            51.1906737
          ]
        ]
      }
    },
    {
      "type": "Feature",
      "id": "way/1058647251",
      "properties": {
        "role": "mapped_railway",
        "osm_way_id": "1058647251",
        "gauge": "1520",
        "railway": "rail",
        "service": "siding"
      },
      "geometry": {
        "type": "LineString",
        "coordinates": [
          [
            71.422665,
            51.1919739
          ],
          [
            71.4236788,
            51.1915964
          ]
        ]
      }
    },
    {
      "type": "Feature",
      "id": "way/1058647252",
      "properties": {
        "role": "mapped_railway",
        "osm_way_id": "1058647252",
        "electrified": "contact_line",
        "frequency": "50",
        "gauge": "1520",
        "name": "Astana",
        "railway": "rail",
        "source": "bing",
        "usage": "main",
        "voltage": "25000"
      },
      "geometry": {
        "type": "LineString",
        "coordinates": [
          [
            71.4159815,
            51.1939816
          ],
          [
            71.4161804,
            51.1939174
          ],
          [
            71.4227212,
            51.1918502
          ],
          [
            71.4247304,
            51.1912083
          ],
          [
            71.4264322,
            51.1906737
          ],
          [
            71.4274489,
            51.1903739
          ]
        ]
      }
    },
    {
      "type": "Feature",
      "id": "way/1058647253",
      "properties": {
        "role": "mapped_railway",
        "osm_way_id": "1058647253",
        "gauge": "1520",
        "railway": "rail",
        "service": "siding"
      },
      "geometry": {
        "type": "LineString",
        "coordinates": [
          [
            71.4247304,
            51.1912083
          ],
          [
            71.4257661,
            51.1908233
          ]
        ]
      }
    },
    {
      "type": "Feature",
      "id": "way/1058647254",
      "properties": {
        "role": "mapped_railway",
        "osm_way_id": "1058647254",
        "gauge": "1520",
        "railway": "rail",
        "service": "spur"
      },
      "geometry": {
        "type": "LineString",
        "coordinates": [
          [
            71.4348865,
            51.1868012
          ],
          [
            71.4356885,
            51.1865764
          ],
          [
            71.4454357,
            51.1838441
          ],
          [
            71.4467257,
            51.1834825
          ],
          [
            71.4471817,
            51.1833555
          ],
          [
            71.4524066,
            51.1819273
          ],
          [
            71.453136,
            51.1817376
          ],
          [
            71.4536496,
            51.1815836
          ]
        ]
      }
    },
    {
      "type": "Feature",
      "id": "way/1058647255",
      "properties": {
        "role": "mapped_railway",
        "osm_way_id": "1058647255",
        "gauge": "1520",
        "railway": "rail",
        "service": "spur"
      },
      "geometry": {
        "type": "LineString",
        "coordinates": [
          [
            71.4301416,
            51.1887463
          ],
          [
            71.430442,
            51.1886278
          ],
          [
            71.4308242,
            51.1884899
          ],
          [
            71.4320514,
            51.1880301
          ],
          [
            71.432514,
            51.1878696
          ],
          [
            71.4329204,
            51.1877418
          ],
          [
            71.4367533,
            51.1866617
          ]
        ]
      }
    },
    {
      "type": "Feature",
      "id": "way/1058647256",
      "properties": {
        "role": "mapped_railway",
        "osm_way_id": "1058647256",
        "gauge": "1520",
        "railway": "rail",
        "service": "siding"
      },
      "geometry": {
        "type": "LineString",
        "coordinates": [
          [
            71.4273926,
            51.1902771
          ],
          [
            71.4280473,
            51.1900651
          ],
          [
            71.428252,
            51.1899989
          ],
          [
            71.4284585,
            51.1899121
          ],
          [
            71.4286812,
            51.1898281
          ],
          [
            71.4289011,
            51.1897482
          ],
          [
            71.436359,
            51.1873106
          ],
          [
            71.4365508,
            51.1872463
          ],
          [
            71.4369088,
            51.1871492
          ]
        ]
      }
    },
    {
      "type": "Feature",
      "id": "way/1058647258",
      "properties": {
        "role": "mapped_railway",
        "osm_way_id": "1058647258",
        "gauge": "1520",
        "railway": "rail",
        "service": "siding",
        "source": "bing"
      },
      "geometry": {
        "type": "LineString",
        "coordinates": [
          [
            71.4279723,
            51.1900516
          ],
          [
            71.428248,
            51.1899264
          ],
          [
            71.4284371,
            51.1898255
          ],
          [
            71.4285806,
            51.1897558
          ],
          [
            71.4287348,
            51.1896919
          ],
          [
            71.4289257,
            51.189626
          ],
          [
            71.435258,
            51.1875497
          ],
          [
            71.4354256,
            51.1874888
          ],
          [
            71.4356348,
            51.1874064
          ],
          [
            71.4358547,
            51.1873358
          ],
          [
            71.4360613,
            51.1872787
          ],
          [
            71.4363537,
            51.1872064
          ]
        ]
      }
    },
    {
      "type": "Feature",
      "id": "way/1058647259",
      "properties": {
        "role": "mapped_railway",
        "osm_way_id": "1058647259",
        "gauge": "1520",
        "railway": "rail",
        "service": "yard"
      },
      "geometry": {
        "type": "LineString",
        "coordinates": [
          [
            71.4241308,
            51.1912889
          ],
          [
            71.4252336,
            51.1909944
          ]
        ]
      }
    },
    {
      "type": "Feature",
      "id": "way/1058647260",
      "properties": {
        "role": "mapped_railway",
        "osm_way_id": "1058647260",
        "electrified": "contact_line",
        "frequency": "50",
        "gauge": "1520",
        "railway": "rail",
        "service": "crossover",
        "voltage": "25000"
      },
      "geometry": {
        "type": "LineString",
        "coordinates": [
          [
            71.4486897,
            51.1836724
          ],
          [
            71.4495781,
            51.1833436
          ]
        ]
      }
    },
    {
      "type": "Feature",
      "id": "way/1058647261",
      "properties": {
        "role": "mapped_railway",
        "osm_way_id": "1058647261",
        "electrified": "contact_line",
        "frequency": "50",
        "gauge": "1520",
        "railway": "rail",
        "service": "crossover",
        "voltage": "25000"
      },
      "geometry": {
        "type": "LineString",
        "coordinates": [
          [
            71.5342263,
            51.1389593
          ],
          [
            71.5346397,
            51.1396704
          ]
        ]
      }
    },
    {
      "type": "Feature",
      "id": "way/1058647262",
      "properties": {
        "role": "mapped_railway",
        "osm_way_id": "1058647262",
        "electrified": "contact_line",
        "frequency": "50",
        "gauge": "1520",
        "railway": "rail",
        "service": "crossover",
        "voltage": "25000"
      },
      "geometry": {
        "type": "LineString",
        "coordinates": [
          [
            71.5337458,
            51.138112
          ],
          [
            71.5341642,
            51.1388276
          ]
        ]
      }
    },
    {
      "type": "Feature",
      "id": "way/1058647266",
      "properties": {
        "role": "mapped_railway",
        "osm_way_id": "1058647266",
        "bridge": "yes",
        "electrified": "contact_line",
        "fixme": "possibly viaduct",
        "frequency": "50",
        "gauge": "1520",
        "layer": "1",
        "railway": "rail",
        "source": "Sentinel-2;MapBox",
        "usage": "main",
        "voltage": "25000"
      },
      "geometry": {
        "type": "LineString",
        "coordinates": [
          [
            71.5338868,
            51.117433
          ],
          [
            71.5337404,
            51.1170406
          ],
          [
            71.5336083,
            51.1166976
          ]
        ]
      }
    },
    {
      "type": "Feature",
      "id": "way/1058647267",
      "properties": {
        "role": "mapped_railway",
        "osm_way_id": "1058647267",
        "bridge": "yes",
        "electrified": "contact_line",
        "frequency": "50",
        "gauge": "1520",
        "layer": "1",
        "railway": "rail",
        "service": "siding",
        "voltage": "25000"
      },
      "geometry": {
        "type": "LineString",
        "coordinates": [
          [
            71.5330218,
            51.1159892
          ],
          [
            71.5327281,
            51.115261
          ],
          [
            71.5326755,
            51.1151237
          ],
          [
            71.5316582,
            51.1124698
          ]
        ]
      }
    },
    {
      "type": "Feature",
      "id": "way/1058647268",
      "properties": {
        "role": "mapped_railway",
        "osm_way_id": "1058647268",
        "bridge": "yes",
        "electrified": "contact_line",
        "frequency": "50",
        "gauge": "1520",
        "layer": "1",
        "railway": "rail",
        "service": "crossover",
        "voltage": "25000"
      },
      "geometry": {
        "type": "LineString",
        "coordinates": [
          [
            71.5333959,
            51.1163487
          ],
          [
            71.5337404,
            51.1170406
          ]
        ]
      }
    },
    {
      "type": "Feature",
      "id": "way/1058647269",
      "properties": {
        "role": "mapped_railway",
        "osm_way_id": "1058647269",
        "bridge": "yes",
        "electrified": "contact_line",
        "frequency": "50",
        "gauge": "1520",
        "layer": "1",
        "railway": "rail",
        "service": "crossover",
        "voltage": "25000"
      },
      "geometry": {
        "type": "LineString",
        "coordinates": [
          [
            71.533235,
            51.1159329
          ],
          [
            71.5334201,
            51.1165861
          ],
          [
            71.5336025,
            51.1170677
          ]
        ]
      }
    },
    {
      "type": "Feature",
      "id": "way/1058647270",
      "properties": {
        "role": "mapped_railway",
        "osm_way_id": "1058647270",
        "bridge": "yes",
        "electrified": "contact_line",
        "frequency": "50",
        "gauge": "1520",
        "layer": "1",
        "railway": "rail",
        "service": "siding",
        "voltage": "25000"
      },
      "geometry": {
        "type": "LineString",
        "coordinates": [
          [
            71.5331894,
            51.1158217
          ],
          [
            71.5330174,
            51.1151499
          ]
        ]
      }
    },
    {
      "type": "Feature",
      "id": "way/1058647271",
      "properties": {
        "role": "mapped_railway",
        "osm_way_id": "1058647271",
        "bridge": "yes",
        "electrified": "contact_line",
        "frequency": "50",
        "gauge": "1520",
        "layer": "1",
        "railway": "rail",
        "usage": "main",
        "voltage": "25000"
      },
      "geometry": {
        "type": "LineString",
        "coordinates": [
          [
            71.5330218,
            51.1159892
          ],
          [
            71.5327737,
            51.1155363
          ],
          [
            71.5326463,
            51.1152804
          ],
          [
            71.5325916,
            51.1151366
          ],
          [
            71.5315813,
            51.1124824
          ]
        ]
      }
    },
    {
      "type": "Feature",
      "id": "way/1058659278",
      "properties": {
        "role": "mapped_railway",
        "osm_way_id": "1058659278",
        "gauge": "1520",
        "railway": "rail",
        "service": "yard"
      },
      "geometry": {
        "type": "LineString",
        "coordinates": [
          [
            71.3989206,
            51.1992649
          ],
          [
            71.3985331,
            51.199399
          ],
          [
            71.3980946,
            51.1995267
          ]
        ]
      }
    },
    {
      "type": "Feature",
      "id": "way/1058659279",
      "properties": {
        "role": "mapped_railway",
        "osm_way_id": "1058659279",
        "gauge": "1520",
        "railway": "rail",
        "service": "yard"
      },
      "geometry": {
        "type": "LineString",
        "coordinates": [
          [
            71.3984343,
            51.1995313
          ],
          [
            71.3980919,
            51.1996301
          ],
          [
            71.39729,
            51.1998419
          ]
        ]
      }
    },
    {
      "type": "Feature",
      "id": "way/1058659280",
      "properties": {
        "role": "mapped_railway",
        "osm_way_id": "1058659280",
        "gauge": "1520",
        "railway": "rail",
        "service": "yard"
      },
      "geometry": {
        "type": "LineString",
        "coordinates": [
          [
            71.3970916,
            51.1999548
          ],
          [
            71.3961477,
            51.2002016
          ]
        ]
      }
    },
    {
      "type": "Feature",
      "id": "way/1058659281",
      "properties": {
        "role": "mapped_railway",
        "osm_way_id": "1058659281",
        "gauge": "1520",
        "railway": "rail",
        "service": "yard"
      },
      "geometry": {
        "type": "LineString",
        "coordinates": [
          [
            71.3890448,
            51.2032023
          ],
          [
            71.3895598,
            51.2030519
          ],
          [
            71.3898186,
            51.2029855
          ],
          [
            71.3904275,
            51.2028603
          ],
          [
            71.3906783,
            51.2027998
          ]
        ]
      }
    },
    {
      "type": "Feature",
      "id": "way/1058659282",
      "properties": {
        "role": "mapped_railway",
        "osm_way_id": "1058659282",
        "gauge": "1520",
        "railway": "rail",
        "service": "yard"
      },
      "geometry": {
        "type": "LineString",
        "coordinates": [
          [
            71.3923894,
            51.2019438
          ],
          [
            71.3921066,
            51.2021258
          ],
          [
            71.3919027,
            51.2022452
          ],
          [
            71.3917136,
            51.2023502
          ],
          [
            71.3913314,
            51.2025586
          ],
          [
            71.3911624,
            51.2026334
          ],
          [
            71.3909559,
            51.2027057
          ],
          [
            71.3906783,
            51.2027998
          ],
          [
            71.3890851,
            51.2032779
          ]
        ]
      }
    },
    {
      "type": "Feature",
      "id": "way/1058659283",
      "properties": {
        "role": "mapped_railway",
        "osm_way_id": "1058659283",
        "gauge": "1520",
        "railway": "rail",
        "service": "yard"
      },
      "geometry": {
        "type": "LineString",
        "coordinates": [
          [
            71.3915126,
            51.2026402
          ],
          [
            71.3919041,
            51.2023863
          ],
          [
            71.3921485,
            51.2022156
          ]
        ]
      }
    },
    {
      "type": "Feature",
      "id": "way/1058659284",
      "properties": {
        "role": "mapped_railway",
        "osm_way_id": "1058659284",
        "gauge": "1520",
        "railway": "rail",
        "service": "yard"
      },
      "geometry": {
        "type": "LineString",
        "coordinates": [
          [
            71.378949,
            51.2061692
          ],
          [
            71.3787264,
            51.2062969
          ],
          [
            71.3779847,
            51.2066843
          ]
        ]
      }
    },
    {
      "type": "Feature",
      "id": "way/1058659285",
      "properties": {
        "role": "mapped_railway",
        "osm_way_id": "1058659285",
        "gauge": "1520",
        "railway": "rail",
        "service": "yard"
      },
      "geometry": {
        "type": "LineString",
        "coordinates": [
          [
            71.379633,
            51.2057558
          ],
          [
            71.3799226,
            51.2056096
          ],
          [
            71.3800742,
            51.2055416
          ]
        ]
      }
    },
    {
      "type": "Feature",
      "id": "way/1058659286",
      "properties": {
        "role": "mapped_railway",
        "osm_way_id": "1058659286",
        "gauge": "1520",
        "railway": "rail",
        "service": "spur"
      },
      "geometry": {
        "type": "LineString",
        "coordinates": [
          [
            71.3793623,
            51.2055811
          ],
          [
            71.3804147,
            51.2053028
          ]
        ]
      }
    },
    {
      "type": "Feature",
      "id": "way/1058659287",
      "properties": {
        "role": "mapped_railway",
        "osm_way_id": "1058659287",
        "gauge": "1520",
        "railway": "rail",
        "service": "spur"
      },
      "geometry": {
        "type": "LineString",
        "coordinates": [
          [
            71.3756657,
            51.2066973
          ],
          [
            71.3767482,
            51.2064082
          ]
        ]
      }
    },
    {
      "type": "Feature",
      "id": "way/1058661198",
      "properties": {
        "role": "mapped_railway",
        "osm_way_id": "1058661198",
        "electrified": "contact_line",
        "frequency": "50",
        "gauge": "1520",
        "name": "Astana",
        "railway": "rail",
        "service": "siding",
        "voltage": "25000"
      },
      "geometry": {
        "type": "LineString",
        "coordinates": [
          [
            71.4098968,
            51.1957767
          ],
          [
            71.4133318,
            51.1946959
          ],
          [
            71.4139402,
            51.1945052
          ],
          [
            71.4143059,
            51.1944003
          ],
          [
            71.4146958,
            51.1943037
          ]
        ]
      }
    },
    {
      "type": "Feature",
      "id": "way/1058661199",
      "properties": {
        "role": "mapped_railway",
        "osm_way_id": "1058661199",
        "electrified": "contact_line",
        "frequency": "50",
        "gauge": "1520",
        "railway": "rail",
        "usage": "main",
        "voltage": "25000"
      },
      "geometry": {
        "type": "LineString",
        "coordinates": [
          [
            71.4185223,
            51.1932279
          ],
          [
            71.4173185,
            51.1936124
          ]
        ]
      }
    },
    {
      "type": "Feature",
      "id": "way/1058688791",
      "properties": {
        "role": "mapped_railway",
        "osm_way_id": "1058688791",
        "electrified": "contact_line",
        "frequency": "50",
        "gauge": "1520",
        "railway": "rail",
        "service": "siding",
        "voltage": "25000"
      },
      "geometry": {
        "type": "LineString",
        "coordinates": [
          [
            71.4010652,
            51.1994686
          ],
          [
            71.399889,
            51.2000855
          ],
          [
            71.3994679,
            51.2003309
          ],
          [
            71.3992267,
            51.2004842
          ],
          [
            71.398962,
            51.2006592
          ],
          [
            71.3986496,
            51.2008774
          ],
          [
            71.3984029,
            51.201052
          ],
          [
            71.3901507,
            51.2070332
          ],
          [
            71.3898736,
            51.2072254
          ],
          [
            71.389706,
            51.2073321
          ],
          [
            71.3894779,
            51.2074682
          ]
        ]
      }
    },
    {
      "type": "Feature",
      "id": "way/1058688792",
      "properties": {
        "role": "mapped_railway",
        "osm_way_id": "1058688792",
        "electrified": "contact_line",
        "frequency": "50",
        "gauge": "1520",
        "railway": "rail",
        "service": "siding",
        "voltage": "25000"
      },
      "geometry": {
        "type": "LineString",
        "coordinates": [
          [
            71.401549,
            51.1992347
          ],
          [
            71.4009887,
            51.1994645
          ],
          [
            71.400699,
            51.1996007
          ],
          [
            71.4002417,
            51.1998301
          ],
          [
            71.3998434,
            51.2000477
          ],
          [
            71.3994182,
            51.2002957
          ],
          [
            71.3991706,
            51.2004509
          ],
          [
            71.3989053,
            51.2006264
          ],
          [
            71.3985919,
            51.2008453
          ],
          [
            71.3983448,
            51.2010202
          ],
          [
            71.3900923,
            51.2070016
          ],
          [
            71.3898481,
            51.2071682
          ],
          [
            71.3897194,
            51.207259
          ],
          [
            71.3896108,
            51.2073262
          ],
          [
            71.3894686,
            51.2074094
          ],
          [
            71.389313,
            51.2074993
          ],
          [
            71.3892017,
            51.2075707
          ],
          [
            71.388959,
            51.2077282
          ],
          [
            71.3888976,
            51.2077658
          ],
          [
            71.3887793,
            51.2078383
          ]
        ]
      }
    },
    {
      "type": "Feature",
      "id": "way/1058688793",
      "properties": {
        "role": "mapped_railway",
        "osm_way_id": "1058688793",
        "electrified": "contact_line",
        "frequency": "50",
        "gauge": "1520",
        "railway": "rail",
        "service": "siding",
        "voltage": "25000"
      },
      "geometry": {
        "type": "LineString",
        "coordinates": [
          [
            71.4001089,
            51.199841
          ],
          [
            71.4004858,
            51.1996721
          ],
          [
            71.4009887,
            51.1994645
          ]
        ]
      }
    },
    {
      "type": "Feature",
      "id": "way/1058688794",
      "properties": {
        "role": "mapped_railway",
        "osm_way_id": "1058688794",
        "electrified": "contact_line",
        "frequency": "50",
        "gauge": "1520",
        "railway": "rail",
        "source": "bing",
        "usage": "main",
        "voltage": "25000"
      },
      "geometry": {
        "type": "LineString",
        "coordinates": [
          [
            71.4031531,
            51.1985904
          ],
          [
            71.402653,
            51.1987494
          ],
          [
            71.4023566,
            51.1988502
          ],
          [
            71.4020871,
            51.1989553
          ],
          [
            71.4009927,
            51.199404
          ],
          [
            71.4005408,
            51.1996175
          ],
          [
            71.4001089,
            51.199841
          ],
          [
            71.3997804,
            51.2000141
          ],
          [
            71.3993499,
            51.2002595
          ],
          [
            71.3991102,
            51.200415
          ],
          [
            71.3988441,
            51.200591
          ],
          [
            71.3985298,
            51.2008106
          ],
          [
            71.3982821,
            51.2009858
          ],
          [
            71.3900293,
            51.2069675
          ],
          [
            71.3897918,
            51.2071422
          ],
          [
            71.3896671,
            51.207227
          ],
          [
            71.3895679,
            51.2072926
          ],
          [
            71.3894284,
            51.2073774
          ],
          [
            71.38925,
            51.2074841
          ],
          [
            71.3890435,
            51.2076085
          ],
          [
            71.3888643,
            51.2077252
          ],
          [
            71.3888088,
            51.2077614
          ],
          [
            71.3885772,
            51.2079103
          ],
          [
            71.3883823,
            51.208037
          ],
          [
            71.388183,
            51.2081567
          ]
        ]
      }
    },
    {
      "type": "Feature",
      "id": "way/1058688795",
      "properties": {
        "role": "mapped_railway",
        "osm_way_id": "1058688795",
        "electrified": "contact_line",
        "frequency": "50",
        "gauge": "1520",
        "railway": "rail",
        "service": "siding",
        "voltage": "25000"
      },
      "geometry": {
        "type": "LineString",
        "coordinates": [
          [
            71.4001183,
            51.1997771
          ],
          [
            71.4004871,
            51.1996082
          ],
          [
            71.4009927,
            51.199404
          ]
        ]
      }
    },
    {
      "type": "Feature",
      "id": "way/1058688796",
      "properties": {
        "role": "mapped_railway",
        "osm_way_id": "1058688796",
        "electrified": "contact_line",
        "frequency": "50",
        "gauge": "1520",
        "railway": "rail",
        "service": "siding",
        "voltage": "25000"
      },
      "geometry": {
        "type": "LineString",
        "coordinates": [
          [
            71.4009946,
            51.1993389
          ],
          [
            71.4005756,
            51.1995393
          ],
          [
            71.4001183,
            51.1997771
          ],
          [
            71.3997281,
            51.1999813
          ],
          [
            71.3992989,
            51.2002284
          ],
          [
            71.3990535,
            51.2003813
          ],
          [
            71.3987866,
            51.2005578
          ],
          [
            71.3984714,
            51.200778
          ],
          [
            71.3982233,
            51.2009536
          ],
          [
            71.3899702,
            51.2069355
          ],
          [
            71.3897274,
            51.2071145
          ],
          [
            71.3895598,
            51.2072396
          ],
          [
            71.3893023,
            51.2074337
          ],
          [
            71.3890435,
            51.2076085
          ]
        ]
      }
    },
    {
      "type": "Feature",
      "id": "way/1058688797",
      "properties": {
        "role": "mapped_railway",
        "osm_way_id": "1058688797",
        "electrified": "contact_line",
        "frequency": "50",
        "gauge": "1520",
        "railway": "rail",
        "service": "siding",
        "voltage": "25000"
      },
      "geometry": {
        "type": "LineString",
        "coordinates": [
          [
            71.4059996,
            51.1976895
          ],
          [
            71.4051602,
            51.1979006
          ]
        ]
      }
    },
    {
      "type": "Feature",
      "id": "way/1058688798",
      "properties": {
        "role": "mapped_railway",
        "osm_way_id": "1058688798",
        "electrified": "contact_line",
        "frequency": "50",
        "gauge": "1520",
        "railway": "rail",
        "service": "siding",
        "source": "bing",
        "voltage": "25000"
      },
      "geometry": {
        "type": "LineString",
        "coordinates": [
          [
            71.4055569,
            51.197778
          ],
          [
            71.4051602,
            51.1979006
          ],
          [
            71.4049836,
            51.1979574
          ],
          [
            71.404634,
            51.1980702
          ],
          [
            71.4026373,
            51.1987003
          ],
          [
            71.4025139,
            51.1987416
          ],
          [
            71.4019895,
            51.198939
          ],
          [
            71.4010973,
            51.1992984
          ]
        ]
      }
    },
    {
      "type": "Feature",
      "id": "way/1058688799",
      "properties": {
        "role": "mapped_railway",
        "osm_way_id": "1058688799",
        "electrified": "contact_line",
        "frequency": "50",
        "gauge": "1520",
        "railway": "rail",
        "service": "siding",
        "source": "bing",
        "voltage": "25000"
      },
      "geometry": {
        "type": "LineString",
        "coordinates": [
          [
            71.4222965,
            51.1926519
          ],
          [
            71.4216498,
            51.1929093
          ],
          [
            71.421352,
            51.1930194
          ],
          [
            71.4210784,
            51.1931102
          ],
          [
            71.4086746,
            51.1970443
          ],
          [
            71.4083728,
            51.197135
          ],
          [
            71.408051,
            51.1972241
          ],
          [
            71.4076808,
            51.1973199
          ],
          [
            71.4067058,
            51.197504
          ],
          [
            71.4064886,
            51.1975561
          ],
          [
            71.4061164,
            51.197652
          ]
        ]
      }
    },
    {
      "type": "Feature",
      "id": "way/1058688800",
      "properties": {
        "role": "mapped_railway",
        "osm_way_id": "1058688800",
        "electrified": "contact_line",
        "frequency": "50",
        "gauge": "1520",
        "railway": "rail",
        "service": "siding",
        "source": "bing",
        "voltage": "25000"
      },
      "geometry": {
        "type": "LineString",
        "coordinates": [
          [
            71.4067058,
            51.197504
          ],
          [
            71.4069888,
            51.1974376
          ],
          [
            71.4080121,
            51.1971812
          ],
          [
            71.408305,
            51.1971046
          ],
          [
            71.4086214,
            51.1970121
          ],
          [
            71.4210422,
            51.1930709
          ],
          [
            71.4213185,
            51.192974
          ],
          [
            71.4218402,
            51.1927765
          ],
          [
            71.4222077,
            51.1926538
          ]
        ]
      }
    },
    {
      "type": "Feature",
      "id": "way/1058688801",
      "properties": {
        "role": "mapped_railway",
        "osm_way_id": "1058688801",
        "electrified": "contact_line",
        "frequency": "50",
        "gauge": "1520",
        "railway": "rail",
        "service": "siding",
        "source": "bing",
        "voltage": "25000"
      },
      "geometry": {
        "type": "LineString",
        "coordinates": [
          [
            71.406633,
            51.1974905
          ],
          [
            71.4071658,
            51.1973426
          ],
          [
            71.4079839,
            51.1971375
          ],
          [
            71.4082682,
            51.1970607
          ],
          [
            71.4085879,
            51.1969633
          ],
          [
            71.421004,
            51.1930236
          ],
          [
            71.4215425,
            51.1928371
          ],
          [
            71.4217463,
            51.1927732
          ],
          [
            71.4222077,
            51.1926538
          ],
          [
            71.4224383,
            51.1925918
          ]
        ]
      }
    },
    {
      "type": "Feature",
      "id": "way/1058688802",
      "properties": {
        "role": "mapped_railway",
        "osm_way_id": "1058688802",
        "electrified": "contact_line",
        "frequency": "50",
        "gauge": "1520",
        "railway": "rail",
        "service": "siding",
        "source": "bing",
        "voltage": "25000"
      },
      "geometry": {
        "type": "LineString",
        "coordinates": [
          [
            71.4072505,
            51.197296
          ],
          [
            71.4082333,
            51.1970266
          ],
          [
            71.4085593,
            51.1969294
          ],
          [
            71.4209719,
            51.192984
          ],
          [
            71.4212139,
            51.1928959
          ],
          [
            71.4214151,
            51.1928177
          ],
          [
            71.4216082,
            51.1927345
          ],
          [
            71.421808,
            51.1926404
          ],
          [
            71.4219555,
            51.1925673
          ],
          [
            71.4221013,
            51.1924993
          ]
        ]
      }
    },
    {
      "type": "Feature",
      "id": "way/1058688803",
      "properties": {
        "role": "mapped_railway",
        "osm_way_id": "1058688803",
        "electrified": "contact_line",
        "frequency": "50",
        "gauge": "1520",
        "railway": "rail",
        "service": "siding",
        "source": "bing",
        "voltage": "25000"
      },
      "geometry": {
        "type": "LineString",
        "coordinates": [
          [
            71.4055569,
            51.197778
          ],
          [
            71.4060768,
            51.1976107
          ],
          [
            71.4074767,
            51.1971621
          ],
          [
            71.4209005,
            51.1928957
          ],
          [
            71.4214218,
            51.1927269
          ],
          [
            71.4217708,
            51.192625
          ]
        ]
      }
    },
    {
      "type": "Feature",
      "id": "way/1058688804",
      "properties": {
        "role": "mapped_railway",
        "osm_way_id": "1058688804",
        "electrified": "contact_line",
        "frequency": "50",
        "gauge": "1520",
        "railway": "rail",
        "service": "siding",
        "source": "bing",
        "voltage": "25000"
      },
      "geometry": {
        "type": "LineString",
        "coordinates": [
          [
            71.4060768,
            51.1976107
          ],
          [
            71.406396,
            51.1974951
          ],
          [
            71.4065945,
            51.1974124
          ],
          [
            71.4067756,
            51.1973392
          ],
          [
            71.4070103,
            51.1972569
          ],
          [
            71.4075367,
            51.1970924
          ],
          [
            71.4208693,
            51.192857
          ],
          [
            71.4211938,
            51.1927538
          ],
          [
            71.4215532,
            51.1926261
          ],
          [
            71.4217249,
            51.1925681
          ]
        ]
      }
    },
    {
      "type": "Feature",
      "id": "way/1058688805",
      "properties": {
        "role": "mapped_railway",
        "osm_way_id": "1058688805",
        "electrified": "contact_line",
        "frequency": "50",
        "gauge": "1520",
        "railway": "rail",
        "service": "siding",
        "source": "bing",
        "voltage": "25000"
      },
      "geometry": {
        "type": "LineString",
        "coordinates": [
          [
            71.4059524,
            51.1976271
          ],
          [
            71.4066777,
            51.197325
          ],
          [
            71.4069284,
            51.1972283
          ],
          [
            71.4071766,
            51.1971417
          ],
          [
            71.4076433,
            51.196988
          ],
          [
            71.4206392,
            51.1928627
          ],
          [
            71.420892,
            51.1927833
          ],
          [
            71.4211415,
            51.1927101
          ],
          [
            71.4214124,
            51.1926471
          ],
          [
            71.4217249,
            51.1925681
          ],
          [
            71.4220625,
            51.1924809
          ]
        ]
      }
    },
    {
      "type": "Feature",
      "id": "way/1059570946",
      "properties": {
        "role": "mapped_railway",
        "osm_way_id": "1059570946",
        "electrified": "contact_line",
        "frequency": "50",
        "gauge": "1520",
        "railway": "rail",
        "service": "siding",
        "voltage": "25000"
      },
      "geometry": {
        "type": "LineString",
        "coordinates": [
          [
            71.44401,
            51.1853268
          ],
          [
            71.4437176,
            51.1854882
          ],
          [
            71.4435446,
            51.1855941
          ],
          [
            71.4433958,
            51.1856807
          ],
          [
            71.4432308,
            51.1857707
          ],
          [
            71.4429854,
            51.1858841
          ],
          [
            71.4428003,
            51.1859674
          ],
          [
            71.4425911,
            51.1860464
          ],
          [
            71.4422491,
            51.1861565
          ],
          [
            71.4295435,
            51.190071
          ],
          [
            71.429282,
            51.1901575
          ],
          [
            71.4290051,
            51.1902318
          ]
        ]
      }
    },
    {
      "type": "Feature",
      "id": "way/1059570947",
      "properties": {
        "role": "mapped_railway",
        "osm_way_id": "1059570947",
        "electrified": "contact_line",
        "frequency": "50",
        "gauge": "1520",
        "railway": "rail",
        "service": "siding",
        "voltage": "25000"
      },
      "geometry": {
        "type": "LineString",
        "coordinates": [
          [
            71.4439188,
            51.1855471
          ],
          [
            71.4436345,
            51.1857337
          ],
          [
            71.4433783,
            51.1859127
          ],
          [
            71.4432845,
            51.1859716
          ],
          [
            71.4431839,
            51.1860304
          ],
          [
            71.4430471,
            51.1861027
          ],
          [
            71.4428446,
            51.1861893
          ],
          [
            71.4425857,
            51.1862868
          ],
          [
            71.4423658,
            51.1863616
          ],
          [
            71.4420292,
            51.1864717
          ],
          [
            71.4415155,
            51.1866314
          ],
          [
            71.4307116,
            51.1899525
          ],
          [
            71.4304608,
            51.1900247
          ],
          [
            71.4301845,
            51.1900979
          ],
          [
            71.4299498,
            51.1901533
          ],
          [
            71.4297433,
            51.1901954
          ],
          [
            71.4294013,
            51.1902492
          ],
          [
            71.4291532,
            51.1902912
          ]
        ]
      }
    },
    {
      "type": "Feature",
      "id": "way/1059570948",
      "properties": {
        "role": "mapped_railway",
        "osm_way_id": "1059570948",
        "electrified": "contact_line",
        "frequency": "50",
        "gauge": "1520",
        "railway": "rail",
        "service": "siding",
        "voltage": "25000"
      },
      "geometry": {
        "type": "LineString",
        "coordinates": [
          [
            71.4445224,
            51.1851955
          ],
          [
            71.444297,
            51.1853209
          ],
          [
            71.4439188,
            51.1855471
          ],
          [
            71.4435419,
            51.1857673
          ],
          [
            71.4433274,
            51.1858858
          ],
          [
            71.4431329,
            51.1859859
          ],
          [
            71.4429586,
            51.1860674
          ],
          [
            71.4427453,
            51.186159
          ],
          [
            71.4425509,
            51.186238
          ],
          [
            71.4423148,
            51.1863204
          ],
          [
            71.4419876,
            51.1864305
          ],
          [
            71.441482,
            51.1865869
          ],
          [
            71.4305936,
            51.1899256
          ],
          [
            71.4301725,
            51.19005
          ],
          [
            71.4295757,
            51.1902004
          ],
          [
            71.4291532,
            51.1902912
          ],
          [
            71.4286704,
            51.1903803
          ],
          [
            71.4282762,
            51.1904627
          ]
        ]
      }
    },
    {
      "type": "Feature",
      "id": "way/1059570949",
      "properties": {
        "role": "mapped_railway",
        "osm_way_id": "1059570949",
        "electrified": "contact_line",
        "frequency": "50",
        "gauge": "1520",
        "railway": "rail",
        "service": "siding",
        "voltage": "25000"
      },
      "geometry": {
        "type": "LineString",
        "coordinates": [
          [
            71.443988,
            51.1854592
          ],
          [
            71.4437069,
            51.1856093
          ],
          [
            71.4435326,
            51.1857127
          ],
          [
            71.4433649,
            51.1858068
          ],
          [
            71.4432026,
            51.1858934
          ],
          [
            71.4430565,
            51.1859699
          ],
          [
            71.4428848,
            51.1860481
          ],
          [
            71.442689,
            51.1861271
          ],
          [
            71.4425012,
            51.1862044
          ],
          [
            71.44228,
            51.1862801
          ],
          [
            71.4420278,
            51.1863641
          ],
          [
            71.4304782,
            51.1899096
          ],
          [
            71.4301215,
            51.1900054
          ],
          [
            71.4282762,
            51.1904627
          ],
          [
            71.4277322,
            51.1905938
          ],
          [
            71.4272717,
            51.1907047
          ],
          [
            71.4265931,
            51.1908712
          ]
        ]
      }
    },
    {
      "type": "Feature",
      "id": "way/1059570950",
      "properties": {
        "role": "mapped_railway",
        "osm_way_id": "1059570950",
        "electrified": "contact_line",
        "frequency": "50",
        "gauge": "1520",
        "railway": "rail",
        "service": "siding",
        "voltage": "25000"
      },
      "geometry": {
        "type": "LineString",
        "coordinates": [
          [
            71.4277322,
            51.1905938
          ],
          [
            71.4280495,
            51.1905047
          ],
          [
            71.428292,
            51.1904216
          ],
          [
            71.429278,
            51.1901046
          ],
          [
            71.4422424,
            51.1861178
          ],
          [
            71.4425093,
            51.1860296
          ],
          [
            71.4427239,
            51.1859497
          ],
          [
            71.4429022,
            51.185869
          ],
          [
            71.4431383,
            51.1857581
          ],
          [
            71.44401,
            51.1853268
          ],
          [
            71.4444528,
            51.1851214
          ]
        ]
      }
    },
    {
      "type": "Feature",
      "id": "way/1059570951",
      "properties": {
        "role": "mapped_railway",
        "osm_way_id": "1059570951",
        "gauge": "1520",
        "railway": "rail",
        "service": "siding"
      },
      "geometry": {
        "type": "LineString",
        "coordinates": [
          [
            71.4269941,
            51.1906888
          ],
          [
            71.4278206,
            51.1904699
          ],
          [
            71.4284679,
            51.1903114
          ],
          [
            71.4290178,
            51.1901777
          ],
          [
            71.429278,
            51.1901046
          ]
        ]
      }
    },
    {
      "type": "Feature",
      "id": "way/1059570953",
      "properties": {
        "role": "mapped_railway",
        "osm_way_id": "1059570953",
        "gauge": "1520",
        "railway": "rail",
        "service": "siding"
      },
      "geometry": {
        "type": "LineString",
        "coordinates": [
          [
            71.427969,
            51.190366
          ],
          [
            71.4272313,
            51.1906619
          ],
          [
            71.4266507,
            51.1909073
          ],
          [
            71.4262095,
            51.1910939
          ],
          [
            71.4259708,
            51.1912031
          ],
          [
            71.4258139,
            51.1912838
          ],
          [
            71.425665,
            51.1913687
          ],
          [
            71.4255363,
            51.1914553
          ],
          [
            71.4253928,
            51.1915604
          ],
          [
            71.42526,
            51.1916688
          ],
          [
            71.4251353,
            51.1917772
          ],
          [
            71.4250186,
            51.1919016
          ],
          [
            71.4247745,
            51.192179
          ],
          [
            71.4246632,
            51.1923017
          ],
          [
            71.4245452,
            51.1924151
          ],
          [
            71.4244245,
            51.1925294
          ],
          [
            71.4243011,
            51.1926379
          ],
          [
            71.4241791,
            51.1927354
          ],
          [
            71.4240356,
            51.1928387
          ],
          [
            71.4239015,
            51.1929312
          ],
          [
            71.4236936,
            51.1930497
          ],
          [
            71.4235689,
            51.193122
          ],
          [
            71.4234384,
            51.1931902
          ],
          [
            71.4232631,
            51.1932817
          ],
          [
            71.4230512,
            51.193364
          ],
          [
            71.4228742,
            51.1934296
          ],
          [
            71.4226864,
            51.1934876
          ],
          [
            71.4224772,
            51.1935397
          ],
          [
            71.4222774,
            51.1935859
          ],
          [
            71.4220615,
            51.1936313
          ],
          [
            71.4216457,
            51.1937145
          ],
          [
            71.4214754,
            51.1937506
          ],
          [
            71.4213212,
            51.193791
          ],
          [
            71.4211173,
            51.193854
          ],
          [
            71.4155276,
            51.1956122
          ],
          [
            71.4153425,
            51.1956626
          ],
          [
            71.4151078,
            51.1957155
          ],
          [
            71.414908,
            51.1957542
          ],
          [
            71.4147109,
            51.1957887
          ],
          [
            71.4141757,
            51.1958685
          ],
          [
            71.4139062,
            51.1959114
          ],
          [
            71.4136327,
            51.1959635
          ]
        ]
      }
    },
    {
      "type": "Feature",
      "id": "way/1059570954",
      "properties": {
        "role": "mapped_railway",
        "osm_way_id": "1059570954",
        "electrified": "contact_line",
        "frequency": "50",
        "gauge": "1520",
        "railway": "rail",
        "service": "siding",
        "source": "bing",
        "voltage": "25000"
      },
      "geometry": {
        "type": "LineString",
        "coordinates": [
          [
            71.4432711,
            51.1855832
          ],
          [
            71.4429854,
            51.1857127
          ],
          [
            71.4427882,
            51.185811
          ],
          [
            71.4426702,
            51.1858614
          ],
          [
            71.4425147,
            51.1859203
          ],
          [
            71.4421861,
            51.186027
          ],
          [
            71.4286447,
            51.1901951
          ],
          [
            71.4278206,
            51.1904699
          ],
          [
            71.4272313,
            51.1906619
          ],
          [
            71.4265931,
            51.1908712
          ]
        ]
      }
    },
    {
      "type": "Feature",
      "id": "way/1059570955",
      "properties": {
        "role": "mapped_railway",
        "osm_way_id": "1059570955",
        "gauge": "1520",
        "railway": "rail",
        "service": "siding",
        "source": "bing"
      },
      "geometry": {
        "type": "LineString",
        "coordinates": [
          [
            71.4265931,
            51.1908712
          ],
          [
            71.4259248,
            51.1910918
          ],
          [
            71.4253252,
            51.1912898
          ],
          [
            71.4248736,
            51.1914574
          ],
          [
            71.4243869,
            51.1916621
          ],
          [
            71.4234049,
            51.192094
          ],
          [
            71.4230694,
            51.1922099
          ]
        ]
      }
    },
    {
      "type": "Feature",
      "id": "way/1059570956",
      "properties": {
        "role": "mapped_railway",
        "osm_way_id": "1059570956",
        "electrified": "contact_line",
        "frequency": "50",
        "gauge": "1520",
        "railway": "rail",
        "service": "yard",
        "voltage": "25000"
      },
      "geometry": {
        "type": "LineString",
        "coordinates": [
          [
            71.4210047,
            51.1922837
          ],
          [
            71.4220217,
            51.1920157
          ]
        ]
      }
    },
    {
      "type": "Feature",
      "id": "way/1059570957",
      "properties": {
        "role": "mapped_railway",
        "osm_way_id": "1059570957",
        "electrified": "contact_line",
        "frequency": "50",
        "gauge": "1520",
        "railway": "rail",
        "service": "crossover",
        "voltage": "25000"
      },
      "geometry": {
        "type": "LineString",
        "coordinates": [
          [
            71.4216923,
            51.192239
          ],
          [
            71.4227212,
            51.1918502
          ]
        ]
      }
    },
    {
      "type": "Feature",
      "id": "way/1059611903",
      "properties": {
        "role": "mapped_railway",
        "osm_way_id": "1059611903",
        "gauge": "1520",
        "railway": "rail",
        "service": "yard"
      },
      "geometry": {
        "type": "LineString",
        "coordinates": [
          [
            71.4130861,
            51.1945863
          ],
          [
            71.4142066,
            51.1942415
          ],
          [
            71.415073,
            51.193986
          ],
          [
            71.4159206,
            51.193712
          ],
          [
            71.416406,
            51.1935641
          ],
          [
            71.417731,
            51.1931808
          ],
          [
            71.418183,
            51.1930488
          ],
          [
            71.4186122,
            51.1929026
          ],
          [
            71.4187838,
            51.1928505
          ],
          [
            71.4191517,
            51.1927657
          ]
        ]
      }
    },
    {
      "type": "Feature",
      "id": "way/1059611904",
      "properties": {
        "role": "mapped_railway",
        "osm_way_id": "1059611904",
        "gauge": "1520",
        "railway": "rail",
        "service": "yard"
      },
      "geometry": {
        "type": "LineString",
        "coordinates": [
          [
            71.4132906,
            51.194207
          ],
          [
            71.4170913,
            51.1930951
          ],
          [
            71.4173824,
            51.1930203
          ],
          [
            71.4176224,
            51.1929631
          ],
          [
            71.4178638,
            51.1929219
          ],
          [
            71.4184646,
            51.1928371
          ],
          [
            71.419044,
            51.1927633
          ],
          [
            71.4194761,
            51.1927025
          ]
        ]
      }
    },
    {
      "type": "Feature",
      "id": "way/1059611905",
      "properties": {
        "role": "mapped_railway",
        "osm_way_id": "1059611905",
        "gauge": "1520",
        "railway": "rail",
        "service": "yard"
      },
      "geometry": {
        "type": "LineString",
        "coordinates": [
          [
            71.4133188,
            51.1942583
          ],
          [
            71.4170752,
            51.1931539
          ],
          [
            71.4173985,
            51.1930648
          ],
          [
            71.4177109,
            51.1929875
          ],
          [
            71.417959,
            51.1929312
          ],
          [
            71.4182299,
            51.1928757
          ],
          [
            71.4184646,
            51.1928371
          ]
        ]
      }
    },
    {
      "type": "Feature",
      "id": "way/1059611906",
      "properties": {
        "role": "mapped_railway",
        "osm_way_id": "1059611906",
        "gauge": "1520",
        "railway": "rail",
        "service": "yard"
      },
      "geometry": {
        "type": "LineString",
        "coordinates": [
          [
            71.4111958,
            51.1950004
          ],
          [
            71.4129701,
            51.1944608
          ],
          [
            71.4132437,
            51.1943818
          ],
          [
            71.4135119,
            51.1943221
          ],
          [
            71.4137869,
            51.1942692
          ],
          [
            71.4141466,
            51.1941738
          ]
        ]
      }
    },
    {
      "type": "Feature",
      "id": "way/1059611907",
      "properties": {
        "role": "mapped_railway",
        "osm_way_id": "1059611907",
        "gauge": "1520",
        "railway": "rail",
        "service": "yard"
      },
      "geometry": {
        "type": "LineString",
        "coordinates": [
          [
            71.4158615,
            51.1939414
          ],
          [
            71.4154941,
            51.1940179
          ],
          [
            71.4151132,
            51.1940902
          ],
          [
            71.4149094,
            51.1941305
          ],
          [
            71.4146706,
            51.1941885
          ],
          [
            71.4144413,
            51.1942499
          ],
          [
            71.4131325,
            51.1946421
          ]
        ]
      }
    },
    {
      "type": "Feature",
      "id": "way/1059667044",
      "properties": {
        "role": "mapped_railway",
        "osm_way_id": "1059667044",
        "electrified": "contact_line",
        "frequency": "50",
        "gauge": "1520",
        "railway": "rail",
        "service": "siding",
        "voltage": "25000"
      },
      "geometry": {
        "type": "LineString",
        "coordinates": [
          [
            71.3876778,
            51.2084931
          ],
          [
            71.3884404,
            51.2081574
          ]
        ]
      }
    },
    {
      "type": "Feature",
      "id": "way/1059667045",
      "properties": {
        "role": "mapped_railway",
        "osm_way_id": "1059667045",
        "electrified": "contact_line",
        "frequency": "50",
        "gauge": "1520",
        "railway": "rail",
        "service": "siding",
        "voltage": "25000"
      },
      "geometry": {
        "type": "LineString",
        "coordinates": [
          [
            71.3885028,
            51.2080561
          ],
          [
            71.3876662,
            51.2085724
          ]
        ]
      }
    },
    {
      "type": "Feature",
      "id": "way/1059667046",
      "properties": {
        "role": "mapped_railway",
        "osm_way_id": "1059667046",
        "electrified": "contact_line",
        "frequency": "50",
        "gauge": "1520",
        "railway": "rail",
        "service": "yard",
        "voltage": "25000"
      },
      "geometry": {
        "type": "LineString",
        "coordinates": [
          [
            71.3880582,
            51.2081366
          ],
          [
            71.3873958,
            51.2085717
          ],
          [
            71.3870969,
            51.208773
          ],
          [
            71.3867663,
            51.2089814
          ]
        ]
      }
    },
    {
      "type": "Feature",
      "id": "way/1059667047",
      "properties": {
        "role": "mapped_railway",
        "osm_way_id": "1059667047",
        "electrified": "contact_line",
        "frequency": "50",
        "gauge": "1520",
        "railway": "rail",
        "service": "yard",
        "voltage": "25000"
      },
      "geometry": {
        "type": "LineString",
        "coordinates": [
          [
            71.3875264,
            51.2085759
          ],
          [
            71.3867663,
            51.2089814
          ],
          [
            71.3866322,
            51.2090528
          ],
          [
            71.3865101,
            51.2091099
          ],
          [
            71.3863841,
            51.2091586
          ],
          [
            71.3862312,
            51.2092166
          ],
          [
            71.3858503,
            51.2093544
          ]
        ]
      }
    },
    {
      "type": "Feature",
      "id": "way/1059667049",
      "properties": {
        "role": "mapped_railway",
        "osm_way_id": "1059667049",
        "electrified": "no",
        "gauge": "1520",
        "railway": "rail",
        "service": "siding"
      },
      "geometry": {
        "type": "LineString",
        "coordinates": [
          [
            71.4007007,
            51.1998118
          ],
          [
            71.400286,
            51.2000385
          ],
          [
            71.3999829,
            51.2002049
          ],
          [
            71.3996865,
            51.2003755
          ],
          [
            71.3994451,
            51.2005217
          ],
          [
            71.3992734,
            51.2006385
          ],
          [
            71.3908513,
            51.2067414
          ],
          [
            71.3905804,
            51.2069262
          ],
          [
            71.3903376,
            51.2070691
          ],
          [
            71.3895075,
            51.2075304
          ],
          [
            71.3889708,
            51.2078118
          ],
          [
            71.3889434,
            51.2078261
          ],
          [
            71.3885028,
            51.2080561
          ],
          [
            71.3876778,
            51.2084931
          ],
          [
            71.3875264,
            51.2085759
          ],
          [
            71.3870969,
            51.208773
          ],
          [
            71.3865967,
            51.2089822
          ]
        ]
      }
    },
    {
      "type": "Feature",
      "id": "way/1059667050",
      "properties": {
        "role": "mapped_railway",
        "osm_way_id": "1059667050",
        "electrified": "contact_line",
        "frequency": "50",
        "gauge": "1520",
        "railway": "rail",
        "service": "siding",
        "voltage": "25000"
      },
      "geometry": {
        "type": "LineString",
        "coordinates": [
          [
            71.4002913,
            51.2000645
          ],
          [
            71.3998407,
            51.2003914
          ],
          [
            71.3997039,
            51.2004906
          ],
          [
            71.3993204,
            51.2007561
          ],
          [
            71.3988966,
            51.2010578
          ],
          [
            71.3976453,
            51.2019704
          ],
          [
            71.3911919,
            51.2066498
          ],
          [
            71.3910122,
            51.2067809
          ],
          [
            71.390807,
            51.2069246
          ],
          [
            71.3905965,
            51.2070691
          ],
          [
            71.3903658,
            51.2072111
          ],
          [
            71.3901713,
            51.2073211
          ],
          [
            71.3899541,
            51.2074379
          ],
          [
            71.3897583,
            51.2075346
          ],
          [
            71.3895451,
            51.2076337
          ],
          [
            71.3893197,
            51.2077295
          ],
          [
            71.3890582,
            51.2078396
          ],
          [
            71.3889854,
            51.2078751
          ],
          [
            71.3887927,
            51.2079689
          ]
        ]
      }
    },
    {
      "type": "Feature",
      "id": "way/1059667051",
      "properties": {
        "role": "mapped_railway",
        "osm_way_id": "1059667051",
        "gauge": "1520",
        "railway": "rail",
        "service": "yard"
      },
      "geometry": {
        "type": "LineString",
        "coordinates": [
          [
            71.3952743,
            51.2038442
          ],
          [
            71.3950852,
            51.203998
          ],
          [
            71.3949484,
            51.2041274
          ],
          [
            71.3948397,
            51.2042459
          ],
          [
            71.3947673,
            51.2043459
          ],
          [
            71.3947137,
            51.204445
          ],
          [
            71.3946654,
            51.2045643
          ],
          [
            71.3941678,
            51.2059222
          ]
        ]
      }
    },
    {
      "type": "Feature",
      "id": "way/1059667052",
      "properties": {
        "role": "mapped_railway",
        "osm_way_id": "1059667052",
        "electrified": "no",
        "gauge": "1520",
        "railway": "rail",
        "service": "siding"
      },
      "geometry": {
        "type": "LineString",
        "coordinates": [
          [
            71.4003088,
            51.2001839
          ],
          [
            71.4000875,
            51.2003419
          ],
          [
            71.3998675,
            51.2005158
          ],
          [
            71.3997307,
            51.20062
          ],
          [
            71.3995587,
            51.2007523
          ],
          [
            71.3970482,
            51.202554
          ],
          [
            71.3968286,
            51.2027208
          ],
          [
            71.3964866,
            51.2029703
          ],
          [
            71.3960308,
            51.2032958
          ],
          [
            71.3956504,
            51.2035674
          ],
          [
            71.3952743,
            51.2038442
          ],
          [
            71.3948746,
            51.2041341
          ],
          [
            71.3947807,
            51.204203
          ],
          [
            71.3946828,
            51.2042929
          ],
          [
            71.3945822,
            51.2043896
          ],
          [
            71.3944253,
            51.2045551
          ]
        ]
      }
    },
    {
      "type": "Feature",
      "id": "way/1059667053",
      "properties": {
        "role": "mapped_railway",
        "osm_way_id": "1059667053",
        "electrified": "no",
        "gauge": "1520",
        "railway": "rail",
        "service": "siding"
      },
      "geometry": {
        "type": "LineString",
        "coordinates": [
          [
            71.4008253,
            51.199837
          ],
          [
            71.4005622,
            51.2000292
          ],
          [
            71.400113,
            51.2003965
          ],
          [
            71.3997978,
            51.2006419
          ],
          [
            71.3996087,
            51.2007797
          ],
          [
            71.3979042,
            51.2020124
          ],
          [
            71.3975568,
            51.2022469
          ],
          [
            71.3970982,
            51.2025813
          ],
          [
            71.3969935,
            51.2026527
          ],
          [
            71.3968608,
            51.2027393
          ],
          [
            71.3966811,
            51.2028376
          ],
          [
            71.3964866,
            51.2029703
          ]
        ]
      }
    },
    {
      "type": "Feature",
      "id": "way/1059667054",
      "properties": {
        "role": "mapped_railway",
        "osm_way_id": "1059667054",
        "electrified": "no",
        "gauge": "1520",
        "railway": "rail",
        "service": "siding"
      },
      "geometry": {
        "type": "LineString",
        "coordinates": [
          [
            71.400113,
            51.2003965
          ],
          [
            71.3999654,
            51.20052
          ],
          [
            71.3998045,
            51.2006713
          ],
          [
            71.3997254,
            51.2007461
          ],
          [
            71.3996476,
            51.2008082
          ],
          [
            71.3994029,
            51.2009898
          ],
          [
            71.3990348,
            51.2012587
          ],
          [
            71.3974006,
            51.2024382
          ],
          [
            71.3971968,
            51.2025914
          ],
          [
            71.3971049,
            51.2026552
          ],
          [
            71.3969868,
            51.2027292
          ],
          [
            71.3967776,
            51.2028535
          ],
          [
            71.3964947,
            51.2030174
          ],
          [
            71.396209,
            51.2031846
          ],
          [
            71.3960308,
            51.2032958
          ]
        ]
      }
    },
    {
      "type": "Feature",
      "id": "way/1059667055",
      "properties": {
        "role": "mapped_railway",
        "osm_way_id": "1059667055",
        "railway": "rail",
        "service": "spur"
      },
      "geometry": {
        "type": "LineString",
        "coordinates": [
          [
            71.4001237,
            51.2006763
          ],
          [
            71.4002526,
            51.2005033
          ],
          [
            71.400349,
            51.2003855
          ],
          [
            71.4004885,
            51.2002545
          ],
          [
            71.4006574,
            51.200104
          ],
          [
            71.4009398,
            51.1998773
          ]
        ]
      }
    },
    {
      "type": "Feature",
      "id": "way/1059667056",
      "properties": {
        "role": "mapped_railway",
        "osm_way_id": "1059667056",
        "electrified": "no",
        "gauge": "1520",
        "railway": "rail",
        "service": "spur"
      },
      "geometry": {
        "type": "LineString",
        "coordinates": [
          [
            71.407375,
            51.1983586
          ],
          [
            71.4076647,
            51.1983758
          ],
          [
            71.4078364,
            51.1983914
          ],
          [
            71.4080644,
            51.1984216
          ],
          [
            71.4082085,
            51.1984364
          ],
          [
            71.4083634,
            51.1984456
          ],
          [
            71.4085331,
            51.1984523
          ],
          [
            71.4087376,
            51.1984544
          ],
          [
            71.4089274,
            51.1984515
          ],
          [
            71.4091051,
            51.1984389
          ],
          [
            71.4092781,
            51.1984174
          ],
          [
            71.4098923,
            51.1983284
          ],
          [
            71.4101686,
            51.1982998
          ],
          [
            71.4108163,
            51.19822
          ],
          [
            71.4109518,
            51.1982015
          ],
          [
            71.4110966,
            51.1981754
          ],
          [
            71.4112589,
            51.1981384
          ],
          [
            71.4114667,
            51.1980838
          ],
          [
            71.4116974,
            51.1980115
          ],
          [
            71.4125691,
            51.1977426
          ],
          [
            71.4127502,
            51.1976888
          ]
        ]
      }
    },
    {
      "type": "Feature",
      "id": "way/1059667057",
      "properties": {
        "role": "mapped_railway",
        "osm_way_id": "1059667057",
        "electrified": "no",
        "gauge": "1520",
        "railway": "rail",
        "service": "siding"
      },
      "geometry": {
        "type": "LineString",
        "coordinates": [
          [
            71.4226968,
            51.1939206
          ],
          [
            71.4225349,
            51.1940566
          ],
          [
            71.4223657,
            51.1941755
          ],
          [
            71.4222876,
            51.1942274
          ],
          [
            71.4221994,
            51.1942841
          ],
          [
            71.4221251,
            51.1943289
          ],
          [
            71.4220502,
            51.1943708
          ],
          [
            71.4219584,
            51.1944202
          ],
          [
            71.4218119,
            51.1944953
          ],
          [
            71.4216228,
            51.1945854
          ],
          [
            71.4214362,
            51.1946698
          ],
          [
            71.421094,
            51.1948206
          ],
          [
            71.4208708,
            51.1949178
          ],
          [
            71.4204908,
            51.1950737
          ],
          [
            71.420156,
            51.1952025
          ],
          [
            71.4197353,
            51.1953508
          ],
          [
            71.4192995,
            51.1954955
          ],
          [
            71.4175476,
            51.1960432
          ],
          [
            71.4162846,
            51.1964271
          ],
          [
            71.4158897,
            51.1965484
          ],
          [
            71.4155155,
            51.1966501
          ]
        ]
      }
    },
    {
      "type": "Feature",
      "id": "way/1059667058",
      "properties": {
        "role": "mapped_railway",
        "osm_way_id": "1059667058",
        "electrified": "no",
        "gauge": "1520",
        "railway": "rail",
        "service": "siding"
      },
      "geometry": {
        "type": "LineString",
        "coordinates": [
          [
            71.4231183,
            51.1935918
          ],
          [
            71.4228822,
            51.1937666
          ],
          [
            71.4226968,
            51.1939206
          ],
          [
            71.4223967,
            51.194191
          ],
          [
            71.4223176,
            51.1942574
          ],
          [
            71.4222465,
            51.1943104
          ],
          [
            71.4221688,
            51.1943625
          ],
          [
            71.4220923,
            51.1944087
          ],
          [
            71.4220051,
            51.1944541
          ],
          [
            71.4218549,
            51.1945306
          ],
          [
            71.4216645,
            51.1946213
          ],
          [
            71.4214821,
            51.1947045
          ],
          [
            71.4211307,
            51.1948575
          ],
          [
            71.4209054,
            51.1949508
          ],
          [
            71.4205246,
            51.1951071
          ],
          [
            71.4201879,
            51.1952365
          ],
          [
            71.4197655,
            51.1953855
          ],
          [
            71.4193283,
            51.1955307
          ],
          [
            71.4175755,
            51.1960786
          ],
          [
            71.4163122,
            51.1964627
          ],
          [
            71.4161807,
            51.196498
          ],
          [
            71.4160547,
            51.1965291
          ],
          [
            71.4155155,
            51.1966501
          ],
          [
            71.4152245,
            51.1967157
          ],
          [
            71.4149429,
            51.1967938
          ]
        ]
      }
    },
    {
      "type": "Feature",
      "id": "way/1059667059",
      "properties": {
        "role": "mapped_railway",
        "osm_way_id": "1059667059",
        "electrified": "no",
        "gauge": "1520",
        "railway": "rail",
        "service": "siding"
      },
      "geometry": {
        "type": "LineString",
        "coordinates": [
          [
            71.4016753,
            51.1993729
          ],
          [
            71.4012475,
            51.1995855
          ],
          [
            71.4008895,
            51.199794
          ]
        ]
      }
    },
    {
      "type": "Feature",
      "id": "way/1059667060",
      "properties": {
        "role": "mapped_railway",
        "osm_way_id": "1059667060",
        "electrified": "no",
        "gauge": "1520",
        "railway": "rail",
        "service": "siding"
      },
      "geometry": {
        "type": "LineString",
        "coordinates": [
          [
            71.4021353,
            51.1991837
          ],
          [
            71.4016753,
            51.1993729
          ],
          [
            71.4012516,
            51.1995519
          ],
          [
            71.4007506,
            51.1997833
          ]
        ]
      }
    },
    {
      "type": "Feature",
      "id": "way/1059667061",
      "properties": {
        "role": "mapped_railway",
        "osm_way_id": "1059667061",
        "electrified": "contact_line",
        "frequency": "50",
        "gauge": "1520",
        "railway": "rail",
        "service": "siding",
        "voltage": "25000"
      },
      "geometry": {
        "type": "LineString",
        "coordinates": [
          [
            71.4027208,
            51.1988282
          ],
          [
            71.4022569,
            51.1989761
          ],
          [
            71.4018317,
            51.1991216
          ]
        ]
      }
    },
    {
      "type": "Feature",
      "id": "way/1059667062",
      "properties": {
        "role": "mapped_railway",
        "osm_way_id": "1059667062",
        "electrified": "contact_line",
        "frequency": "50",
        "gauge": "1520",
        "railway": "rail",
        "usage": "main",
        "voltage": "25000"
      },
      "geometry": {
        "type": "LineString",
        "coordinates": [
          [
            71.4018558,
            51.199185
          ],
          [
            71.4017083,
            51.1992591
          ],
          [
            71.4012333,
            51.1995206
          ],
          [
            71.4007506,
            51.1997833
          ],
          [
            71.4007007,
            51.1998118
          ],
          [
            71.4005087,
            51.1999217
          ],
          [
            71.4002913,
            51.2000645
          ],
          [
            71.4000601,
            51.2002097
          ],
          [
            71.399547,
            51.2005217
          ],
          [
            71.3992549,
            51.2007207
          ],
          [
            71.3916756,
            51.2062269
          ],
          [
            71.3907477,
            51.2068975
          ],
          [
            71.3905281,
            51.2070282
          ],
          [
            71.3902824,
            51.207174
          ],
          [
            71.3900922,
            51.2072775
          ],
          [
            71.3898562,
            51.2074043
          ],
          [
            71.3889809,
            51.207869
          ],
          [
            71.3887927,
            51.2079689
          ],
          [
            71.3884404,
            51.2081574
          ],
          [
            71.3880844,
            51.2083488
          ],
          [
            71.3876662,
            51.2085724
          ],
          [
            71.3871041,
            51.208873
          ],
          [
            71.3868119,
            51.2090158
          ],
          [
            71.386558,
            51.2091338
          ],
          [
            71.3863331,
            51.2092267
          ],
          [
            71.3860981,
            51.209316
          ],
          [
            71.3857725,
            51.2094334
          ],
          [
            71.3853722,
            51.2095695
          ],
          [
            71.3848633,
            51.2097452
          ],
          [
            71.3841552,
            51.209987
          ],
          [
            71.3829936,
            51.2103856
          ]
        ]
      }
    },
    {
      "type": "Feature",
      "id": "way/1059670339",
      "properties": {
        "role": "mapped_railway",
        "osm_way_id": "1059670339",
        "electrified": "no",
        "gauge": "1520",
        "railway": "rail",
        "service": "yard"
      },
      "geometry": {
        "type": "LineString",
        "coordinates": [
          [
            71.3886757,
            51.2080577
          ],
          [
            71.3890237,
            51.207923
          ],
          [
            71.3890354,
            51.2079185
          ],
          [
            71.3894404,
            51.2077833
          ],
          [
            71.3896617,
            51.2076959
          ],
          [
            71.3899595,
            51.2075665
          ],
          [
            71.3902357,
            51.2074346
          ],
          [
            71.3904664,
            51.2073144
          ],
          [
            71.3906971,
            51.2071892
          ],
          [
            71.3909841,
            51.2069985
          ],
          [
            71.3916278,
            51.2065641
          ]
        ]
      }
    },
    {
      "type": "Feature",
      "id": "way/1059670340",
      "properties": {
        "role": "mapped_railway",
        "osm_way_id": "1059670340",
        "electrified": "no",
        "gauge": "1520",
        "railway": "rail",
        "service": "yard"
      },
      "geometry": {
        "type": "LineString",
        "coordinates": [
          [
            71.3887095,
            51.2081084
          ],
          [
            71.3890554,
            51.2079586
          ],
          [
            71.3896617,
            51.2076959
          ]
        ]
      }
    },
    {
      "type": "Feature",
      "id": "way/1059680400",
      "properties": {
        "role": "mapped_railway",
        "osm_way_id": "1059680400",
        "electrified": "contact_line",
        "frequency": "50",
        "gauge": "1520",
        "railway": "rail",
        "service": "siding",
        "source": "bing",
        "voltage": "25000"
      },
      "geometry": {
        "type": "LineString",
        "coordinates": [
          [
            71.422651,
            51.1925283
          ],
          [
            71.4222948,
            51.1927295
          ],
          [
            71.4217235,
            51.1929951
          ],
          [
            71.4215679,
            51.1930589
          ],
          [
            71.4214338,
            51.1931119
          ],
          [
            71.4212468,
            51.19318
          ],
          [
            71.4083986,
            51.1972508
          ],
          [
            71.4080304,
            51.1973534
          ],
          [
            71.4078425,
            51.1973991
          ],
          [
            71.4076184,
            51.1974454
          ],
          [
            71.4070532,
            51.1975325
          ],
          [
            71.4067874,
            51.1975815
          ]
        ]
      }
    },
    {
      "type": "Feature",
      "id": "way/1059680401",
      "properties": {
        "role": "mapped_railway",
        "osm_way_id": "1059680401",
        "electrified": "contact_line",
        "frequency": "50",
        "gauge": "1520",
        "railway": "rail",
        "service": "siding",
        "source": "bing",
        "voltage": "25000"
      },
      "geometry": {
        "type": "LineString",
        "coordinates": [
          [
            71.4222948,
            51.1927295
          ],
          [
            71.4221446,
            51.1928135
          ],
          [
            71.4220279,
            51.192885
          ],
          [
            71.4219099,
            51.1929572
          ],
          [
            71.4217544,
            51.1930362
          ],
          [
            71.4215814,
            51.1931119
          ],
          [
            71.4213949,
            51.1931816
          ],
          [
            71.4211939,
            51.1932503
          ],
          [
            71.4082589,
            51.1973461
          ],
          [
            71.4080582,
            51.197399
          ],
          [
            71.4078647,
            51.197448
          ],
          [
            71.4076328,
            51.1974948
          ],
          [
            71.4073898,
            51.1975367
          ],
          [
            71.4071175,
            51.1975796
          ],
          [
            71.4064068,
            51.1976821
          ],
          [
            71.4061071,
            51.1977382
          ]
        ]
      }
    },
    {
      "type": "Feature",
      "id": "way/1059680402",
      "properties": {
        "role": "mapped_railway",
        "osm_way_id": "1059680402",
        "electrified": "contact_line",
        "frequency": "50",
        "gauge": "1520",
        "railway": "rail",
        "service": "siding",
        "source": "bing",
        "voltage": "25000"
      },
      "geometry": {
        "type": "LineString",
        "coordinates": [
          [
            71.4223722,
            51.192717
          ],
          [
            71.4220092,
            51.1929614
          ],
          [
            71.4218844,
            51.1930371
          ],
          [
            71.4217557,
            51.1931026
          ],
          [
            71.4216095,
            51.1931589
          ],
          [
            71.4214472,
            51.1932169
          ],
          [
            71.421226,
            51.1932901
          ],
          [
            71.4082897,
            51.1973863
          ],
          [
            71.408084,
            51.197445
          ],
          [
            71.4077599,
            51.19753
          ],
          [
            71.4075377,
            51.1975779
          ],
          [
            71.4072302,
            51.1976263
          ],
          [
            71.4059136,
            51.1978081
          ],
          [
            71.4056678,
            51.197851
          ],
          [
            71.4054016,
            51.1979086
          ]
        ]
      }
    },
    {
      "type": "Feature",
      "id": "way/1059680403",
      "properties": {
        "role": "mapped_railway",
        "osm_way_id": "1059680403",
        "electrified": "contact_line",
        "frequency": "50",
        "gauge": "1520",
        "railway": "rail",
        "service": "siding",
        "voltage": "25000"
      },
      "geometry": {
        "type": "LineString",
        "coordinates": [
          [
            71.4239879,
            51.1918994
          ],
          [
            71.4237969,
            51.191994
          ],
          [
            71.4236815,
            51.1920588
          ],
          [
            71.4235877,
            51.1921143
          ],
          [
            71.4234643,
            51.1922075
          ],
          [
            71.4231578,
            51.1924563
          ],
          [
            71.4229545,
            51.1926386
          ],
          [
            71.4226508,
            51.1928954
          ],
          [
            71.4223761,
            51.1931191
          ],
          [
            71.4222606,
            51.1932018
          ],
          [
            71.4221352,
            51.1932859
          ],
          [
            71.4220247,
            51.1933501
          ],
          [
            71.4219019,
            51.1934086
          ],
          [
            71.4217806,
            51.1934602
          ],
          [
            71.4214316,
            51.1935802
          ],
          [
            71.4149429,
            51.1956272
          ],
          [
            71.4144105,
            51.1957828
          ]
        ]
      }
    },
    {
      "type": "Feature",
      "id": "way/1059680404",
      "properties": {
        "role": "mapped_railway",
        "osm_way_id": "1059680404",
        "electrified": "contact_line",
        "frequency": "50",
        "gauge": "1520",
        "railway": "rail",
        "service": "siding",
        "voltage": "25000"
      },
      "geometry": {
        "type": "LineString",
        "coordinates": [
          [
            71.422762,
            51.1927351
          ],
          [
            71.4224229,
            51.1929628
          ],
          [
            71.4222866,
            51.1930533
          ],
          [
            71.422184,
            51.193115
          ],
          [
            71.4220324,
            51.1931989
          ],
          [
            71.4218372,
            51.1932956
          ],
          [
            71.4216925,
            51.1933586
          ],
          [
            71.4215288,
            51.1934207
          ],
          [
            71.4212555,
            51.1935094
          ],
          [
            71.4139719,
            51.1958156
          ],
          [
            71.4135642,
            51.1959282
          ]
        ]
      }
    },
    {
      "type": "Feature",
      "id": "way/1059680405",
      "properties": {
        "role": "mapped_railway",
        "osm_way_id": "1059680405",
        "electrified": "contact_line",
        "frequency": "50",
        "gauge": "1520",
        "railway": "rail",
        "service": "siding",
        "voltage": "25000"
      },
      "geometry": {
        "type": "LineString",
        "coordinates": [
          [
            71.42261,
            51.1927917
          ],
          [
            71.4224289,
            51.1928959
          ],
          [
            71.4222801,
            51.1929917
          ],
          [
            71.4221326,
            51.1930799
          ],
          [
            71.4219837,
            51.1931623
          ],
          [
            71.4217919,
            51.1932573
          ],
          [
            71.4216511,
            51.1933186
          ],
          [
            71.4214915,
            51.1933792
          ],
          [
            71.421226,
            51.1934657
          ],
          [
            71.4133698,
            51.1959585
          ],
          [
            71.4129478,
            51.1960679
          ]
        ]
      }
    },
    {
      "type": "Feature",
      "id": "way/1059680406",
      "properties": {
        "role": "mapped_railway",
        "osm_way_id": "1059680406",
        "electrified": "contact_line",
        "frequency": "50",
        "gauge": "1520",
        "railway": "rail",
        "service": "siding",
        "voltage": "25000"
      },
      "geometry": {
        "type": "LineString",
        "coordinates": [
          [
            71.4229117,
            51.1926236
          ],
          [
            71.422762,
            51.1927351
          ],
          [
            71.4224061,
            51.193027
          ],
          [
            71.4222948,
            51.1931119
          ],
          [
            71.4221728,
            51.1931884
          ],
          [
            71.4220414,
            51.193264
          ],
          [
            71.4218965,
            51.1933363
          ],
          [
            71.4217463,
            51.193401
          ],
          [
            71.4215867,
            51.1934582
          ],
          [
            71.4212877,
            51.1935548
          ],
          [
            71.4146921,
            51.1956467
          ],
          [
            71.414444,
            51.1957215
          ],
          [
            71.4142549,
            51.1957702
          ],
          [
            71.4135642,
            51.1959282
          ],
          [
            71.4129478,
            51.1960679
          ],
          [
            71.4126523,
            51.1961349
          ],
          [
            71.4123519,
            51.196219
          ]
        ]
      }
    },
    {
      "type": "Feature",
      "id": "way/1059680407",
      "properties": {
        "role": "mapped_railway",
        "osm_way_id": "1059680407",
        "electrified": "contact_line",
        "frequency": "50",
        "gauge": "1520",
        "railway": "rail",
        "service": "siding",
        "voltage": "25000"
      },
      "geometry": {
        "type": "LineString",
        "coordinates": [
          [
            71.4231578,
            51.1924563
          ],
          [
            71.4230123,
            51.1925605
          ],
          [
            71.4229117,
            51.1926236
          ],
          [
            71.4227468,
            51.1927219
          ],
          [
            71.42261,
            51.1927917
          ],
          [
            71.4223766,
            51.1928908
          ],
          [
            71.4222372,
            51.192953
          ],
          [
            71.4220963,
            51.1930287
          ],
          [
            71.4219743,
            51.1931001
          ],
          [
            71.4218308,
            51.1931774
          ],
          [
            71.4217088,
            51.1932388
          ],
          [
            71.4215907,
            51.1932867
          ],
          [
            71.4214486,
            51.1933346
          ],
          [
            71.421179,
            51.1934212
          ],
          [
            71.4123519,
            51.196219
          ],
          [
            71.4120112,
            51.1963291
          ],
          [
            71.4116612,
            51.1964249
          ]
        ]
      }
    },
    {
      "type": "Feature",
      "id": "way/1059680408",
      "properties": {
        "role": "mapped_railway",
        "osm_way_id": "1059680408",
        "electrified": "contact_line",
        "frequency": "50",
        "gauge": "1520",
        "railway": "rail",
        "service": "siding",
        "voltage": "25000"
      },
      "geometry": {
        "type": "LineString",
        "coordinates": [
          [
            71.4229545,
            51.1926386
          ],
          [
            71.4228098,
            51.1927875
          ],
          [
            71.4226033,
            51.193011
          ],
          [
            71.4225094,
            51.1931329
          ],
          [
            71.4224048,
            51.193238
          ],
          [
            71.4222841,
            51.1933346
          ],
          [
            71.4221661,
            51.1934111
          ],
          [
            71.421985,
            51.1935019
          ],
          [
            71.4218093,
            51.1935725
          ],
          [
            71.4215465,
            51.1936615
          ],
          [
            71.415765,
            51.1954895
          ],
          [
            71.415486,
            51.1955727
          ],
          [
            71.4152554,
            51.1956341
          ],
          [
            71.4149576,
            51.1957072
          ],
          [
            71.4145432,
            51.1957996
          ],
          [
            71.4141757,
            51.1958685
          ]
        ]
      }
    },
    {
      "type": "Feature",
      "id": "way/1059680409",
      "properties": {
        "role": "mapped_railway",
        "osm_way_id": "1059680409",
        "electrified": "contact_line",
        "frequency": "50",
        "gauge": "1520",
        "railway": "rail",
        "service": "siding",
        "voltage": "25000"
      },
      "geometry": {
        "type": "LineString",
        "coordinates": [
          [
            71.4226508,
            51.1928954
          ],
          [
            71.4225148,
            51.1930362
          ],
          [
            71.4224222,
            51.1931329
          ],
          [
            71.4223284,
            51.1932186
          ],
          [
            71.4222224,
            51.193301
          ],
          [
            71.4221258,
            51.1933657
          ],
          [
            71.4220306,
            51.1934178
          ],
          [
            71.4219354,
            51.1934607
          ],
          [
            71.4218228,
            51.1935044
          ],
          [
            71.4216417,
            51.1935674
          ],
          [
            71.4213708,
            51.1936548
          ],
          [
            71.4155665,
            51.1954887
          ],
          [
            71.4153787,
            51.1955458
          ],
          [
            71.4151749,
            51.1956004
          ],
          [
            71.4149362,
            51.1956601
          ],
          [
            71.4144105,
            51.1957828
          ],
          [
            71.4136327,
            51.1959635
          ],
          [
            71.4128548,
            51.1961442
          ],
          [
            71.4116612,
            51.1964249
          ],
          [
            71.4110993,
            51.1965593
          ],
          [
            71.4108268,
            51.1966355
          ]
        ]
      }
    },
    {
      "type": "Feature",
      "id": "way/1059680410",
      "properties": {
        "role": "mapped_railway",
        "osm_way_id": "1059680410",
        "electrified": "contact_line",
        "frequency": "50",
        "gauge": "1520",
        "railway": "rail",
        "service": "siding",
        "voltage": "25000"
      },
      "geometry": {
        "type": "LineString",
        "coordinates": [
          [
            71.4456167,
            51.1847241
          ],
          [
            71.4451419,
            51.1849124
          ],
          [
            71.444749,
            51.1850837
          ]
        ]
      }
    },
    {
      "type": "Feature",
      "id": "way/1059680411",
      "properties": {
        "role": "mapped_railway",
        "osm_way_id": "1059680411",
        "electrified": "contact_line",
        "frequency": "50",
        "gauge": "1520",
        "name": "Южсиб",
        "railway": "rail",
        "service": "siding",
        "source": "bing",
        "voltage": "25000"
      },
      "geometry": {
        "type": "LineString",
        "coordinates": [
          [
            71.4461341,
            51.1844558
          ],
          [
            71.4456252,
            51.1846567
          ],
          [
            71.4452264,
            51.1848216
          ],
          [
            71.4446362,
            51.1850516
          ],
          [
            71.4444528,
            51.1851214
          ],
          [
            71.4438368,
            51.1853645
          ],
          [
            71.4436063,
            51.1854622
          ],
          [
            71.4430484,
            51.1857387
          ],
          [
            71.4428245,
            51.1858463
          ],
          [
            71.4425589,
            51.1859548
          ],
          [
            71.4423135,
            51.1860397
          ],
          [
            71.4293504,
            51.1900256
          ],
          [
            71.4284679,
            51.1903114
          ],
          [
            71.4272717,
            51.1907047
          ],
          [
            71.4266507,
            51.1909073
          ],
          [
            71.4260204,
            51.1911132
          ],
          [
            71.4254183,
            51.1913107
          ],
          [
            71.4251353,
            51.1914091
          ],
          [
            71.4249261,
            51.1914864
          ],
          [
            71.4244245,
            51.1917024
          ],
          [
            71.4239879,
            51.1918994
          ],
          [
            71.4237115,
            51.1920067
          ],
          [
            71.4230694,
            51.1922099
          ],
          [
            71.4224118,
            51.1923746
          ]
        ]
      }
    },
    {
      "type": "Feature",
      "id": "way/1059680412",
      "properties": {
        "role": "mapped_railway",
        "osm_way_id": "1059680412",
        "electrified": "contact_line",
        "frequency": "50",
        "gauge": "1520",
        "railway": "rail",
        "service": "siding",
        "source": "bing",
        "voltage": "25000"
      },
      "geometry": {
        "type": "LineString",
        "coordinates": [
          [
            71.4456252,
            51.1846567
          ],
          [
            71.444749,
            51.1850837
          ]
        ]
      }
    },
    {
      "type": "Feature",
      "id": "way/1059680413",
      "properties": {
        "role": "mapped_railway",
        "osm_way_id": "1059680413",
        "gauge": "1520",
        "railway": "rail",
        "service": "siding",
        "source": "bing"
      },
      "geometry": {
        "type": "LineString",
        "coordinates": [
          [
            71.4259248,
            51.1910918
          ],
          [
            71.4254867,
            51.1912578
          ],
          [
            71.4251353,
            51.1914091
          ]
        ]
      }
    },
    {
      "type": "Feature",
      "id": "way/1059680414",
      "properties": {
        "role": "mapped_railway",
        "osm_way_id": "1059680414",
        "gauge": "1520",
        "railway": "rail",
        "service": "yard"
      },
      "geometry": {
        "type": "LineString",
        "coordinates": [
          [
            71.4005461,
            51.1986317
          ],
          [
            71.400872,
            51.1985149
          ],
          [
            71.401155,
            51.1984149
          ],
          [
            71.4026101,
            51.1979065
          ]
        ]
      }
    },
    {
      "type": "Feature",
      "id": "way/1059680415",
      "properties": {
        "role": "mapped_railway",
        "osm_way_id": "1059680415",
        "gauge": "1520",
        "railway": "rail",
        "service": "yard"
      },
      "geometry": {
        "type": "LineString",
        "coordinates": [
          [
            71.4000674,
            51.1987931
          ],
          [
            71.4003342,
            51.1986948
          ],
          [
            71.4005461,
            51.1986317
          ],
          [
            71.4007594,
            51.1985746
          ],
          [
            71.4009471,
            51.1985275
          ],
          [
            71.401049,
            51.1984998
          ],
          [
            71.401163,
            51.1984637
          ],
          [
            71.4015935,
            51.1983183
          ],
          [
            71.403062,
            51.197809
          ]
        ]
      }
    },
    {
      "type": "Feature",
      "id": "way/1059971352",
      "properties": {
        "role": "mapped_railway",
        "osm_way_id": "1059971352",
        "electrified": "contact_line",
        "frequency": "50",
        "gauge": "1520",
        "name": "Южсиб",
        "railway": "rail",
        "source": "bing",
        "usage": "main",
        "voltage": "25000"
      },
      "geometry": {
        "type": "LineString",
        "coordinates": [
          [
            71.4224118,
            51.1923746
          ],
          [
            71.4223124,
            51.1924051
          ],
          [
            71.4221013,
            51.1924993
          ],
          [
            71.4219428,
            51.1925626
          ],
          [
            71.4217708,
            51.192625
          ],
          [
            71.4212642,
            51.1928265
          ],
          [
            71.4210472,
            51.1929022
          ],
          [
            71.4082822,
            51.1969702
          ],
          [
            71.4072505,
            51.197296
          ],
          [
            71.406633,
            51.1974905
          ],
          [
            71.4061164,
            51.197652
          ],
          [
            71.4059996,
            51.1976895
          ],
          [
            71.4056383,
            51.1978057
          ],
          [
            71.4048784,
            51.1980454
          ],
          [
            71.4041641,
            51.198272
          ],
          [
            71.4037103,
            51.1984134
          ],
          [
            71.4036004,
            51.1984499
          ],
          [
            71.4031531,
            51.1985904
          ]
        ]
      }
    },
    {
      "type": "Feature",
      "id": "way/1059971353",
      "properties": {
        "role": "mapped_railway",
        "osm_way_id": "1059971353",
        "electrified": "contact_line",
        "frequency": "50",
        "gauge": "1520",
        "railway": "rail",
        "service": "siding",
        "source": "bing",
        "voltage": "25000"
      },
      "geometry": {
        "type": "LineString",
        "coordinates": [
          [
            71.4031531,
            51.1985904
          ],
          [
            71.4026678,
            51.1987754
          ],
          [
            71.4022547,
            51.1989511
          ],
          [
            71.4018317,
            51.1991216
          ],
          [
            71.401549,
            51.1992347
          ],
          [
            71.4012811,
            51.1993587
          ],
          [
            71.4010652,
            51.1994686
          ],
          [
            71.4008318,
            51.1996015
          ],
          [
            71.4006011,
            51.1997553
          ],
          [
            71.4004442,
            51.1998486
          ],
          [
            71.4002864,
            51.1999371
          ],
          [
            71.3999498,
            51.2001216
          ],
          [
            71.3995178,
            51.2003678
          ],
          [
            71.3992787,
            51.2005067
          ],
          [
            71.3990173,
            51.2006813
          ],
          [
            71.3986949,
            51.200903
          ],
          [
            71.3905047,
            51.2068477
          ],
          [
            71.3902978,
            51.206995
          ],
          [
            71.3900922,
            51.2071287
          ],
          [
            71.3898991,
            51.2072422
          ],
          [
            71.3894779,
            51.2074682
          ],
          [
            71.3892655,
            51.2075789
          ],
          [
            71.3889017,
            51.207773
          ],
          [
            71.3887793,
            51.2078383
          ],
          [
            71.388183,
            51.2081567
          ]
        ]
      }
    },
    {
      "type": "Feature",
      "id": "way/1059971354",
      "properties": {
        "role": "mapped_railway",
        "osm_way_id": "1059971354",
        "electrified": "contact_line",
        "frequency": "50",
        "gauge": "1520",
        "name": "Южсиб",
        "railway": "rail",
        "service": "siding",
        "source": "bing",
        "voltage": "25000"
      },
      "geometry": {
        "type": "LineString",
        "coordinates": [
          [
            71.4467861,
            51.1843139
          ],
          [
            71.4463623,
            51.1844467
          ],
          [
            71.4460217,
            51.1845669
          ],
          [
            71.4456167,
            51.1847241
          ],
          [
            71.4446362,
            51.1850516
          ]
        ]
      }
    },
    {
      "type": "Feature",
      "id": "way/1059971355",
      "properties": {
        "role": "mapped_railway",
        "osm_way_id": "1059971355",
        "electrified": "contact_line",
        "frequency": "50",
        "gauge": "1520",
        "railway": "rail",
        "service": "siding",
        "voltage": "25000"
      },
      "geometry": {
        "type": "LineString",
        "coordinates": [
          [
            71.4026678,
            51.1987754
          ],
          [
            71.4022569,
            51.1989761
          ],
          [
            71.4018558,
            51.199185
          ]
        ]
      }
    },
    {
      "type": "Feature",
      "id": "way/1072926399",
      "properties": {
        "role": "mapped_railway",
        "osm_way_id": "1072926399",
        "gauge": "1520",
        "layer": "-1",
        "railway": "rail",
        "service": "yard"
      },
      "geometry": {
        "type": "LineString",
        "coordinates": [
          [
            71.4131325,
            51.1946421
          ],
          [
            71.4126389,
            51.1947903
          ]
        ]
      }
    },
    {
      "type": "Feature",
      "id": "way/112162675",
      "properties": {
        "role": "mapped_railway",
        "osm_way_id": "112162675",
        "railway": "rail",
        "service": "spur"
      },
      "geometry": {
        "type": "LineString",
        "coordinates": [
          [
            71.5689403,
            51.1601741
          ],
          [
            71.5647131,
            51.1601876
          ],
          [
            71.5622319,
            51.1601949
          ],
          [
            71.5601641,
            51.160201
          ],
          [
            71.5553683,
            51.1601674
          ],
          [
            71.5523428,
            51.1601539
          ],
          [
            71.548706,
            51.1598883
          ],
          [
            71.5479127,
            51.1597071
          ],
          [
            71.5468896,
            51.1592665
          ],
          [
            71.5460091,
            51.1587939
          ],
          [
            71.5456109,
            51.1584484
          ],
          [
            71.5453834,
            51.1582049
          ],
          [
            71.5452428,
            51.15804
          ],
          [
            71.5450043,
            51.157597
          ],
          [
            71.5449587,
            51.1572679
          ],
          [
            71.5449739,
            51.157016
          ],
          [
            71.545175,
            51.1555826
          ],
          [
            71.5452346,
            51.153594
          ],
          [
            71.5452884,
            51.1518011
          ]
        ]
      }
    },
    {
      "type": "Feature",
      "id": "way/1143770124",
      "properties": {
        "role": "mapped_railway",
        "osm_way_id": "1143770124",
        "electrified": "no",
        "gauge": "1520",
        "railway": "rail",
        "service": "spur",
        "source": "bing"
      },
      "geometry": {
        "type": "LineString",
        "coordinates": [
          [
            69.4295959,
            53.2851007
          ],
          [
            69.4292432,
            53.2852751
          ],
          [
            69.4289388,
            53.2854106
          ],
          [
            69.4287658,
            53.2854972
          ],
          [
            69.4280644,
            53.2858901
          ]
        ]
      }
    },
    {
      "type": "Feature",
      "id": "way/120052754",
      "properties": {
        "role": "mapped_railway",
        "osm_way_id": "120052754",
        "electrified": "contact_line",
        "frequency": "50",
        "gauge": "1520",
        "name": "Astana",
        "railway": "rail",
        "service": "siding",
        "voltage": "25000"
      },
      "geometry": {
        "type": "LineString",
        "coordinates": [
          [
            71.4146958,
            51.1943037
          ],
          [
            71.4152866,
            51.1941522
          ],
          [
            71.4163777,
            51.1938043
          ],
          [
            71.4206525,
            51.1924512
          ],
          [
            71.4220217,
            51.1920157
          ],
          [
            71.4252336,
            51.1909944
          ],
          [
            71.4257661,
            51.1908233
          ],
          [
            71.4267969,
            51.190498
          ],
          [
            71.4270926,
            51.1903933
          ],
          [
            71.4273926,
            51.1902771
          ],
          [
            71.4278832,
            51.1900869
          ],
          [
            71.4279723,
            51.1900516
          ],
          [
            71.4284196,
            51.1898743
          ],
          [
            71.4286423,
            51.1897852
          ],
          [
            71.4289078,
            51.1896927
          ],
          [
            71.4359204,
            51.1874073
          ],
          [
            71.4362356,
            51.1873131
          ],
          [
            71.4369088,
            51.1871492
          ],
          [
            71.4372253,
            51.1870769
          ],
          [
            71.4375351,
            51.1870206
          ]
        ]
      }
    },
    {
      "type": "Feature",
      "id": "way/120053218",
      "properties": {
        "role": "mapped_railway",
        "osm_way_id": "120053218",
        "electrified": "contact_line",
        "frequency": "50",
        "gauge": "1520",
        "railway": "rail",
        "service": "siding",
        "voltage": "25000"
      },
      "geometry": {
        "type": "LineString",
        "coordinates": [
          [
            71.4017083,
            51.1992591
          ],
          [
            71.4012516,
            51.1995519
          ],
          [
            71.4008895,
            51.199794
          ],
          [
            71.4008253,
            51.199837
          ],
          [
            71.4003088,
            51.2001839
          ],
          [
            71.399712,
            51.2005696
          ],
          [
            71.3994518,
            51.2007344
          ],
          [
            71.3991056,
            51.2009764
          ],
          [
            71.3964072,
            51.2029405
          ],
          [
            71.3959546,
            51.2032624
          ],
          [
            71.3943778,
            51.2044063
          ],
          [
            71.3926772,
            51.2056362
          ],
          [
            71.391082,
            51.2068095
          ],
          [
            71.3908593,
            51.2069632
          ],
          [
            71.3906555,
            51.207101
          ],
          [
            71.3904293,
            51.2072473
          ],
          [
            71.3902169,
            51.2073707
          ],
          [
            71.3900009,
            51.2074827
          ],
          [
            71.3897905,
            51.2075816
          ],
          [
            71.3895902,
            51.2076694
          ],
          [
            71.3890156,
            51.2079134
          ],
          [
            71.3886757,
            51.2080577
          ],
          [
            71.3884404,
            51.2081574
          ]
        ]
      }
    },
    {
      "type": "Feature",
      "id": "way/120265594",
      "properties": {
        "role": "mapped_railway",
        "osm_way_id": "120265594",
        "electrified": "no",
        "gauge": "1520",
        "railway": "rail",
        "service": "siding"
      },
      "geometry": {
        "type": "LineString",
        "coordinates": [
          [
            71.4629324,
            51.1901975
          ],
          [
            71.4622436,
            51.1901198
          ],
          [
            71.461321,
            51.1902005
          ],
          [
            71.4602695,
            51.1905098
          ],
          [
            71.4594466,
            51.1908779
          ],
          [
            71.4587031,
            51.1913436
          ],
          [
            71.4556132,
            51.1937776
          ],
          [
            71.4544974,
            51.1946921
          ],
          [
            71.4542074,
            51.1948748
          ],
          [
            71.4540273,
            51.1949861
          ],
          [
            71.4534285,
            51.1952582
          ],
          [
            71.4524612,
            51.1954603
          ],
          [
            71.4515662,
            51.1954356
          ],
          [
            71.4510487,
            51.1953839
          ],
          [
            71.4502567,
            51.1952541
          ],
          [
            71.4477496,
            51.1947428
          ],
          [
            71.4455255,
            51.1942974
          ],
          [
            71.4440646,
            51.1940335
          ],
          [
            71.4436297,
            51.193955
          ],
          [
            71.4428816,
            51.1938199
          ],
          [
            71.4416891,
            51.1936046
          ],
          [
            71.441427,
            51.193553
          ],
          [
            71.4410563,
            51.1934801
          ],
          [
            71.4393176,
            51.1931379
          ],
          [
            71.4369008,
            51.1926697
          ],
          [
            71.4354426,
            51.1924329
          ],
          [
            71.4345264,
            51.192386
          ],
          [
            71.4333682,
            51.1925129
          ],
          [
            71.4333228,
            51.1925181
          ],
          [
            71.4330162,
            51.1925448
          ],
          [
            71.4317396,
            51.192718
          ],
          [
            71.4303577,
            51.1928829
          ],
          [
            71.4285149,
            51.1928088
          ],
          [
            71.4268777,
            51.1925631
          ],
          [
            71.4265837,
            51.1925185
          ],
          [
            71.4263168,
            51.1924958
          ],
          [
            71.4260765,
            51.1924859
          ],
          [
            71.4258219,
            51.1924874
          ],
          [
            71.4255846,
            51.1925067
          ],
          [
            71.4253326,
            51.1925335
          ],
          [
            71.4250897,
            51.1925824
          ],
          [
            71.4248657,
            51.1926429
          ],
          [
            71.4246941,
            51.1926992
          ],
          [
            71.4245103,
            51.1927665
          ],
          [
            71.4243306,
            51.1928438
          ],
          [
            71.4241952,
            51.1929135
          ],
          [
            71.4241013,
            51.1929631
          ],
          [
            71.4239417,
            51.1930413
          ],
          [
            71.4237687,
            51.1931472
          ],
          [
            71.4235861,
            51.193272
          ],
          [
            71.4231183,
            51.1935918
          ],
          [
            71.4222103,
            51.1941877
          ],
          [
            71.4217423,
            51.1944633
          ],
          [
            71.4214593,
            51.19461
          ],
          [
            71.421053,
            51.1947932
          ],
          [
            71.4207244,
            51.1949306
          ],
          [
            71.4204602,
            51.1950365
          ],
          [
            71.4201236,
            51.1951533
          ],
          [
            71.4197279,
            51.1952853
          ],
          [
            71.4149429,
            51.1967938
          ],
          [
            71.4131469,
            51.197362
          ],
          [
            71.4120998,
            51.1976931
          ],
          [
            71.4117993,
            51.1977922
          ],
          [
            71.4113461,
            51.19793
          ],
          [
            71.4110591,
            51.198009
          ],
          [
            71.4107077,
            51.1980964
          ],
          [
            71.4103577,
            51.1981662
          ],
          [
            71.410064,
            51.1982225
          ],
          [
            71.4097045,
            51.1982746
          ],
          [
            71.4093586,
            51.1983149
          ],
          [
            71.409042,
            51.1983443
          ],
          [
            71.4086424,
            51.1983687
          ],
          [
            71.4082079,
            51.1983788
          ],
          [
            71.407933,
            51.1983763
          ],
          [
            71.407375,
            51.1983586
          ],
          [
            71.4063135,
            51.1983286
          ],
          [
            71.4059401,
            51.1983309
          ],
          [
            71.4056195,
            51.1983448
          ],
          [
            71.4052078,
            51.1983737
          ],
          [
            71.4048574,
            51.1984088
          ],
          [
            71.4044662,
            51.1984569
          ],
          [
            71.4041617,
            51.1985065
          ],
          [
            71.4038761,
            51.1985637
          ],
          [
            71.403632,
            51.1986208
          ],
          [
            71.4034228,
            51.198678
          ],
          [
            71.4032377,
            51.198741
          ],
          [
            71.4030432,
            51.1988134
          ],
          [
            71.4026947,
            51.1989548
          ],
          [
            71.4023767,
            51.199083
          ],
          [
            71.4021353,
            51.1991837
          ]
        ]
      }
    },
    {
      "type": "Feature",
      "id": "way/120265599",
      "properties": {
        "role": "mapped_railway",
        "osm_way_id": "120265599",
        "electrified": "no",
        "gauge": "1520",
        "railway": "rail",
        "service": "spur"
      },
      "geometry": {
        "type": "LineString",
        "coordinates": [
          [
            71.4646999,
            51.1906759
          ],
          [
            71.4639603,
            51.1898374
          ],
          [
            71.4636813,
            51.1887615
          ],
          [
            71.4635992,
            51.1886698
          ],
          [
            71.4631569,
            51.1869626
          ],
          [
            71.4632696,
            51.1862263
          ],
          [
            71.4635163,
            51.1857421
          ],
          [
            71.4640582,
            51.1853218
          ],
          [
            71.4668691,
            51.184118
          ],
          [
            71.4699202,
            51.1829681
          ]
        ]
      }
    },
    {
      "type": "Feature",
      "id": "way/120265600",
      "properties": {
        "role": "mapped_railway",
        "osm_way_id": "120265600",
        "electrified": "no",
        "gauge": "1520",
        "railway": "rail",
        "service": "spur"
      },
      "geometry": {
        "type": "LineString",
        "coordinates": [
          [
            71.4654428,
            51.1910861
          ],
          [
            71.4646999,
            51.1906759
          ],
          [
            71.463788,
            51.1901379
          ],
          [
            71.4629303,
            51.1892322
          ],
          [
            71.4627195,
            51.1890084
          ],
          [
            71.4617072,
            51.1876991
          ],
          [
            71.4606987,
            51.186408
          ]
        ]
      }
    },
    {
      "type": "Feature",
      "id": "way/1214266395",
      "properties": {
        "role": "mapped_railway",
        "osm_way_id": "1214266395",
        "railway": "rail",
        "service": "yard"
      },
      "geometry": {
        "type": "LineString",
        "coordinates": [
          [
            71.5437131,
            51.1631809
          ],
          [
            71.5441647,
            51.1620793
          ],
          [
            71.5447339,
            51.1578903
          ],
          [
            71.5447501,
            51.1573421
          ],
          [
            71.5452346,
            51.153594
          ]
        ]
      }
    },
    {
      "type": "Feature",
      "id": "way/1492437514",
      "properties": {
        "role": "mapped_railway",
        "osm_way_id": "1492437514",
        "electrified": "contact_line",
        "frequency": "50",
        "gauge": "1520",
        "railway": "rail",
        "service": "siding",
        "source": "mapbox",
        "voltage": "25000"
      },
      "geometry": {
        "type": "LineString",
        "coordinates": [
          [
            70.9979345,
            51.7011223
          ],
          [
            70.9978755,
            51.7013799
          ],
          [
            70.9978124,
            51.7017822
          ],
          [
            70.9977726,
            51.7021348
          ],
          [
            70.9977525,
            51.702419
          ],
          [
            70.9977347,
            51.7026873
          ],
          [
            70.9977293,
            51.7029591
          ]
        ]
      }
    },
    {
      "type": "Feature",
      "id": "way/1492437515",
      "properties": {
        "role": "mapped_railway",
        "osm_way_id": "1492437515",
        "electrified": "contact_line",
        "frequency": "50",
        "gauge": "1520",
        "railway": "rail",
        "service": "siding",
        "source": "mapbox",
        "voltage": "25000"
      },
      "geometry": {
        "type": "LineString",
        "coordinates": [
          [
            70.9977293,
            51.7029591
          ],
          [
            70.9977579,
            51.7033325
          ],
          [
            70.9978571,
            51.7038885
          ],
          [
            70.997962,
            51.7042719
          ],
          [
            70.9981455,
            51.7048053
          ],
          [
            70.9985907,
            51.7061848
          ],
          [
            70.9987834,
            51.7067074
          ],
          [
            70.9990822,
            51.7075711
          ],
          [
            70.9991372,
            51.7077426
          ],
          [
            70.9993241,
            51.7084648
          ]
        ]
      }
    },
    {
      "type": "Feature",
      "id": "way/1492437519",
      "properties": {
        "role": "mapped_railway",
        "osm_way_id": "1492437519",
        "electrified": "no",
        "gauge": "1520",
        "railway": "rail",
        "service": "spur"
      },
      "geometry": {
        "type": "LineString",
        "coordinates": [
          [
            70.9975496,
            51.6980344
          ],
          [
            70.9970145,
            51.698898
          ],
          [
            70.9968938,
            51.699105
          ],
          [
            70.9967999,
            51.6993144
          ],
          [
            70.9967288,
            51.6995172
          ],
          [
            70.9966671,
            51.6997558
          ],
          [
            70.9966443,
            51.6998979
          ],
          [
            70.9966108,
            51.7002146
          ],
          [
            70.9965974,
            51.7004274
          ],
          [
            70.9966162,
            51.7007092
          ],
          [
            70.9966484,
            51.700956
          ],
          [
            70.9967007,
            51.7011971
          ],
          [
            70.9967744,
            51.7014265
          ],
          [
            70.9968831,
            51.7016534
          ],
          [
            70.9970708,
            51.7019941
          ],
          [
            70.9971593,
            51.7022119
          ],
          [
            70.9972063,
            51.7024363
          ],
          [
            70.9972492,
            51.7026715
          ],
          [
            70.9972894,
            51.7029766
          ]
        ]
      }
    },
    {
      "type": "Feature",
      "id": "way/1492437522",
      "properties": {
        "role": "mapped_railway",
        "osm_way_id": "1492437522",
        "electrified": "no",
        "gauge": "1520",
        "railway": "rail",
        "service": "spur"
      },
      "geometry": {
        "type": "LineString",
        "coordinates": [
          [
            70.9997785,
            51.6977626
          ],
          [
            70.9996588,
            51.6979837
          ],
          [
            70.9995713,
            51.6982139
          ],
          [
            70.9995056,
            51.6983826
          ],
          [
            70.999398,
            51.6985944
          ]
        ]
      }
    },
    {
      "type": "Feature",
      "id": "way/1492437523",
      "properties": {
        "role": "mapped_railway",
        "osm_way_id": "1492437523",
        "electrified": "no",
        "gauge": "1520",
        "railway": "rail",
        "service": "spur"
      },
      "geometry": {
        "type": "LineString",
        "coordinates": [
          [
            70.9987231,
            51.6994424
          ],
          [
            70.9988008,
            51.6993086
          ],
          [
            70.9992649,
            51.6985705
          ],
          [
            70.9996377,
            51.6979803
          ],
          [
            70.9997785,
            51.6977626
          ],
          [
            70.9998214,
            51.6976819
          ],
          [
            71.0000001,
            51.6973922
          ],
          [
            71.0002398,
            51.696977
          ]
        ]
      }
    },
    {
      "type": "Feature",
      "id": "way/1492437525",
      "properties": {
        "role": "mapped_railway",
        "osm_way_id": "1492437525",
        "electrified": "no",
        "gauge": "1520",
        "railway": "rail",
        "service": "spur"
      },
      "geometry": {
        "type": "LineString",
        "coordinates": [
          [
            70.9989179,
            51.7068521
          ],
          [
            70.9990724,
            51.7073007
          ],
          [
            70.9992273,
            51.7075966
          ],
          [
            70.9994607,
            51.7080121
          ],
          [
            70.9997155,
            51.7084825
          ],
          [
            70.999748,
            51.7085453
          ],
          [
            71.000032,
            51.7090941
          ],
          [
            71.0000572,
            51.7091661
          ],
          [
            71.0001777,
            51.7095093
          ]
        ]
      }
    },
    {
      "type": "Feature",
      "id": "way/1492437526",
      "properties": {
        "role": "mapped_railway",
        "osm_way_id": "1492437526",
        "electrified": "no",
        "gauge": "1520",
        "railway": "rail",
        "service": "spur"
      },
      "geometry": {
        "type": "LineString",
        "coordinates": [
          [
            70.9968281,
            51.7100789
          ],
          [
            70.9969488,
            51.7094132
          ],
          [
            70.996993,
            51.7089445
          ],
          [
            70.9969904,
            51.7070539
          ],
          [
            70.9969725,
            51.7062541
          ]
        ]
      }
    },
    {
      "type": "Feature",
      "id": "way/1492437527",
      "properties": {
        "role": "mapped_railway",
        "osm_way_id": "1492437527",
        "electrified": "no",
        "gauge": "1520",
        "railway": "rail",
        "service": "spur"
      },
      "geometry": {
        "type": "LineString",
        "coordinates": [
          [
            70.9974249,
            51.7038542
          ],
          [
            70.9975053,
            51.7042266
          ],
          [
            70.9975409,
            51.70433
          ],
          [
            70.997732,
            51.7048474
          ],
          [
            70.9977414,
            51.7050386
          ],
          [
            70.997732,
            51.7054308
          ],
          [
            70.9976985,
            51.7073199
          ],
          [
            70.9975778,
            51.7109244
          ]
        ]
      }
    },
    {
      "type": "Feature",
      "id": "way/1492437528",
      "properties": {
        "role": "mapped_railway",
        "osm_way_id": "1492437528",
        "electrified": "no",
        "gauge": "1520",
        "railway": "rail",
        "service": "spur"
      },
      "geometry": {
        "type": "LineString",
        "coordinates": [
          [
            71.0003073,
            51.6968621
          ],
          [
            71.0004628,
            51.6966468
          ],
          [
            71.0007877,
            51.696258
          ],
          [
            71.0012738,
            51.695662
          ],
          [
            71.0022743,
            51.6944546
          ],
          [
            71.002625,
            51.6940314
          ],
          [
            71.0029984,
            51.6936536
          ]
        ]
      }
    },
    {
      "type": "Feature",
      "id": "way/1492437530",
      "properties": {
        "role": "mapped_railway",
        "osm_way_id": "1492437530",
        "electrified": "contact_line",
        "frequency": "50",
        "gauge": "1520",
        "railway": "rail",
        "service": "siding",
        "voltage": "25000"
      },
      "geometry": {
        "type": "LineString",
        "coordinates": [
          [
            70.9984413,
            51.7062069
          ],
          [
            70.9982188,
            51.7057387
          ],
          [
            70.9980834,
            51.705393
          ],
          [
            70.9978842,
            51.7048266
          ],
          [
            70.9976917,
            51.7043105
          ],
          [
            70.9975831,
            51.7039132
          ],
          [
            70.9974946,
            51.7033547
          ],
          [
            70.9974571,
            51.7029707
          ],
          [
            70.9974477,
            51.7026923
          ],
          [
            70.997449,
            51.7024164
          ],
          [
            70.9974718,
            51.7021255
          ],
          [
            70.9975241,
            51.7017647
          ],
          [
            70.9975938,
            51.7013583
          ],
          [
            70.9976582,
            51.701094
          ],
          [
            70.9977306,
            51.7008409
          ],
          [
            70.9978473,
            51.7005122
          ],
          [
            70.9980646,
            51.6999881
          ],
          [
            70.9982409,
            51.6996349
          ],
          [
            70.9984716,
            51.6992272
          ],
          [
            70.9989282,
            51.698499
          ],
          [
            70.9992883,
            51.6979084
          ],
          [
            70.999519,
            51.697561
          ],
          [
            70.9997711,
            51.6971973
          ],
          [
            71.0001359,
            51.6967364
          ],
          [
            71.0008226,
            51.6958985
          ],
          [
            71.0009084,
            51.6957954
          ],
          [
            71.0015197,
            51.69516
          ]
        ]
      }
    },
    {
      "type": "Feature",
      "id": "way/1492437531",
      "properties": {
        "role": "mapped_railway",
        "osm_way_id": "1492437531",
        "electrified": "no",
        "gauge": "1520",
        "railway": "rail",
        "service": "siding"
      },
      "geometry": {
        "type": "LineString",
        "coordinates": [
          [
            70.9991372,
            51.7077426
          ],
          [
            70.9994178,
            51.7085365
          ]
        ]
      }
    },
    {
      "type": "Feature",
      "id": "way/1492437532",
      "properties": {
        "role": "mapped_railway",
        "osm_way_id": "1492437532",
        "electrified": "contact_line",
        "frequency": "50",
        "gauge": "1520",
        "railway": "rail",
        "service": "crossover",
        "voltage": "25000"
      },
      "geometry": {
        "type": "LineString",
        "coordinates": [
          [
            70.9990245,
            51.7075974
          ],
          [
            70.9986952,
            51.706895
          ]
        ]
      }
    },
    {
      "type": "Feature",
      "id": "way/1492437533",
      "properties": {
        "role": "mapped_railway",
        "osm_way_id": "1492437533",
        "railway": "rail",
        "service": "spur"
      },
      "geometry": {
        "type": "LineString",
        "coordinates": [
          [
            70.9970723,
            51.709311
          ],
          [
            70.9971048,
            51.7085542
          ],
          [
            70.997107,
            51.7073581
          ],
          [
            70.9970755,
            51.7068685
          ],
          [
            70.9969725,
            51.7062541
          ],
          [
            70.9969689,
            51.7059735
          ],
          [
            70.996999,
            51.705708
          ],
          [
            70.9970881,
            51.7054648
          ],
          [
            70.9972292,
            51.7051667
          ],
          [
            70.9974532,
            51.704623
          ],
          [
            70.9974655,
            51.7043871
          ],
          [
            70.9974571,
            51.7042324
          ],
          [
            70.9974249,
            51.7038542
          ],
          [
            70.997327,
            51.7033688
          ],
          [
            70.9972894,
            51.7029766
          ],
          [
            70.9972894,
            51.7026915
          ],
          [
            70.9972894,
            51.7024147
          ],
          [
            70.9973015,
            51.7021188
          ],
          [
            70.9973444,
            51.7017523
          ],
          [
            70.9974141,
            51.7013392
          ],
          [
            70.9974731,
            51.7010749
          ],
          [
            70.9975442,
            51.7008164
          ],
          [
            70.9976629,
            51.7004872
          ],
          [
            70.9978929,
            51.6999545
          ],
          [
            70.9980525,
            51.6995995
          ],
          [
            70.9983046,
            51.6991864
          ],
          [
            70.9987579,
            51.6984566
          ],
          [
            70.9991227,
            51.697864
          ],
          [
            70.999348,
            51.6975099
          ],
          [
            70.9996109,
            51.6971533
          ],
          [
            70.9998308,
            51.6968972
          ],
          [
            71.0000508,
            51.6966819
          ],
          [
            71.0004015,
            51.6963415
          ]
        ]
      }
    },
    {
      "type": "Feature",
      "id": "way/1492437534",
      "properties": {
        "role": "mapped_railway",
        "osm_way_id": "1492437534",
        "electrified": "contact_line",
        "frequency": "50",
        "gauge": "1520",
        "railway": "rail",
        "service": "siding",
        "voltage": "25000"
      },
      "geometry": {
        "type": "LineString",
        "coordinates": [
          [
            71.0008226,
            51.6958985
          ],
          [
            71.0004015,
            51.6963415
          ],
          [
            71.0000668,
            51.6967177
          ],
          [
            70.999698,
            51.6971832
          ],
          [
            70.9994499,
            51.6975414
          ],
          [
            70.9992206,
            51.6978906
          ],
          [
            70.9988585,
            51.6984832
          ],
          [
            70.9984019,
            51.6992151
          ],
          [
            70.9981712,
            51.6996199
          ],
          [
            70.9979989,
            51.6999781
          ],
          [
            70.9977729,
            51.700501
          ],
          [
            70.9976529,
            51.7008313
          ],
          [
            70.9975778,
            51.7010878
          ],
          [
            70.9975167,
            51.7013542
          ],
          [
            70.9974483,
            51.7017606
          ],
          [
            70.9974068,
            51.7021221
          ],
          [
            70.9973893,
            51.7024172
          ],
          [
            70.9973799,
            51.7026931
          ],
          [
            70.997394,
            51.7029716
          ],
          [
            70.9974343,
            51.7033568
          ],
          [
            70.9975161,
            51.7039191
          ],
          [
            70.9976187,
            51.7043196
          ],
          [
            70.9978031,
            51.7048408
          ],
          [
            70.9980089,
            51.7054046
          ],
          [
            70.9981504,
            51.7057491
          ],
          [
            70.9983771,
            51.7062145
          ],
          [
            70.9986352,
            51.7067307
          ]
        ]
      }
    },
    {
      "type": "Feature",
      "id": "way/1492444174",
      "properties": {
        "role": "mapped_railway",
        "osm_way_id": "1492444174",
        "electrified": "no",
        "gauge": "1520",
        "railway": "rail",
        "service": "spur"
      },
      "geometry": {
        "type": "LineString",
        "coordinates": [
          [
            70.4084057,
            52.6431138
          ],
          [
            70.4085352,
            52.6428624
          ],
          [
            70.4087082,
            52.6424434
          ],
          [
            70.4087926,
            52.6422326
          ],
          [
            70.4088798,
            52.6418265
          ],
          [
            70.4089925,
            52.6413529
          ],
          [
            70.4092821,
            52.6402836
          ]
        ]
      }
    },
    {
      "type": "Feature",
      "id": "way/1492444179",
      "properties": {
        "role": "mapped_railway",
        "osm_way_id": "1492444179",
        "electrified": "contact_line",
        "frequency": "50",
        "gauge": "1520",
        "railway": "rail",
        "service": "siding",
        "voltage": "25000"
      },
      "geometry": {
        "type": "LineString",
        "coordinates": [
          [
            70.4116128,
            52.6305059
          ],
          [
            70.4118355,
            52.6297481
          ]
        ]
      }
    },
    {
      "type": "Feature",
      "id": "way/1492444182",
      "properties": {
        "role": "mapped_railway",
        "osm_way_id": "1492444182",
        "electrified": "contact_line",
        "frequency": "50",
        "gauge": "1520",
        "railway": "rail",
        "service": "crossover",
        "voltage": "25000"
      },
      "geometry": {
        "type": "LineString",
        "coordinates": [
          [
            70.9376609,
            52.018026
          ],
          [
            70.9374373,
            52.0183772
          ],
          [
            70.9371737,
            52.0187912
          ]
        ]
      }
    },
    {
      "type": "Feature",
      "id": "way/1492444186",
      "properties": {
        "role": "mapped_railway",
        "osm_way_id": "1492444186",
        "bridge": "yes",
        "electrified": "contact_line",
        "frequency": "50",
        "gauge": "1520",
        "layer": "1",
        "railway": "rail",
        "service": "siding",
        "voltage": "25000"
      },
      "geometry": {
        "type": "LineString",
        "coordinates": [
          [
            71.5313333,
            51.1125227
          ],
          [
            71.5302658,
            51.1097766
          ]
        ]
      }
    },
    {
      "type": "Feature",
      "id": "way/1492444187",
      "properties": {
        "role": "mapped_railway",
        "osm_way_id": "1492444187",
        "bridge": "yes",
        "electrified": "contact_line",
        "frequency": "50",
        "gauge": "1520",
        "layer": "1",
        "railway": "rail",
        "usage": "main",
        "voltage": "25000"
      },
      "geometry": {
        "type": "LineString",
        "coordinates": [
          [
            71.5315813,
            51.1124824
          ],
          [
            71.5305394,
            51.1097446
          ]
        ]
      }
    },
    {
      "type": "Feature",
      "id": "way/1492444188",
      "properties": {
        "role": "mapped_railway",
        "osm_way_id": "1492444188",
        "bridge": "yes",
        "electrified": "contact_line",
        "frequency": "50",
        "gauge": "1520",
        "layer": "1",
        "railway": "rail",
        "service": "siding",
        "voltage": "25000"
      },
      "geometry": {
        "type": "LineString",
        "coordinates": [
          [
            71.5316582,
            51.1124698
          ],
          [
            71.5306078,
            51.1097294
          ]
        ]
      }
    },
    {
      "type": "Feature",
      "id": "way/1492444189",
      "properties": {
        "role": "mapped_railway",
        "osm_way_id": "1492444189",
        "bridge": "yes",
        "electrified": "contact_line",
        "fixme": "possibly viaduct",
        "frequency": "50",
        "gauge": "1520",
        "layer": "1",
        "railway": "rail",
        "source": "Sentinel-2;MapBox",
        "usage": "main",
        "voltage": "25000"
      },
      "geometry": {
        "type": "LineString",
        "coordinates": [
          [
            71.5308331,
            51.1096971
          ],
          [
            71.5318829,
            51.1124333
          ]
        ]
      }
    },
    {
      "type": "Feature",
      "id": "way/1492444190",
      "properties": {
        "role": "mapped_railway",
        "osm_way_id": "1492444190",
        "bridge": "yes",
        "electrified": "contact_line",
        "fixme": "possibly viaduct",
        "frequency": "50",
        "gauge": "1520",
        "layer": "1",
        "railway": "rail",
        "service": "siding",
        "source": "Sentinel-2;MapBox",
        "voltage": "25000"
      },
      "geometry": {
        "type": "LineString",
        "coordinates": [
          [
            71.5319632,
            51.1124202
          ],
          [
            71.5309069,
            51.1096849
          ]
        ]
      }
    },
    {
      "type": "Feature",
      "id": "way/1492444191",
      "properties": {
        "role": "mapped_railway",
        "osm_way_id": "1492444191",
        "bridge": "yes",
        "electrified": "contact_line",
        "frequency": "50",
        "gauge": "1520",
        "layer": "1",
        "railway": "rail",
        "usage": "main",
        "voltage": "25000"
      },
      "geometry": {
        "type": "LineString",
        "coordinates": [
          [
            71.5321774,
            51.1123854
          ],
          [
            71.531108,
            51.1096453
          ]
        ]
      }
    },
    {
      "type": "Feature",
      "id": "way/1492454716",
      "properties": {
        "role": "mapped_railway",
        "osm_way_id": "1492454716",
        "electrified": "no",
        "gauge": "1520",
        "railway": "rail",
        "service": "siding"
      },
      "geometry": {
        "type": "LineString",
        "coordinates": [
          [
            69.4173557,
            53.2924382
          ],
          [
            69.4179994,
            53.2922057
          ],
          [
            69.4185103,
            53.2920382
          ],
          [
            69.4188724,
            53.2919452
          ],
          [
            69.4194826,
            53.2918025
          ],
          [
            69.4204858,
            53.2915732
          ],
          [
            69.4208707,
            53.2914746
          ],
          [
            69.4212033,
            53.291372
          ],
          [
            69.421564,
            53.2912285
          ],
          [
            69.4218698,
            53.2910858
          ],
          [
            69.422822,
            53.2905616
          ],
          [
            69.42316,
            53.2903299
          ],
          [
            69.4237326,
            53.2899403
          ]
        ]
      }
    },
    {
      "type": "Feature",
      "id": "way/1492454717",
      "properties": {
        "role": "mapped_railway",
        "osm_way_id": "1492454717",
        "electrified": "no",
        "gauge": "1520",
        "railway": "rail",
        "service": "siding"
      },
      "geometry": {
        "type": "LineString",
        "coordinates": [
          [
            69.4169091,
            53.2926474
          ],
          [
            69.4173557,
            53.2924382
          ],
          [
            69.4179605,
            53.2921688
          ],
          [
            69.4184634,
            53.2919861
          ],
          [
            69.4188295,
            53.2918851
          ],
          [
            69.4194531,
            53.29174
          ],
          [
            69.4204389,
            53.2915179
          ],
          [
            69.4208184,
            53.2914089
          ],
          [
            69.4211429,
            53.2913047
          ],
          [
            69.4214943,
            53.2911708
          ],
          [
            69.4217813,
            53.2910305
          ],
          [
            69.4232766,
            53.2902072
          ],
          [
            69.4237326,
            53.2899403
          ],
          [
            69.4242082,
            53.2896361
          ]
        ]
      }
    },
    {
      "type": "Feature",
      "id": "way/1492454718",
      "properties": {
        "role": "mapped_railway",
        "osm_way_id": "1492454718",
        "electrified": "no",
        "gauge": "1520",
        "railway": "rail",
        "service": "siding"
      },
      "geometry": {
        "type": "LineString",
        "coordinates": [
          [
            69.413753,
            53.2947571
          ],
          [
            69.4142349,
            53.2943757
          ],
          [
            69.4146627,
            53.294039
          ],
          [
            69.4150288,
            53.2937777
          ],
          [
            69.4153762,
            53.293542
          ],
          [
            69.4156256,
            53.2933881
          ],
          [
            69.415973,
            53.2931749
          ],
          [
            69.4163847,
            53.2929416
          ],
          [
            69.4169091,
            53.2926474
          ],
          [
            69.4176935,
            53.292221
          ]
        ]
      }
    },
    {
      "type": "Feature",
      "id": "way/1492454719",
      "properties": {
        "role": "mapped_railway",
        "osm_way_id": "1492454719",
        "electrified": "contact_line",
        "frequency": "50",
        "gauge": "1520",
        "railway": "rail",
        "service": "siding",
        "voltage": "25000"
      },
      "geometry": {
        "type": "LineString",
        "coordinates": [
          [
            69.4153531,
            53.2933995
          ],
          [
            69.41477,
            53.2937745
          ],
          [
            69.4145185,
            53.2939657
          ],
          [
            69.4143241,
            53.294126
          ],
          [
            69.4140807,
            53.2943119
          ],
          [
            69.4134811,
            53.294706
          ]
        ]
      }
    },
    {
      "type": "Feature",
      "id": "way/1492454720",
      "properties": {
        "role": "mapped_railway",
        "osm_way_id": "1492454720",
        "electrified": "no",
        "gauge": "1520",
        "railway": "rail",
        "service": "siding"
      },
      "geometry": {
        "type": "LineString",
        "coordinates": [
          [
            69.4169815,
            53.2925489
          ],
          [
            69.416319,
            53.2928931
          ],
          [
            69.4157933,
            53.2931901
          ],
          [
            69.4153762,
            53.2934554
          ],
          [
            69.4145746,
            53.2939853
          ]
        ]
      }
    },
    {
      "type": "Feature",
      "id": "way/1492454729",
      "properties": {
        "role": "mapped_railway",
        "osm_way_id": "1492454729",
        "electrified": "contact_line",
        "frequency": "50",
        "gauge": "1520",
        "railway": "rail",
        "service": "siding",
        "voltage": "25000"
      },
      "geometry": {
        "type": "LineString",
        "coordinates": [
          [
            70.187906,
            52.9203072
          ],
          [
            70.1896763,
            52.920269
          ],
          [
            70.1898587,
            52.9202674
          ],
          [
            70.1910615,
            52.92028
          ]
        ]
      }
    },
    {
      "type": "Feature",
      "id": "way/1492454731",
      "properties": {
        "role": "mapped_railway",
        "osm_way_id": "1492454731",
        "electrified": "no",
        "gauge": "1520",
        "railway": "rail",
        "service": "spur"
      },
      "geometry": {
        "type": "LineString",
        "coordinates": [
          [
            70.1898587,
            52.9202674
          ],
          [
            70.1905923,
            52.9202464
          ],
          [
            70.1912789,
            52.9202027
          ]
        ]
      }
    },
    {
      "type": "Feature",
      "id": "way/1509968913",
      "properties": {
        "role": "mapped_railway",
        "osm_way_id": "1509968913",
        "electrified": "contact_line",
        "frequency": "50",
        "gauge": "1520",
        "railway": "rail",
        "service": "siding",
        "voltage": "25000"
      },
      "geometry": {
        "type": "LineString",
        "coordinates": [
          [
            71.398311,
            51.199635
          ],
          [
            71.398804,
            51.1995217
          ],
          [
            71.3991424,
            51.1994276
          ]
        ]
      }
    },
    {
      "type": "Feature",
      "id": "way/1532991530",
      "properties": {
        "role": "mapped_railway",
        "osm_way_id": "1532991530",
        "electrified": "contact_line",
        "frequency": "50",
        "gauge": "1520",
        "railway": "rail",
        "service": "siding",
        "voltage": "25000"
      },
      "geometry": {
        "type": "LineString",
        "coordinates": [
          [
            71.4160014,
            51.2021954
          ],
          [
            71.4158289,
            51.2020612
          ],
          [
            71.4157258,
            51.2019978
          ],
          [
            71.4155127,
            51.2018937
          ],
          [
            71.4149563,
            51.2016795
          ],
          [
            71.4141427,
            51.2014201
          ],
          [
            71.4138857,
            51.2013222
          ],
          [
            71.4136655,
            51.2012247
          ],
          [
            71.4127692,
            51.2007709
          ],
          [
            71.4116152,
            51.2000245
          ],
          [
            71.4106976,
            51.1994268
          ],
          [
            71.4099464,
            51.1989795
          ],
          [
            71.4095161,
            51.1988222
          ],
          [
            71.4084769,
            51.1986033
          ],
          [
            71.4079478,
            51.1984966
          ],
          [
            71.4076774,
            51.1984545
          ],
          [
            71.4073938,
            51.1984132
          ],
          [
            71.4070049,
            51.1983729
          ],
          [
            71.4066777,
            51.1983469
          ],
          [
            71.4063135,
            51.1983286
          ]
        ]
      }
    },
    {
      "type": "Feature",
      "id": "way/165836206",
      "properties": {
        "role": "mapped_railway",
        "osm_way_id": "165836206",
        "bridge": "yes",
        "electrified": "contact_line",
        "frequency": "50",
        "gauge": "1520",
        "layer": "1",
        "railway": "rail",
        "usage": "main",
        "voltage": "25000"
      },
      "geometry": {
        "type": "LineString",
        "coordinates": [
          [
            71.4863391,
            51.1701184
          ],
          [
            71.4870917,
            51.1698339
          ]
        ]
      }
    },
    {
      "type": "Feature",
      "id": "way/231384637",
      "properties": {
        "role": "mapped_railway",
        "osm_way_id": "231384637",
        "electrified": "contact_line",
        "frequency": "50",
        "gauge": "1520",
        "railway": "rail",
        "service": "siding",
        "source": "bing",
        "voltage": "25000"
      },
      "geometry": {
        "type": "LineString",
        "coordinates": [
          [
            69.4184419,
            53.2918611
          ],
          [
            69.4190199,
            53.291611
          ],
          [
            69.419732,
            53.2912847
          ],
          [
            69.4203557,
            53.2909456
          ],
          [
            69.4321663,
            53.2844089
          ],
          [
            69.4323438,
            53.284293
          ],
          [
            69.4324319,
            53.2842277
          ],
          [
            69.4325905,
            53.2840942
          ],
          [
            69.4329607,
            53.283735
          ],
          [
            69.4331565,
            53.2835474
          ],
          [
            69.4334086,
            53.2833261
          ],
          [
            69.43376,
            53.2830791
          ],
          [
            69.4340171,
            53.282932
          ],
          [
            69.4347569,
            53.282461
          ]
        ]
      }
    },
    {
      "type": "Feature",
      "id": "way/231384644",
      "properties": {
        "role": "mapped_railway",
        "osm_way_id": "231384644",
        "electrified": "contact_line",
        "frequency": "50",
        "gauge": "1520",
        "railway": "rail",
        "service": "siding",
        "source": "bing",
        "voltage": "25000"
      },
      "geometry": {
        "type": "LineString",
        "coordinates": [
          [
            69.4371472,
            53.2814968
          ],
          [
            69.4362972,
            53.2818781
          ],
          [
            69.4360451,
            53.2820096
          ],
          [
            69.4356642,
            53.2822373
          ],
          [
            69.4352243,
            53.2825196
          ],
          [
            69.4343524,
            53.2832126
          ],
          [
            69.4340871,
            53.2834689
          ],
          [
            69.4337985,
            53.2837682
          ],
          [
            69.4335937,
            53.2840877
          ],
          [
            69.4334004,
            53.2843701
          ],
          [
            69.4332181,
            53.284585
          ],
          [
            69.4329659,
            53.2847934
          ],
          [
            69.432793,
            53.2848969
          ],
          [
            69.4325012,
            53.2850556
          ],
          [
            69.4242082,
            53.2896361
          ],
          [
            69.4217491,
            53.2909985
          ],
          [
            69.4215019,
            53.2911112
          ],
          [
            69.421298,
            53.2911865
          ],
          [
            69.4210034,
            53.2912647
          ],
          [
            69.4207405,
            53.2913176
          ],
          [
            69.4201826,
            53.2914074
          ],
          [
            69.4199064,
            53.2914587
          ],
          [
            69.4193056,
            53.2915917
          ],
          [
            69.4188442,
            53.2917136
          ]
        ]
      }
    },
    {
      "type": "Feature",
      "id": "way/234557538",
      "properties": {
        "role": "mapped_railway",
        "osm_way_id": "234557538",
        "electrified": "contact_line",
        "frequency": "50",
        "gauge": "1520",
        "railway": "rail",
        "service": "siding",
        "source": "bing",
        "voltage": "25000"
      },
      "geometry": {
        "type": "LineString",
        "coordinates": [
          [
            69.4343524,
            53.2832126
          ],
          [
            69.4336484,
            53.2837084
          ],
          [
            69.4334238,
            53.2838707
          ],
          [
            69.4331892,
            53.284118
          ],
          [
            69.4329877,
            53.2843226
          ],
          [
            69.4327772,
            53.2844767
          ],
          [
            69.4325412,
            53.2846199
          ],
          [
            69.4212165,
            53.2908641
          ],
          [
            69.4208571,
            53.2910268
          ],
          [
            69.4201529,
            53.2912655
          ],
          [
            69.4188442,
            53.2917136
          ],
          [
            69.4184419,
            53.2918611
          ],
          [
            69.4179775,
            53.2920715
          ],
          [
            69.4176935,
            53.292221
          ],
          [
            69.417239,
            53.2924318
          ],
          [
            69.4169815,
            53.2925489
          ],
          [
            69.4162693,
            53.2928631
          ],
          [
            69.4156009,
            53.2932289
          ]
        ]
      }
    },
    {
      "type": "Feature",
      "id": "way/234557539",
      "properties": {
        "role": "mapped_railway",
        "osm_way_id": "234557539",
        "electrified": "contact_line",
        "frequency": "50",
        "gauge": "1520",
        "railway": "rail",
        "service": "siding",
        "source": "bing",
        "voltage": "25000"
      },
      "geometry": {
        "type": "LineString",
        "coordinates": [
          [
            69.43376,
            53.2830791
          ],
          [
            69.4329979,
            53.2834917
          ],
          [
            69.432938,
            53.2835242
          ],
          [
            69.4321047,
            53.283992
          ],
          [
            69.4297879,
            53.2852738
          ],
          [
            69.423243,
            53.2888742
          ],
          [
            69.4191728,
            53.2911213
          ],
          [
            69.4186788,
            53.2914005
          ],
          [
            69.4184997,
            53.2914971
          ]
        ]
      }
    },
    {
      "type": "Feature",
      "id": "way/23978558",
      "properties": {
        "role": "mapped_railway",
        "osm_way_id": "23978558",
        "electrified": "contact_line",
        "frequency": "50",
        "gauge": "1520",
        "railway": "rail",
        "service": "siding",
        "voltage": "25000"
      },
      "geometry": {
        "type": "LineString",
        "coordinates": [
          [
            71.4050745,
            51.1973774
          ],
          [
            71.4051843,
            51.197339
          ],
          [
            71.4069244,
            51.1967308
          ],
          [
            71.4078592,
            51.1964198
          ],
          [
            71.4098968,
            51.1957767
          ]
        ]
      }
    },
    {
      "type": "Feature",
      "id": "way/241230220",
      "properties": {
        "role": "mapped_railway",
        "osm_way_id": "241230220",
        "railway": "rail",
        "service": "spur"
      },
      "geometry": {
        "type": "LineString",
        "coordinates": [
          [
            70.1771984,
            52.9217392
          ],
          [
            70.1767406,
            52.9218318
          ],
          [
            70.176052,
            52.921984
          ],
          [
            70.1757679,
            52.9220288
          ],
          [
            70.17273,
            52.922402
          ],
          [
            70.171977,
            52.9224996
          ],
          [
            70.1715573,
            52.9225926
          ],
          [
            70.1709555,
            52.9227692
          ],
          [
            70.1703055,
            52.9230409
          ],
          [
            70.1678575,
            52.9240241
          ],
          [
            70.1644544,
            52.9253814
          ],
          [
            70.1634765,
            52.9259255
          ],
          [
            70.1633905,
            52.9259923
          ],
          [
            70.1630688,
            52.9262425
          ],
          [
            70.1628864,
            52.9263815
          ],
          [
            70.1626103,
            52.9266665
          ],
          [
            70.1624335,
            52.9269434
          ],
          [
            70.1623338,
            52.9270994
          ],
          [
            70.1621667,
            52.9275254
          ],
          [
            70.1621097,
            52.9276706
          ],
          [
            70.1620127,
            52.9293656
          ],
          [
            70.1620605,
            52.9298446
          ],
          [
            70.1622309,
            52.9324778
          ],
          [
            70.1624006,
            52.9364298
          ],
          [
            70.1624783,
            52.9378407
          ],
          [
            70.16252,
            52.9385988
          ],
          [
            70.1626672,
            52.9412725
          ],
          [
            70.1627722,
            52.9438131
          ],
          [
            70.1627693,
            52.9442545
          ],
          [
            70.1628011,
            52.9451977
          ],
          [
            70.1626184,
            52.9458255
          ],
          [
            70.1623873,
            52.9462421
          ],
          [
            70.1619344,
            52.9468855
          ],
          [
            70.1617175,
            52.9471661
          ],
          [
            70.1614037,
            52.9475135
          ],
          [
            70.1612533,
            52.947716
          ],
          [
            70.1610019,
            52.9480545
          ],
          [
            70.1605777,
            52.9486258
          ],
          [
            70.1596803,
            52.949834
          ],
          [
            70.158586,
            52.9513218
          ],
          [
            70.1574836,
            52.9528312
          ],
          [
            70.1566613,
            52.9537627
          ]
        ]
      }
    },
    {
      "type": "Feature",
      "id": "way/241614253",
      "properties": {
        "role": "mapped_railway",
        "osm_way_id": "241614253",
        "railway": "rail",
        "service": "yard"
      },
      "geometry": {
        "type": "LineString",
        "coordinates": [
          [
            71.4122593,
            51.199017
          ],
          [
            71.4131576,
            51.1992224
          ],
          [
            71.4138156,
            51.1995275
          ],
          [
            71.4151025,
            51.2002856
          ],
          [
            71.41544,
            51.2004271
          ],
          [
            71.415566,
            51.20048
          ],
          [
            71.4163622,
            51.2008264
          ],
          [
            71.4172819,
            51.2010864
          ],
          [
            71.4205078,
            51.2015271
          ],
          [
            71.4219687,
            51.2016469
          ],
          [
            71.4223439,
            51.2015911
          ],
          [
            71.4227452,
            51.2015314
          ],
          [
            71.4239823,
            51.2013747
          ],
          [
            71.4251876,
            51.2012771
          ],
          [
            71.426518,
            51.2013813
          ]
        ]
      }
    },
    {
      "type": "Feature",
      "id": "way/241614254",
      "properties": {
        "role": "mapped_railway",
        "osm_way_id": "241614254",
        "electrified": "no",
        "gauge": "1520",
        "railway": "rail",
        "service": "spur"
      },
      "geometry": {
        "type": "LineString",
        "coordinates": [
          [
            71.4980277,
            51.1898339
          ],
          [
            71.4974901,
            51.1899814
          ],
          [
            71.4970283,
            51.190108
          ],
          [
            71.4966416,
            51.1901668
          ],
          [
            71.4961066,
            51.1901652
          ],
          [
            71.4955392,
            51.1901113
          ],
          [
            71.4950154,
            51.1900058
          ],
          [
            71.4946595,
            51.1899062
          ],
          [
            71.4941895,
            51.189744
          ],
          [
            71.4938065,
            51.189533
          ],
          [
            71.4935554,
            51.1892955
          ],
          [
            71.4933931,
            51.1891082
          ],
          [
            71.493014,
            51.1887481
          ],
          [
            71.4901318,
            51.1857291
          ],
          [
            71.4892369,
            51.1851723
          ],
          [
            71.4884933,
            51.1845824
          ],
          [
            71.4883517,
            51.1844826
          ],
          [
            71.4878287,
            51.1839637
          ],
          [
            71.4872299,
            51.1834688
          ],
          [
            71.4871004,
            51.1833496
          ],
          [
            71.4869868,
            51.183245
          ],
          [
            71.4844622,
            51.1806216
          ],
          [
            71.4842058,
            51.180346
          ],
          [
            71.4826659,
            51.1787668
          ]
        ]
      }
    },
    {
      "type": "Feature",
      "id": "way/241614255",
      "properties": {
        "role": "mapped_railway",
        "osm_way_id": "241614255",
        "railway": "rail",
        "service": "yard"
      },
      "geometry": {
        "type": "LineString",
        "coordinates": [
          [
            71.4079478,
            51.1984966
          ],
          [
            71.4113633,
            51.1989623
          ],
          [
            71.4118125,
            51.198951
          ],
          [
            71.4122593,
            51.199017
          ],
          [
            71.4134312,
            51.1991901
          ],
          [
            71.4137827,
            51.199235
          ],
          [
            71.4156291,
            51.1994705
          ],
          [
            71.418077,
            51.1998334
          ],
          [
            71.422012,
            51.2002457
          ],
          [
            71.4226174,
            51.2004106
          ],
          [
            71.4229596,
            51.2006333
          ],
          [
            71.4236571,
            51.2008229
          ],
          [
            71.424302,
            51.2009549
          ],
          [
            71.426518,
            51.2013813
          ]
        ]
      }
    },
    {
      "type": "Feature",
      "id": "way/241614260",
      "properties": {
        "role": "mapped_railway",
        "osm_way_id": "241614260",
        "railway": "rail",
        "service": "yard"
      },
      "geometry": {
        "type": "LineString",
        "coordinates": [
          [
            71.4137827,
            51.199235
          ],
          [
            71.4151553,
            51.1995942
          ],
          [
            71.4167872,
            51.1999653
          ],
          [
            71.4183139,
            51.2001632
          ],
          [
            71.4200642,
            51.2004106
          ],
          [
            71.4225385,
            51.200724
          ],
          [
            71.424302,
            51.2009549
          ]
        ]
      }
    },
    {
      "type": "Feature",
      "id": "way/241614261",
      "properties": {
        "role": "mapped_railway",
        "osm_way_id": "241614261",
        "electrified": "contact_line",
        "frequency": "50",
        "gauge": "1520",
        "name": "Южсиб",
        "railway": "rail",
        "source": "bing",
        "usage": "main",
        "voltage": "25000"
      },
      "geometry": {
        "type": "LineString",
        "coordinates": [
          [
            71.4505076,
            51.1831538
          ],
          [
            71.4481527,
            51.1839011
          ],
          [
            71.4469993,
            51.184245
          ],
          [
            71.4467861,
            51.1843139
          ],
          [
            71.4466198,
            51.1843778
          ],
          [
            71.4464267,
            51.1844568
          ],
          [
            71.4460739,
            51.1846215
          ],
          [
            71.4457034,
            51.1848023
          ],
          [
            71.4452577,
            51.1850291
          ],
          [
            71.4448874,
            51.1852189
          ],
          [
            71.444107,
            51.1856375
          ],
          [
            71.4436233,
            51.1858907
          ],
          [
            71.4433113,
            51.1860464
          ],
          [
            71.4429621,
            51.1862012
          ],
          [
            71.4427219,
            51.1862984
          ],
          [
            71.4424154,
            51.1864053
          ],
          [
            71.4420788,
            51.1865205
          ],
          [
            71.4415641,
            51.1866804
          ],
          [
            71.4313105,
            51.1898255
          ],
          [
            71.4307555,
            51.1899887
          ],
          [
            71.4302199,
            51.1901287
          ],
          [
            71.4292915,
            51.1903484
          ],
          [
            71.4288718,
            51.1904494
          ],
          [
            71.4285645,
            51.1905316
          ],
          [
            71.4282064,
            51.1906291
          ],
          [
            71.427945,
            51.1907178
          ],
          [
            71.4276432,
            51.1908207
          ],
          [
            71.4273977,
            51.1909173
          ],
          [
            71.4270565,
            51.1910549
          ],
          [
            71.4267755,
            51.1911796
          ],
          [
            71.4265683,
            51.1912783
          ],
          [
            71.4263463,
            51.191388
          ],
          [
            71.4260674,
            51.1915351
          ],
          [
            71.425827,
            51.1916751
          ],
          [
            71.42561,
            51.1918083
          ],
          [
            71.4253592,
            51.191968
          ],
          [
            71.4242435,
            51.1927407
          ],
          [
            71.4235288,
            51.1932384
          ],
          [
            71.422159,
            51.1941639
          ],
          [
            71.4217918,
            51.1943718
          ],
          [
            71.4208631,
            51.1948053
          ],
          [
            71.4201556,
            51.1950831
          ],
          [
            71.4149036,
            51.1967578
          ],
          [
            71.4131058,
            51.1973226
          ],
          [
            71.4117698,
            51.1977451
          ],
          [
            71.411321,
            51.1978836
          ],
          [
            71.4110282,
            51.1979645
          ],
          [
            71.4106756,
            51.1980479
          ],
          [
            71.4103496,
            51.1981216
          ],
          [
            71.4100347,
            51.198176
          ],
          [
            71.4096898,
            51.1982284
          ],
          [
            71.4093491,
            51.1982687
          ],
          [
            71.409038,
            51.1982989
          ],
          [
            71.4086424,
            51.1983208
          ],
          [
            71.4083198,
            51.198328
          ],
          [
            71.407937,
            51.1983275
          ],
          [
            71.4075639,
            51.1983172
          ],
          [
            71.4063705,
            51.1982863
          ],
          [
            71.4058944,
            51.1982874
          ],
          [
            71.4055391,
            51.1983007
          ],
          [
            71.4052306,
            51.1983225
          ],
          [
            71.4049588,
            51.1983451
          ],
          [
            71.4045842,
            51.1983939
          ],
          [
            71.4042141,
            51.1984469
          ],
          [
            71.4037022,
            51.1985524
          ],
          [
            71.4033678,
            51.1986334
          ],
          [
            71.40304,
            51.1987218
          ],
          [
            71.4027208,
            51.1988282
          ],
          [
            71.4022815,
            51.1989939
          ],
          [
            71.4018558,
            51.199185
          ]
        ]
      }
    },
    {
      "type": "Feature",
      "id": "way/243379603",
      "properties": {
        "role": "mapped_railway",
        "osm_way_id": "243379603",
        "electrified": "contact_line",
        "frequency": "50",
        "gauge": "1520",
        "railway": "rail",
        "source": "bing",
        "usage": "main",
        "voltage": "25000"
      },
      "geometry": {
        "type": "LineString",
        "coordinates": [
          [
            71.3962515,
            51.2002859
          ],
          [
            71.3952481,
            51.2006571
          ],
          [
            71.3950699,
            51.2007135
          ],
          [
            71.3944366,
            51.2009141
          ],
          [
            71.3878297,
            51.2029951
          ],
          [
            71.3873004,
            51.2032008
          ],
          [
            71.3855562,
            51.2039346
          ],
          [
            71.383943,
            51.2047395
          ],
          [
            71.3826091,
            51.2055471
          ],
          [
            71.381323,
            51.2063764
          ],
          [
            71.380058,
            51.2073248
          ],
          [
            71.3796514,
            51.2076489
          ],
          [
            71.3779798,
            51.2092367
          ],
          [
            71.3758768,
            51.2118603
          ],
          [
            71.3753375,
            51.2124233
          ],
          [
            71.3747444,
            51.2128625
          ],
          [
            71.3737059,
            51.2134007
          ],
          [
            71.372965,
            51.213713
          ],
          [
            71.3723923,
            51.2139331
          ],
          [
            71.3721409,
            51.2140229
          ]
        ]
      }
    },
    {
      "type": "Feature",
      "id": "way/256738524",
      "properties": {
        "role": "mapped_railway",
        "osm_way_id": "256738524",
        "electrified": "contact_line",
        "frequency": "50",
        "gauge": "1520",
        "maxspeed": "230",
        "name": "Астана - курорт Боровое",
        "passenger_lines": "2",
        "railway": "rail",
        "source": "bing",
        "usage": "main",
        "voltage": "25000"
      },
      "geometry": {
        "type": "LineString",
        "coordinates": [
          [
            71.1895071,
            51.4604546
          ],
          [
            71.1891358,
            51.4622364
          ],
          [
            71.1887711,
            51.4639568
          ],
          [
            71.1882657,
            51.4664217
          ],
          [
            71.1879916,
            51.4675915
          ],
          [
            71.187836,
            51.4681372
          ],
          [
            71.187632,
            51.4686997
          ],
          [
            71.1873158,
            51.469418
          ],
          [
            71.186904,
            51.4702042
          ],
          [
            71.1864473,
            51.4709723
          ],
          [
            71.1859443,
            51.4717139
          ],
          [
            71.1854212,
            51.4724181
          ],
          [
            71.1848505,
            51.4732161
          ],
          [
            71.1833216,
            51.4752785
          ],
          [
            71.1800119,
            51.4798325
          ],
          [
            71.178184,
            51.4823575
          ],
          [
            71.1759647,
            51.4854681
          ],
          [
            71.1728655,
            51.4896973
          ],
          [
            71.1712633,
            51.4919275
          ],
          [
            71.1704553,
            51.4930189
          ],
          [
            71.1700372,
            51.4935707
          ],
          [
            71.1696026,
            51.4940831
          ],
          [
            71.1692466,
            51.4944681
          ],
          [
            71.1688459,
            51.4948516
          ],
          [
            71.1684137,
            51.4952416
          ],
          [
            71.1679563,
            51.4956005
          ],
          [
            71.1674687,
            51.4959472
          ],
          [
            71.1669625,
            51.496268
          ],
          [
            71.1659195,
            51.4968794
          ],
          [
            71.1654182,
            51.4971141
          ],
          [
            71.1649273,
            51.4973555
          ],
          [
            71.1639099,
            51.4978055
          ],
          [
            71.163381,
            51.4980133
          ],
          [
            71.1628455,
            51.4982094
          ],
          [
            71.1622901,
            51.4983913
          ],
          [
            71.1617251,
            51.4985672
          ],
          [
            71.1611486,
            51.4987251
          ],
          [
            71.1605517,
            51.4988714
          ],
          [
            71.1599533,
            51.4990083
          ],
          [
            71.1593362,
            51.4991234
          ],
          [
            71.1581062,
            51.4993333
          ],
          [
            71.1568655,
            51.4994973
          ],
          [
            71.1565087,
            51.4995409
          ],
          [
            71.15613,
            51.499577
          ],
          [
            71.1553761,
            51.4996317
          ],
          [
            71.1538822,
            51.4996953
          ],
          [
            71.1531122,
            51.4997004
          ],
          [
            71.1523644,
            51.4996902
          ],
          [
            71.1515834,
            51.4996631
          ],
          [
            71.1508498,
            51.499618
          ],
          [
            71.1501857,
            51.4995752
          ],
          [
            71.1495293,
            51.4995152
          ],
          [
            71.1482114,
            51.4993652
          ],
          [
            71.1455948,
            51.4990462
          ],
          [
            71.1403595,
            51.4984192
          ],
          [
            71.13511,
            51.4977837
          ],
          [
            71.133777,
            51.4976237
          ],
          [
            71.1324449,
            51.4974813
          ],
          [
            71.1317801,
            51.4974412
          ],
          [
            71.1311162,
            51.4974106
          ],
          [
            71.1304587,
            51.4974078
          ],
          [
            71.1298036,
            51.4974192
          ],
          [
            71.1289418,
            51.4974598
          ],
          [
            71.1280999,
            51.4975307
          ],
          [
            71.127304,
            51.4976354
          ],
          [
            71.1265638,
            51.4977622
          ],
          [
            71.1257142,
            51.49795
          ],
          [
            71.1247529,
            51.4981917
          ],
          [
            71.1221941,
            51.4991028
          ],
          [
            71.1206693,
            51.4997693
          ],
          [
            71.1190926,
            51.500463
          ],
          [
            71.10698,
            51.5057275
          ],
          [
            71.1062908,
            51.5060568
          ],
          [
            71.1055758,
            51.5064244
          ],
          [
            71.1047081,
            51.5069795
          ],
          [
            71.1039922,
            51.5074826
          ],
          [
            71.1029085,
            51.5083446
          ],
          [
            71.1021975,
            51.5089796
          ],
          [
            71.1016753,
            51.5095246
          ],
          [
            71.1011009,
            51.5102747
          ],
          [
            71.1008165,
            51.5107516
          ],
          [
            71.100568,
            51.5112597
          ],
          [
            71.0957745,
            51.5212466
          ],
          [
            71.0840133,
            51.5456742
          ],
          [
            71.0837456,
            51.5463067
          ],
          [
            71.0835731,
            51.5467914
          ],
          [
            71.0833955,
            51.5472744
          ],
          [
            71.0832344,
            51.5478858
          ],
          [
            71.0830031,
            51.5489929
          ],
          [
            71.0828874,
            51.5501181
          ],
          [
            71.0829117,
            51.551131
          ],
          [
            71.0830717,
            51.5522828
          ],
          [
            71.0833034,
            51.553183
          ],
          [
            71.0840546,
            51.5558014
          ],
          [
            71.0843061,
            51.5564123
          ],
          [
            71.0846332,
            51.5569462
          ],
          [
            71.0856409,
            51.5582487
          ],
          [
            71.099711,
            51.5763517
          ],
          [
            71.1003424,
            51.5771525
          ],
          [
            71.1006811,
            51.5776916
          ],
          [
            71.1009207,
            51.5781691
          ],
          [
            71.1012693,
            51.5790214
          ],
          [
            71.1014575,
            51.5799287
          ],
          [
            71.1014849,
            51.580832
          ],
          [
            71.1013797,
            51.5817759
          ],
          [
            71.1010292,
            51.582894
          ],
          [
            71.1006085,
            51.5837797
          ],
          [
            71.100223,
            51.584375
          ],
          [
            71.0996944,
            51.5849468
          ],
          [
            71.0991043,
            51.5855864
          ],
          [
            71.098526,
            51.5860946
          ],
          [
            71.0979972,
            51.5865155
          ],
          [
            71.0973306,
            51.5869547
          ],
          [
            71.089226,
            51.5919253
          ],
          [
            71.0884476,
            51.59241
          ],
          [
            71.0876295,
            51.5929039
          ],
          [
            71.0868222,
            51.5933499
          ],
          [
            71.0860962,
            51.5937111
          ],
          [
            71.0851731,
            51.5940958
          ],
          [
            71.0764537,
            51.5970329
          ],
          [
            71.0756541,
            51.5973281
          ],
          [
            71.0748442,
            51.5976985
          ],
          [
            71.0741154,
            51.5980697
          ],
          [
            71.073409,
            51.598488
          ],
          [
            71.0727356,
            51.5989114
          ],
          [
            71.0721723,
            51.5993347
          ],
          [
            71.0716086,
            51.5998339
          ],
          [
            71.0711456,
            51.6003052
          ],
          [
            71.0661969,
            51.6055663
          ],
          [
            71.0654787,
            51.6064222
          ],
          [
            71.0648887,
            51.607166
          ],
          [
            71.0644287,
            51.6078605
          ],
          [
            71.0321932,
            51.6665912
          ],
          [
            71.0304791,
            51.6698147
          ],
          [
            71.0298606,
            51.6708622
          ],
          [
            71.0295475,
            51.6714399
          ],
          [
            71.0292384,
            51.6719816
          ],
          [
            71.0286216,
            51.6730955
          ],
          [
            71.028013,
            51.6741737
          ],
          [
            71.0277273,
            51.6747941
          ],
          [
            71.0276099,
            51.675125
          ],
          [
            71.0275419,
            51.6753474
          ],
          [
            71.0274685,
            51.6756131
          ],
          [
            71.0274138,
            51.6759171
          ],
          [
            71.0273511,
            51.6762422
          ],
          [
            71.0272871,
            51.6766675
          ],
          [
            71.0272471,
            51.6771102
          ],
          [
            71.0272471,
            51.6774536
          ],
          [
            71.0272538,
            51.6778333
          ],
          [
            71.0272751,
            51.6783007
          ],
          [
            71.0272967,
            51.6787215
          ]
        ]
      }
    },
    {
      "type": "Feature",
      "id": "way/256738526",
      "properties": {
        "role": "mapped_railway",
        "osm_way_id": "256738526",
        "electrified": "contact_line",
        "frequency": "50",
        "gauge": "1520",
        "name": "Южсиб",
        "passenger_lines": "2",
        "railway": "rail",
        "usage": "main",
        "voltage": "25000"
      },
      "geometry": {
        "type": "LineString",
        "coordinates": [
          [
            71.3526029,
            51.2201304
          ],
          [
            71.35337,
            51.219881
          ],
          [
            71.3543779,
            51.2195007
          ],
          [
            71.3552781,
            51.2191085
          ],
          [
            71.3561213,
            51.2186711
          ],
          [
            71.3573124,
            51.2179209
          ],
          [
            71.3583532,
            51.2170371
          ],
          [
            71.358758,
            51.2166092
          ],
          [
            71.3590378,
            51.2163363
          ],
          [
            71.3596747,
            51.2156333
          ],
          [
            71.3610105,
            51.2140052
          ],
          [
            71.3623858,
            51.21248
          ],
          [
            71.3632603,
            51.2116575
          ],
          [
            71.3644692,
            51.2107971
          ],
          [
            71.3656369,
            51.2101407
          ],
          [
            71.3664104,
            51.2097863
          ],
          [
            71.3671955,
            51.2094643
          ],
          [
            71.3683647,
            51.2090705
          ],
          [
            71.3696269,
            51.2086624
          ],
          [
            71.371608,
            51.2080281
          ],
          [
            71.3728964,
            51.207612
          ],
          [
            71.3735518,
            51.2074003
          ],
          [
            71.3751689,
            51.2069
          ],
          [
            71.3757888,
            51.2067136
          ],
          [
            71.3767482,
            51.2064082
          ],
          [
            71.3774066,
            51.2061993
          ]
        ]
      }
    },
    {
      "type": "Feature",
      "id": "way/257090399",
      "properties": {
        "role": "mapped_railway",
        "osm_way_id": "257090399",
        "gauge": "1520",
        "railway": "rail",
        "service": "spur"
      },
      "geometry": {
        "type": "LineString",
        "coordinates": [
          [
            71.3829718,
            51.2286021
          ],
          [
            71.3797273,
            51.2280311
          ],
          [
            71.3787089,
            51.2278518
          ],
          [
            71.3769319,
            51.2275525
          ],
          [
            71.3754578,
            51.2274556
          ],
          [
            71.3746837,
            51.2274177
          ],
          [
            71.3738962,
            51.2273685
          ],
          [
            71.3687884,
            51.2271108
          ],
          [
            71.3680677,
            51.2271701
          ],
          [
            71.3673741,
            51.2273066
          ],
          [
            71.3667298,
            51.2275106
          ],
          [
            71.366151,
            51.2277864
          ],
          [
            71.365584,
            51.2281386
          ],
          [
            71.3650059,
            51.2287937
          ]
        ]
      }
    },
    {
      "type": "Feature",
      "id": "way/257090400",
      "properties": {
        "role": "mapped_railway",
        "osm_way_id": "257090400",
        "gauge": "1520",
        "railway": "rail",
        "service": "yard"
      },
      "geometry": {
        "type": "LineString",
        "coordinates": [
          [
            71.3565393,
            51.2410185
          ],
          [
            71.3559772,
            51.2419454
          ]
        ]
      }
    },
    {
      "type": "Feature",
      "id": "way/257090404",
      "properties": {
        "role": "mapped_railway",
        "osm_way_id": "257090404",
        "electrified": "contact_line",
        "frequency": "50",
        "gauge": "1520",
        "name": "Kurort Borowoe - Astana",
        "railway": "rail",
        "source": "bing",
        "usage": "main",
        "voltage": "25000"
      },
      "geometry": {
        "type": "LineString",
        "coordinates": [
          [
            71.3631162,
            51.2167169
          ],
          [
            71.3632574,
            51.2154769
          ],
          [
            71.3634533,
            51.2145789
          ],
          [
            71.3638207,
            51.2137022
          ],
          [
            71.3640942,
            51.213247
          ],
          [
            71.3644119,
            51.2127994
          ],
          [
            71.3647351,
            51.2123666
          ],
          [
            71.3651315,
            51.2119518
          ],
          [
            71.3655497,
            51.2115755
          ],
          [
            71.3660335,
            51.2112156
          ],
          [
            71.3665258,
            51.2108596
          ],
          [
            71.3670802,
            51.2105373
          ],
          [
            71.3693937,
            51.2094157
          ],
          [
            71.3717786,
            51.2083194
          ],
          [
            71.3739975,
            51.2074247
          ],
          [
            71.3752029,
            51.2069841
          ],
          [
            71.375624,
            51.2068302
          ],
          [
            71.3764219,
            51.206568
          ]
        ]
      }
    },
    {
      "type": "Feature",
      "id": "way/257090406",
      "properties": {
        "role": "mapped_railway",
        "osm_way_id": "257090406",
        "railway": "rail",
        "service": "spur"
      },
      "geometry": {
        "type": "LineString",
        "coordinates": [
          [
            71.3772446,
            51.2277998
          ],
          [
            71.3754632,
            51.2275047
          ],
          [
            71.3746837,
            51.2274177
          ]
        ]
      }
    },
    {
      "type": "Feature",
      "id": "way/257090408",
      "properties": {
        "role": "mapped_railway",
        "osm_way_id": "257090408",
        "railway": "rail",
        "service": "yard"
      },
      "geometry": {
        "type": "LineString",
        "coordinates": [
          [
            71.3612697,
            51.2337775
          ],
          [
            71.3608621,
            51.2342297
          ],
          [
            71.3600656,
            51.2354478
          ]
        ]
      }
    },
    {
      "type": "Feature",
      "id": "way/257090410",
      "properties": {
        "role": "mapped_railway",
        "osm_way_id": "257090410",
        "electrified": "contact_line",
        "frequency": "50",
        "gauge": "1520",
        "railway": "rail",
        "service": "siding",
        "voltage": "25000"
      },
      "geometry": {
        "type": "LineString",
        "coordinates": [
          [
            71.3627928,
            51.2318444
          ],
          [
            71.3625335,
            51.232205
          ],
          [
            71.3566191,
            51.2412685
          ],
          [
            71.3564611,
            51.2416337
          ]
        ]
      }
    },
    {
      "type": "Feature",
      "id": "way/257090411",
      "properties": {
        "role": "mapped_railway",
        "osm_way_id": "257090411",
        "electrified": "contact_line",
        "frequency": "50",
        "gauge": "1520",
        "railway": "rail",
        "service": "siding",
        "voltage": "25000"
      },
      "geometry": {
        "type": "LineString",
        "coordinates": [
          [
            71.3629495,
            51.231934
          ],
          [
            71.3626841,
            51.2324693
          ],
          [
            71.3625433,
            51.2327079
          ],
          [
            71.3602635,
            51.2362292
          ],
          [
            71.3569416,
            51.2413372
          ],
          [
            71.356565,
            51.2418788
          ],
          [
            71.3559449,
            51.2426858
          ]
        ]
      }
    },
    {
      "type": "Feature",
      "id": "way/257090412",
      "properties": {
        "role": "mapped_railway",
        "osm_way_id": "257090412",
        "electrified": "contact_line",
        "frequency": "50",
        "gauge": "1520",
        "railway": "rail",
        "service": "siding",
        "voltage": "25000"
      },
      "geometry": {
        "type": "LineString",
        "coordinates": [
          [
            71.3561514,
            51.2419982
          ],
          [
            71.3563728,
            51.2413798
          ],
          [
            71.3564385,
            51.2412178
          ],
          [
            71.3565393,
            51.2410185
          ],
          [
            71.3612697,
            51.2337775
          ],
          [
            71.3614836,
            51.2335397
          ],
          [
            71.3619213,
            51.232977
          ]
        ]
      }
    },
    {
      "type": "Feature",
      "id": "way/257090413",
      "properties": {
        "role": "mapped_railway",
        "osm_way_id": "257090413",
        "gauge": "1520",
        "railway": "rail",
        "service": "spur"
      },
      "geometry": {
        "type": "LineString",
        "coordinates": [
          [
            71.3714009,
            51.2290501
          ],
          [
            71.3652562,
            51.2302078
          ],
          [
            71.3649053,
            51.2302951
          ],
          [
            71.3646278,
            51.230381
          ],
          [
            71.364341,
            51.2305041
          ],
          [
            71.3640762,
            51.2306586
          ],
          [
            71.3638622,
            51.2308172
          ],
          [
            71.3635893,
            51.2310568
          ],
          [
            71.3634619,
            51.2311911
          ],
          [
            71.3632841,
            51.2314176
          ]
        ]
      }
    },
    {
      "type": "Feature",
      "id": "way/257090416",
      "properties": {
        "role": "mapped_railway",
        "osm_way_id": "257090416",
        "gauge": "1520",
        "railway": "rail",
        "usage": "main"
      },
      "geometry": {
        "type": "LineString",
        "coordinates": [
          [
            71.3634018,
            51.2311093
          ],
          [
            71.3624861,
            51.2325321
          ],
          [
            71.3567804,
            51.2413028
          ],
          [
            71.3564213,
            51.2418489
          ],
          [
            71.3558392,
            51.2426963
          ]
        ]
      }
    },
    {
      "type": "Feature",
      "id": "way/257090418",
      "properties": {
        "role": "mapped_railway",
        "osm_way_id": "257090418",
        "electrified": "contact_line",
        "frequency": "50",
        "gauge": "1520",
        "railway": "rail",
        "service": "siding",
        "voltage": "25000"
      },
      "geometry": {
        "type": "LineString",
        "coordinates": [
          [
            71.363097,
            51.2314497
          ],
          [
            71.3627928,
            51.2318444
          ],
          [
            71.3622415,
            51.2325222
          ],
          [
            71.3620824,
            51.2327339
          ],
          [
            71.3619213,
            51.232977
          ],
          [
            71.3565613,
            51.2411774
          ],
          [
            71.3564265,
            51.2414209
          ],
          [
            71.3561514,
            51.2419982
          ],
          [
            71.3559274,
            51.2423962
          ]
        ]
      }
    },
    {
      "type": "Feature",
      "id": "way/257154348",
      "properties": {
        "role": "mapped_railway",
        "osm_way_id": "257154348",
        "gauge": "1520",
        "railway": "rail",
        "service": "yard"
      },
      "geometry": {
        "type": "LineString",
        "coordinates": [
          [
            71.399707,
            51.199246
          ],
          [
            71.3990731,
            51.1994917
          ],
          [
            71.3987678,
            51.1996024
          ],
          [
            71.3965313,
            51.2003034
          ],
          [
            71.3962439,
            51.2003998
          ],
          [
            71.3959683,
            51.2005049
          ],
          [
            71.3952742,
            51.2007835
          ],
          [
            71.3950786,
            51.2008617
          ],
          [
            71.3945804,
            51.2010608
          ],
          [
            71.3939888,
            51.2012854
          ],
          [
            71.393683,
            51.2013848
          ],
          [
            71.3906596,
            51.2023176
          ],
          [
            71.3896826,
            51.202492
          ]
        ]
      }
    },
    {
      "type": "Feature",
      "id": "way/257154352",
      "properties": {
        "role": "mapped_railway",
        "osm_way_id": "257154352",
        "gauge": "1520",
        "railway": "rail",
        "service": "yard"
      },
      "geometry": {
        "type": "LineString",
        "coordinates": [
          [
            71.3943523,
            51.2010054
          ],
          [
            71.3937949,
            51.2012183
          ],
          [
            71.3933004,
            51.2013867
          ],
          [
            71.3900736,
            51.2023952
          ],
          [
            71.3896826,
            51.202492
          ],
          [
            71.3884609,
            51.202879
          ],
          [
            71.387397,
            51.2032782
          ],
          [
            71.3865414,
            51.2037021
          ],
          [
            71.3862504,
            51.2038707
          ],
          [
            71.3860937,
            51.2040171
          ],
          [
            71.3859096,
            51.2043301
          ],
          [
            71.3857803,
            51.2046386
          ],
          [
            71.3857455,
            51.2049706
          ],
          [
            71.3857952,
            51.2052666
          ],
          [
            71.3859867,
            51.2055705
          ],
          [
            71.3867453,
            51.2064665
          ]
        ]
      }
    },
    {
      "type": "Feature",
      "id": "way/257154353",
      "properties": {
        "role": "mapped_railway",
        "osm_way_id": "257154353",
        "gauge": "1520",
        "railway": "rail",
        "service": "spur"
      },
      "geometry": {
        "type": "LineString",
        "coordinates": [
          [
            71.3724149,
            51.2048488
          ],
          [
            71.3719699,
            51.2051573
          ],
          [
            71.3718064,
            51.2053369
          ],
          [
            71.3717888,
            51.2055364
          ],
          [
            71.3718563,
            51.2056314
          ],
          [
            71.3719242,
            51.205727
          ],
          [
            71.3721627,
            51.2058574
          ],
          [
            71.3727152,
            51.2060211
          ],
          [
            71.3733076,
            51.2061621
          ],
          [
            71.3736887,
            51.2061901
          ],
          [
            71.3739051,
            51.2062171
          ],
          [
            71.374124,
            51.2061777
          ],
          [
            71.3745767,
            51.206067
          ],
          [
            71.3750268,
            51.2059152
          ],
          [
            71.3754621,
            51.2058115
          ],
          [
            71.3759148,
            51.2057787
          ],
          [
            71.3766411,
            51.2057491
          ],
          [
            71.3776683,
            51.2057148
          ],
          [
            71.3782752,
            51.20564
          ],
          [
            71.378595,
            51.2055642
          ],
          [
            71.3790319,
            51.205453
          ]
        ]
      }
    },
    {
      "type": "Feature",
      "id": "way/257154361",
      "properties": {
        "role": "mapped_railway",
        "osm_way_id": "257154361",
        "gauge": "1520",
        "railway": "rail",
        "service": "spur"
      },
      "geometry": {
        "type": "LineString",
        "coordinates": [
          [
            71.3755651,
            51.2067294
          ],
          [
            71.3751559,
            51.2068234
          ],
          [
            71.3750276,
            51.2068582
          ],
          [
            71.3749538,
            51.2068742
          ],
          [
            71.3728915,
            51.2072692
          ],
          [
            71.3696842,
            51.2081532
          ],
          [
            71.3673469,
            51.2087975
          ],
          [
            71.3654942,
            51.2093081
          ],
          [
            71.3650131,
            51.2094777
          ],
          [
            71.3644838,
            51.2097188
          ],
          [
            71.3580129,
            51.2127723
          ],
          [
            71.3576189,
            51.2129418
          ],
          [
            71.3572491,
            51.2130511
          ],
          [
            71.3569033,
            51.2131208
          ],
          [
            71.3551396,
            51.2135608
          ],
          [
            71.3543469,
            51.2137685
          ],
          [
            71.3538542,
            51.2139138
          ],
          [
            71.3535385,
            51.2140645
          ],
          [
            71.3525892,
            51.2146884
          ],
          [
            71.3488251,
            51.2171622
          ],
          [
            71.3485289,
            51.2173569
          ],
          [
            71.348162,
            51.2176488
          ],
          [
            71.3478764,
            51.217986
          ],
          [
            71.3476869,
            51.2183438
          ],
          [
            71.3475727,
            51.2186489
          ],
          [
            71.3475216,
            51.2189559
          ],
          [
            71.3475186,
            51.2192403
          ]
        ]
      }
    },
    {
      "type": "Feature",
      "id": "way/257154362",
      "properties": {
        "role": "mapped_railway",
        "osm_way_id": "257154362",
        "electrified": "contact_line",
        "frequency": "50",
        "gauge": "1520",
        "railway": "rail",
        "service": "crossover",
        "voltage": "25000"
      },
      "geometry": {
        "type": "LineString",
        "coordinates": [
          [
            71.3985096,
            51.1995073
          ],
          [
            71.3995823,
            51.1992357
          ]
        ]
      }
    },
    {
      "type": "Feature",
      "id": "way/257154365",
      "properties": {
        "role": "mapped_railway",
        "osm_way_id": "257154365",
        "electrified": "contact_line",
        "frequency": "50",
        "gauge": "1520",
        "railway": "rail",
        "service": "crossover",
        "voltage": "25000"
      },
      "geometry": {
        "type": "LineString",
        "coordinates": [
          [
            71.397374,
            51.1998698
          ],
          [
            71.397699,
            51.1997788
          ],
          [
            71.398311,
            51.199635
          ]
        ]
      }
    },
    {
      "type": "Feature",
      "id": "way/257154366",
      "properties": {
        "role": "mapped_railway",
        "osm_way_id": "257154366",
        "electrified": "contact_line",
        "frequency": "50",
        "gauge": "1520",
        "railway": "rail",
        "service": "crossover",
        "voltage": "25000"
      },
      "geometry": {
        "type": "LineString",
        "coordinates": [
          [
            71.3952099,
            51.2006203
          ],
          [
            71.3963259,
            51.2001983
          ]
        ]
      }
    },
    {
      "type": "Feature",
      "id": "way/257154368",
      "properties": {
        "role": "mapped_railway",
        "osm_way_id": "257154368",
        "gauge": "1520",
        "railway": "rail",
        "service": "spur"
      },
      "geometry": {
        "type": "LineString",
        "coordinates": [
          [
            71.3956956,
            51.1999895
          ],
          [
            71.3961383,
            51.1998851
          ]
        ]
      }
    },
    {
      "type": "Feature",
      "id": "way/257154369",
      "properties": {
        "role": "mapped_railway",
        "osm_way_id": "257154369",
        "gauge": "1520",
        "railway": "rail",
        "service": "yard"
      },
      "geometry": {
        "type": "LineString",
        "coordinates": [
          [
            71.3990034,
            51.1992301
          ],
          [
            71.3994411,
            51.1990561
          ],
          [
            71.399829,
            51.1988928
          ],
          [
            71.4000674,
            51.1987931
          ],
          [
            71.4013588,
            51.1982527
          ],
          [
            71.4016794,
            51.1981107
          ],
          [
            71.4019462,
            51.1980124
          ],
          [
            71.4021286,
            51.1979536
          ]
        ]
      }
    },
    {
      "type": "Feature",
      "id": "way/257154370",
      "properties": {
        "role": "mapped_railway",
        "osm_way_id": "257154370",
        "gauge": "1520",
        "railway": "rail",
        "service": "yard"
      },
      "geometry": {
        "type": "LineString",
        "coordinates": [
          [
            71.3980546,
            51.1998909
          ],
          [
            71.3984124,
            51.1997628
          ],
          [
            71.3990731,
            51.1994917
          ]
        ]
      }
    },
    {
      "type": "Feature",
      "id": "way/257154371",
      "properties": {
        "role": "mapped_railway",
        "osm_way_id": "257154371",
        "electrified": "contact_line",
        "frequency": "50",
        "gauge": "1520",
        "railway": "rail",
        "service": "siding",
        "voltage": "25000"
      },
      "geometry": {
        "type": "LineString",
        "coordinates": [
          [
            71.4057067,
            51.1973813
          ],
          [
            71.4062189,
            51.1972316
          ],
          [
            71.4212143,
            51.192479
          ],
          [
            71.421612,
            51.192346
          ]
        ]
      }
    },
    {
      "type": "Feature",
      "id": "way/257154372",
      "properties": {
        "role": "mapped_railway",
        "osm_way_id": "257154372",
        "gauge": "1520",
        "railway": "rail"
      },
      "geometry": {
        "type": "LineString",
        "coordinates": [
          [
            71.3786548,
            51.2058038
          ],
          [
            71.37775,
            51.2061436
          ]
        ]
      }
    },
    {
      "type": "Feature",
      "id": "way/257154373",
      "properties": {
        "role": "mapped_railway",
        "osm_way_id": "257154373",
        "electrified": "contact_line",
        "frequency": "50",
        "gauge": "1520",
        "railway": "rail",
        "service": "siding",
        "voltage": "25000"
      },
      "geometry": {
        "type": "LineString",
        "coordinates": [
          [
            71.4010973,
            51.1992984
          ],
          [
            71.4016896,
            51.1990048
          ],
          [
            71.4024079,
            51.1986019
          ],
          [
            71.4027777,
            51.1984233
          ],
          [
            71.4032707,
            51.198225
          ],
          [
            71.4049225,
            51.1975944
          ]
        ]
      }
    },
    {
      "type": "Feature",
      "id": "way/257154374",
      "properties": {
        "role": "mapped_railway",
        "osm_way_id": "257154374",
        "gauge": "1520",
        "railway": "rail",
        "service": "siding"
      },
      "geometry": {
        "type": "LineString",
        "coordinates": [
          [
            71.3880582,
            51.2081366
          ],
          [
            71.3877332,
            51.2083294
          ],
          [
            71.3871436,
            51.2086274
          ],
          [
            71.3869497,
            51.2087106
          ],
          [
            71.386723,
            51.2087928
          ],
          [
            71.3865075,
            51.2088587
          ],
          [
            71.3862808,
            51.2089125
          ],
          [
            71.3860662,
            51.2089545
          ],
          [
            71.3858557,
            51.2089889
          ],
          [
            71.3856236,
            51.2090109
          ],
          [
            71.3854064,
            51.2090242
          ],
          [
            71.3851945,
            51.2090259
          ],
          [
            71.384993,
            51.2090232
          ],
          [
            71.3848016,
            51.2090074
          ],
          [
            71.3846196,
            51.2089856
          ],
          [
            71.3844153,
            51.208952
          ],
          [
            71.3841699,
            51.2088931
          ],
          [
            71.3839672,
            51.2088322
          ],
          [
            71.3834973,
            51.2086105
          ],
          [
            71.3830804,
            51.2083609
          ],
          [
            71.3828287,
            51.2081599
          ],
          [
            71.3825245,
            51.2078542
          ],
          [
            71.3823626,
            51.2075717
          ],
          [
            71.3822017,
            51.207255
          ],
          [
            71.38218,
            51.2071616
          ],
          [
            71.3821523,
            51.2068687
          ],
          [
            71.3821896,
            51.2065263
          ],
          [
            71.3823225,
            51.2061755
          ],
          [
            71.382521,
            51.2058967
          ],
          [
            71.3828811,
            51.2055366
          ],
          [
            71.3831845,
            51.2053041
          ],
          [
            71.3835939,
            51.2050309
          ],
          [
            71.3856079,
            51.2039758
          ],
          [
            71.3874045,
            51.2032225
          ],
          [
            71.3878762,
            51.203043
          ],
          [
            71.3884105,
            51.20285
          ],
          [
            71.3943523,
            51.2010054
          ],
          [
            71.3950382,
            51.2007887
          ],
          [
            71.3950825,
            51.2007738
          ],
          [
            71.3953944,
            51.2006689
          ],
          [
            71.3959044,
            51.2004712
          ],
          [
            71.3961929,
            51.2003612
          ],
          [
            71.3964967,
            51.2002624
          ],
          [
            71.3991424,
            51.1994276
          ],
          [
            71.399707,
            51.199246
          ],
          [
            71.40037,
            51.1990333
          ],
          [
            71.4015595,
            51.1986569
          ]
        ]
      }
    },
    {
      "type": "Feature",
      "id": "way/257154376",
      "properties": {
        "role": "mapped_railway",
        "osm_way_id": "257154376",
        "gauge": "1520",
        "railway": "rail",
        "service": "spur"
      },
      "geometry": {
        "type": "LineString",
        "coordinates": [
          [
            71.3699206,
            51.2049123
          ],
          [
            71.3713184,
            51.2056619
          ],
          [
            71.3721293,
            51.2059034
          ],
          [
            71.3727152,
            51.2060211
          ]
        ]
      }
    },
    {
      "type": "Feature",
      "id": "way/257154377",
      "properties": {
        "role": "mapped_railway",
        "osm_way_id": "257154377",
        "gauge": "1520",
        "railway": "rail",
        "service": "yard"
      },
      "geometry": {
        "type": "LineString",
        "coordinates": [
          [
            71.3900736,
            51.2023952
          ],
          [
            71.3907441,
            51.202235
          ],
          [
            71.3930109,
            51.2015171
          ],
          [
            71.3932841,
            51.2014191
          ],
          [
            71.3937949,
            51.2012183
          ]
        ]
      }
    },
    {
      "type": "Feature",
      "id": "way/257154378",
      "properties": {
        "role": "mapped_railway",
        "osm_way_id": "257154378",
        "gauge": "1520",
        "railway": "rail",
        "service": "spur"
      },
      "geometry": {
        "type": "LineString",
        "coordinates": [
          [
            71.3956433,
            51.1999396
          ],
          [
            71.395907,
            51.1998944
          ],
          [
            71.3961383,
            51.1998851
          ],
          [
            71.3970496,
            51.1998617
          ]
        ]
      }
    },
    {
      "type": "Feature",
      "id": "way/257154379",
      "properties": {
        "role": "mapped_railway",
        "osm_way_id": "257154379",
        "gauge": "1520",
        "railway": "rail",
        "service": "yard"
      },
      "geometry": {
        "type": "LineString",
        "coordinates": [
          [
            71.3993457,
            51.1994749
          ],
          [
            71.3980546,
            51.1998909
          ],
          [
            71.3965899,
            51.2003492
          ],
          [
            71.3952742,
            51.2007835
          ]
        ]
      }
    },
    {
      "type": "Feature",
      "id": "way/257154380",
      "properties": {
        "role": "mapped_railway",
        "osm_way_id": "257154380",
        "gauge": "1520",
        "railway": "rail",
        "service": "yard"
      },
      "geometry": {
        "type": "LineString",
        "coordinates": [
          [
            71.3999939,
            51.1993078
          ],
          [
            71.3994411,
            51.1995687
          ],
          [
            71.3993298,
            51.1996192
          ],
          [
            71.3991936,
            51.199669
          ],
          [
            71.397589,
            51.2001948
          ],
          [
            71.3972889,
            51.2002911
          ],
          [
            71.3962566,
            51.200576
          ]
        ]
      }
    },
    {
      "type": "Feature",
      "id": "way/257154381",
      "properties": {
        "role": "mapped_railway",
        "osm_way_id": "257154381",
        "gauge": "1520",
        "railway": "rail",
        "service": "yard"
      },
      "geometry": {
        "type": "LineString",
        "coordinates": [
          [
            71.4048271,
            51.1973852
          ],
          [
            71.402596,
            51.1981034
          ],
          [
            71.3999206,
            51.1989327
          ],
          [
            71.3995924,
            51.1990297
          ],
          [
            71.3993311,
            51.1991133
          ],
          [
            71.3990034,
            51.1992301
          ],
          [
            71.3989206,
            51.1992649
          ],
          [
            71.3983575,
            51.1994923
          ],
          [
            71.3980321,
            51.1996087
          ]
        ]
      }
    },
    {
      "type": "Feature",
      "id": "way/257154382",
      "properties": {
        "role": "mapped_railway",
        "osm_way_id": "257154382",
        "gauge": "1520",
        "railway": "rail",
        "service": "yard"
      },
      "geometry": {
        "type": "LineString",
        "coordinates": [
          [
            71.3798041,
            51.2053854
          ],
          [
            71.3788903,
            51.2057337
          ]
        ]
      }
    },
    {
      "type": "Feature",
      "id": "way/257154384",
      "properties": {
        "role": "mapped_railway",
        "osm_way_id": "257154384",
        "gauge": "1520",
        "railway": "rail",
        "service": "spur"
      },
      "geometry": {
        "type": "LineString",
        "coordinates": [
          [
            71.3785986,
            51.2057675
          ],
          [
            71.3767014,
            51.2063584
          ],
          [
            71.3761568,
            51.2065407
          ],
          [
            71.3756657,
            51.2066973
          ],
          [
            71.3755651,
            51.2067294
          ],
          [
            71.3751593,
            51.2068472
          ],
          [
            71.3741677,
            51.2071396
          ],
          [
            71.3734986,
            51.2073297
          ],
          [
            71.3728442,
            51.2075263
          ],
          [
            71.3722099,
            51.2077211
          ],
          [
            71.3715226,
            51.2079369
          ],
          [
            71.3708603,
            51.2081386
          ],
          [
            71.3702161,
            51.2083459
          ],
          [
            71.369557,
            51.2085656
          ],
          [
            71.3689178,
            51.2087759
          ],
          [
            71.3682785,
            51.2089816
          ],
          [
            71.3676418,
            51.2091951
          ],
          [
            71.3670118,
            51.2094092
          ],
          [
            71.366361,
            51.2096295
          ],
          [
            71.3657596,
            51.2098785
          ],
          [
            71.3651792,
            51.210143
          ],
          [
            71.3646234,
            51.2104404
          ],
          [
            71.3640782,
            51.2107445
          ],
          [
            71.3635723,
            51.211077
          ],
          [
            71.3630922,
            51.2114245
          ],
          [
            71.3626346,
            51.2117937
          ],
          [
            71.3622118,
            51.2121583
          ],
          [
            71.3617989,
            51.2125338
          ],
          [
            71.3613885,
            51.2129078
          ],
          [
            71.3610353,
            51.2133051
          ],
          [
            71.360707,
            51.2137055
          ],
          [
            71.3603737,
            51.2141121
          ],
          [
            71.360023,
            51.2145079
          ],
          [
            71.3596698,
            51.214902
          ],
          [
            71.3592147,
            51.2152495
          ],
          [
            71.3586973,
            51.2155626
          ],
          [
            71.3581701,
            51.2158773
          ],
          [
            71.3576389,
            51.2161835
          ],
          [
            71.3574227,
            51.2162713
          ],
          [
            71.357092,
            51.2164854
          ],
          [
            71.356552,
            51.2167916
          ],
          [
            71.3560367,
            51.2171089
          ],
          [
            71.3555021,
            51.2174096
          ],
          [
            71.3549763,
            51.2177215
          ],
          [
            71.3544183,
            51.2180149
          ],
          [
            71.353808,
            51.2183403
          ],
          [
            71.3533315,
            51.2185399
          ],
          [
            71.3486594,
            51.2202506
          ],
          [
            71.3480966,
            51.2204566
          ],
          [
            71.347666,
            51.2206005
          ],
          [
            71.3471321,
            51.2207281
          ],
          [
            71.3465895,
            51.2207965
          ],
          [
            71.3460527,
            51.2208324
          ],
          [
            71.3454613,
            51.220809
          ],
          [
            71.3449647,
            51.2207587
          ],
          [
            71.3444049,
            51.2206526
          ],
          [
            71.3439513,
            51.220525
          ],
          [
            71.3434489,
            51.2203218
          ],
          [
            71.343027,
            51.2201132
          ],
          [
            71.342226,
            51.2195594
          ],
          [
            71.3419763,
            51.2193491
          ],
          [
            71.3417124,
            51.2190818
          ],
          [
            71.3415973,
            51.2188816
          ],
          [
            71.3415055,
            51.2186766
          ],
          [
            71.3414595,
            51.2184572
          ],
          [
            71.3413849,
            51.2169954
          ],
          [
            71.3414222,
            51.2167077
          ],
          [
            71.3415485,
            51.216411
          ],
          [
            71.3416949,
            51.2161988
          ],
          [
            71.3419533,
            51.2159506
          ],
          [
            71.3422798,
            51.2157047
          ],
          [
            71.3453447,
            51.213718
          ]
        ]
      }
    },
    {
      "type": "Feature",
      "id": "way/257154385",
      "properties": {
        "role": "mapped_railway",
        "osm_way_id": "257154385",
        "electrified": "contact_line",
        "frequency": "50",
        "gauge": "1520",
        "railway": "rail",
        "service": "siding",
        "voltage": "25000"
      },
      "geometry": {
        "type": "LineString",
        "coordinates": [
          [
            71.4049836,
            51.1979574
          ],
          [
            71.4047196,
            51.1980233
          ],
          [
            71.4044997,
            51.1980704
          ],
          [
            71.4042884,
            51.1981015
          ],
          [
            71.4036119,
            51.1981729
          ],
          [
            71.4032707,
            51.198225
          ],
          [
            71.4027088,
            51.1983492
          ],
          [
            71.4022949,
            51.1984477
          ],
          [
            71.4018412,
            51.1985642
          ]
        ]
      }
    },
    {
      "type": "Feature",
      "id": "way/257154386",
      "properties": {
        "role": "mapped_railway",
        "osm_way_id": "257154386",
        "gauge": "1520",
        "railway": "rail",
        "service": "yard"
      },
      "geometry": {
        "type": "LineString",
        "coordinates": [
          [
            71.3944356,
            51.2005257
          ],
          [
            71.3810028,
            51.2047947
          ],
          [
            71.3804944,
            51.2049696
          ],
          [
            71.3801654,
            51.2051076
          ],
          [
            71.3793908,
            51.2054827
          ]
        ]
      }
    },
    {
      "type": "Feature",
      "id": "way/257154387",
      "properties": {
        "role": "mapped_railway",
        "osm_way_id": "257154387",
        "gauge": "1520",
        "railway": "rail",
        "service": "spur"
      },
      "geometry": {
        "type": "LineString",
        "coordinates": [
          [
            71.4008118,
            51.1978917
          ],
          [
            71.3998069,
            51.1982829
          ],
          [
            71.3993319,
            51.1985338
          ],
          [
            71.3989165,
            51.1988206
          ],
          [
            71.3983892,
            51.1991417
          ]
        ]
      }
    },
    {
      "type": "Feature",
      "id": "way/257154388",
      "properties": {
        "role": "mapped_railway",
        "osm_way_id": "257154388",
        "gauge": "1520",
        "railway": "rail",
        "service": "spur"
      },
      "geometry": {
        "type": "LineString",
        "coordinates": [
          [
            71.3993791,
            51.1978356
          ],
          [
            71.399123,
            51.1983468
          ],
          [
            71.3988295,
            51.1987692
          ],
          [
            71.3983892,
            51.1991417
          ],
          [
            71.3978183,
            51.199546
          ],
          [
            71.3974745,
            51.1997107
          ]
        ]
      }
    },
    {
      "type": "Feature",
      "id": "way/257154389",
      "properties": {
        "role": "mapped_railway",
        "osm_way_id": "257154389",
        "gauge": "1520",
        "railway": "rail",
        "service": "spur"
      },
      "geometry": {
        "type": "LineString",
        "coordinates": [
          [
            71.3979877,
            51.1994917
          ],
          [
            71.3990235,
            51.1988985
          ],
          [
            71.3994662,
            51.1986289
          ],
          [
            71.3999487,
            51.1983827
          ],
          [
            71.4008963,
            51.1979946
          ]
        ]
      }
    },
    {
      "type": "Feature",
      "id": "way/257154392",
      "properties": {
        "role": "mapped_railway",
        "osm_way_id": "257154392",
        "gauge": "1520",
        "railway": "rail",
        "service": "yard"
      },
      "geometry": {
        "type": "LineString",
        "coordinates": [
          [
            71.3957195,
            51.2002373
          ],
          [
            71.3948664,
            51.2004437
          ],
          [
            71.3942354,
            51.2006224
          ],
          [
            71.3810303,
            51.204836
          ],
          [
            71.3805495,
            51.2050016
          ],
          [
            71.3800157,
            51.205223
          ]
        ]
      }
    },
    {
      "type": "Feature",
      "id": "way/257154393",
      "properties": {
        "role": "mapped_railway",
        "osm_way_id": "257154393",
        "gauge": "1520",
        "railway": "rail",
        "service": "yard"
      },
      "geometry": {
        "type": "LineString",
        "coordinates": [
          [
            71.395881,
            51.2002843
          ],
          [
            71.3949171,
            51.2005122
          ],
          [
            71.3942547,
            51.2007199
          ],
          [
            71.3811563,
            51.2049042
          ],
          [
            71.3808784,
            51.2050028
          ],
          [
            71.3801743,
            51.2052707
          ]
        ]
      }
    },
    {
      "type": "Feature",
      "id": "way/257154395",
      "properties": {
        "role": "mapped_railway",
        "osm_way_id": "257154395",
        "gauge": "1520",
        "railway": "rail",
        "service": "spur"
      },
      "geometry": {
        "type": "LineString",
        "coordinates": [
          [
            71.4008541,
            51.1979432
          ],
          [
            71.3998778,
            51.1983328
          ],
          [
            71.399399,
            51.1985814
          ],
          [
            71.39897,
            51.1988596
          ],
          [
            71.3984415,
            51.1991713
          ],
          [
            71.3978554,
            51.1995514
          ]
        ]
      }
    },
    {
      "type": "Feature",
      "id": "way/257154397",
      "properties": {
        "role": "mapped_railway",
        "osm_way_id": "257154397",
        "gauge": "1520",
        "railway": "rail",
        "service": "spur"
      },
      "geometry": {
        "type": "LineString",
        "coordinates": [
          [
            71.3761568,
            51.2065407
          ],
          [
            71.3766765,
            51.2063241
          ],
          [
            71.3777535,
            51.2058581
          ],
          [
            71.3786137,
            51.2055865
          ],
          [
            71.3790319,
            51.205453
          ],
          [
            71.381198,
            51.2046611
          ],
          [
            71.385805,
            51.2031746
          ]
        ]
      }
    },
    {
      "type": "Feature",
      "id": "way/257154401",
      "properties": {
        "role": "mapped_railway",
        "osm_way_id": "257154401",
        "gauge": "1520",
        "railway": "rail",
        "service": "yard"
      },
      "geometry": {
        "type": "LineString",
        "coordinates": [
          [
            71.3775807,
            51.2061465
          ],
          [
            71.3785986,
            51.2057675
          ],
          [
            71.3787273,
            51.2057264
          ],
          [
            71.3788197,
            51.2056992
          ],
          [
            71.3793908,
            51.2054827
          ],
          [
            71.3800157,
            51.205223
          ],
          [
            71.3803866,
            51.2050836
          ],
          [
            71.3813086,
            51.2047923
          ],
          [
            71.3844377,
            51.2037944
          ],
          [
            71.3942176,
            51.2006753
          ],
          [
            71.3948898,
            51.2004769
          ],
          [
            71.395407,
            51.2003242
          ],
          [
            71.3957195,
            51.2002373
          ],
          [
            71.3964235,
            51.2000735
          ],
          [
            71.3966925,
            51.2000085
          ],
          [
            71.3970946,
            51.1998976
          ]
        ]
      }
    },
    {
      "type": "Feature",
      "id": "way/257154403",
      "properties": {
        "role": "mapped_railway",
        "osm_way_id": "257154403",
        "gauge": "1520",
        "railway": "rail",
        "usage": "main"
      },
      "geometry": {
        "type": "LineString",
        "coordinates": [
          [
            71.4022897,
            51.1983705
          ],
          [
            71.4003316,
            51.1989911
          ],
          [
            71.3995823,
            51.1992357
          ],
          [
            71.398311,
            51.199635
          ],
          [
            71.3962515,
            51.2002859
          ]
        ]
      }
    },
    {
      "type": "Feature",
      "id": "way/257154406",
      "properties": {
        "role": "mapped_railway",
        "osm_way_id": "257154406",
        "gauge": "1520",
        "railway": "rail",
        "service": "spur"
      },
      "geometry": {
        "type": "LineString",
        "coordinates": [
          [
            71.3996005,
            51.1987739
          ],
          [
            71.3979877,
            51.1994917
          ],
          [
            71.3978554,
            51.1995514
          ],
          [
            71.3974745,
            51.1997107
          ],
          [
            71.397203,
            51.1998011
          ],
          [
            71.3970496,
            51.1998617
          ],
          [
            71.396545,
            51.1999863
          ],
          [
            71.3952592,
            51.2002859
          ]
        ]
      }
    },
    {
      "type": "Feature",
      "id": "way/257154408",
      "properties": {
        "role": "mapped_railway",
        "osm_way_id": "257154408",
        "gauge": "1520",
        "railway": "rail",
        "service": "yard"
      },
      "geometry": {
        "type": "LineString",
        "coordinates": [
          [
            71.393217,
            51.2016679
          ],
          [
            71.3946064,
            51.2011099
          ],
          [
            71.3949003,
            51.2010058
          ],
          [
            71.3950765,
            51.2009503
          ],
          [
            71.3956103,
            51.200782
          ],
          [
            71.3961724,
            51.2006035
          ],
          [
            71.3962566,
            51.200576
          ],
          [
            71.3965496,
            51.2004822
          ],
          [
            71.3970847,
            51.2002746
          ],
          [
            71.397223,
            51.2002249
          ],
          [
            71.3996395,
            51.1994519
          ],
          [
            71.3999939,
            51.1993078
          ],
          [
            71.4003648,
            51.1991445
          ],
          [
            71.4012417,
            51.1987858
          ]
        ]
      }
    },
    {
      "type": "Feature",
      "id": "way/257154410",
      "properties": {
        "role": "mapped_railway",
        "osm_way_id": "257154410",
        "electrified": "contact_line",
        "frequency": "50",
        "gauge": "1520",
        "railway": "rail",
        "service": "siding",
        "voltage": "25000"
      },
      "geometry": {
        "type": "LineString",
        "coordinates": [
          [
            71.4265931,
            51.1908712
          ],
          [
            71.4257682,
            51.1910603
          ],
          [
            71.4248228,
            51.1912888
          ],
          [
            71.4244875,
            51.1913906
          ],
          [
            71.422665,
            51.1919739
          ],
          [
            71.4222693,
            51.1921008
          ],
          [
            71.421806,
            51.1922453
          ],
          [
            71.4175127,
            51.1936028
          ]
        ]
      }
    },
    {
      "type": "Feature",
      "id": "way/257154414",
      "properties": {
        "role": "mapped_railway",
        "osm_way_id": "257154414",
        "gauge": "1520",
        "railway": "rail",
        "service": "spur"
      },
      "geometry": {
        "type": "LineString",
        "coordinates": [
          [
            71.3862504,
            51.2038707
          ],
          [
            71.3859744,
            51.2040145
          ],
          [
            71.3856957,
            51.2042412
          ],
          [
            71.3852779,
            51.2045436
          ],
          [
            71.3849695,
            51.2049316
          ],
          [
            71.3849073,
            51.2052807
          ],
          [
            71.3849272,
            51.2055892
          ],
          [
            71.3850142,
            51.2059055
          ],
          [
            71.3851983,
            51.2062266
          ]
        ]
      }
    },
    {
      "type": "Feature",
      "id": "way/257154425",
      "properties": {
        "role": "mapped_railway",
        "osm_way_id": "257154425",
        "gauge": "1520",
        "railway": "rail",
        "service": "spur"
      },
      "geometry": {
        "type": "LineString",
        "coordinates": [
          [
            71.3964235,
            51.2000735
          ],
          [
            71.3952592,
            51.2002859
          ],
          [
            71.3948343,
            51.2003957
          ],
          [
            71.3944356,
            51.2005257
          ]
        ]
      }
    },
    {
      "type": "Feature",
      "id": "way/257154426",
      "properties": {
        "role": "mapped_railway",
        "osm_way_id": "257154426",
        "gauge": "1520",
        "railway": "rail",
        "service": "spur"
      },
      "geometry": {
        "type": "LineString",
        "coordinates": [
          [
            71.3895112,
            51.20171
          ],
          [
            71.3899912,
            51.2017178
          ],
          [
            71.3904414,
            51.2016664
          ],
          [
            71.3908692,
            51.2015588
          ],
          [
            71.3932892,
            51.2007983
          ],
          [
            71.3944356,
            51.2005257
          ]
        ]
      }
    },
    {
      "type": "Feature",
      "id": "way/257416499",
      "properties": {
        "role": "mapped_railway",
        "osm_way_id": "257416499",
        "electrified": "contact_line",
        "frequency": "50",
        "gauge": "1520",
        "maxspeed": "230",
        "name": "Трансказахстанская железнодорожная магистраль",
        "passenger_lines": "2",
        "railway": "rail",
        "source": "bing",
        "usage": "main",
        "voltage": "25000"
      },
      "geometry": {
        "type": "LineString",
        "coordinates": [
          [
            69.8593494,
            53.0892114
          ],
          [
            69.8582177,
            53.0895192
          ],
          [
            69.8513991,
            53.0914035
          ],
          [
            69.845318,
            53.0930762
          ],
          [
            69.8391964,
            53.0947568
          ],
          [
            69.8378724,
            53.0951168
          ],
          [
            69.823707,
            53.0990257
          ],
          [
            69.8054646,
            53.1040969
          ],
          [
            69.7820746,
            53.1103375
          ],
          [
            69.7618382,
            53.1158902
          ],
          [
            69.7597158,
            53.1168729
          ],
          [
            69.7580739,
            53.1185883
          ],
          [
            69.7558719,
            53.1212313
          ],
          [
            69.7520765,
            53.1234355
          ],
          [
            69.7432825,
            53.1275032
          ],
          [
            69.7310739,
            53.1339125
          ],
          [
            69.727906,
            53.1359593
          ],
          [
            69.7260809,
            53.1379665
          ],
          [
            69.7250455,
            53.1401952
          ],
          [
            69.7237637,
            53.1446256
          ],
          [
            69.7221147,
            53.1498269
          ],
          [
            69.7213199,
            53.1518803
          ],
          [
            69.7202777,
            53.1536081
          ],
          [
            69.7184415,
            53.1551129
          ],
          [
            69.7131286,
            53.1598366
          ],
          [
            69.7043355,
            53.1665361
          ],
          [
            69.6959691,
            53.1737111
          ],
          [
            69.6797053,
            53.1847215
          ],
          [
            69.6634398,
            53.195807
          ],
          [
            69.6483997,
            53.2064936
          ],
          [
            69.6413748,
            53.2107375
          ],
          [
            69.629344,
            53.2171908
          ],
          [
            69.6234298,
            53.2202454
          ],
          [
            69.6193289,
            53.2222929
          ],
          [
            69.6164864,
            53.2237231
          ],
          [
            69.6135688,
            53.2252067
          ],
          [
            69.6031163,
            53.2305455
          ],
          [
            69.6005471,
            53.2318495
          ],
          [
            69.5979614,
            53.2329271
          ],
          [
            69.5953498,
            53.2337443
          ],
          [
            69.5172512,
            53.2557065
          ],
          [
            69.4503459,
            53.2744713
          ],
          [
            69.4497348,
            53.2746516
          ],
          [
            69.4487719,
            53.2749738
          ],
          [
            69.4478951,
            53.2753084
          ],
          [
            69.4471643,
            53.2756283
          ],
          [
            69.4465295,
            53.2759486
          ],
          [
            69.4409846,
            53.2790194
          ],
          [
            69.4388751,
            53.280184
          ],
          [
            69.437891,
            53.2807369
          ]
        ]
      }
    },
    {
      "type": "Feature",
      "id": "way/258113628",
      "properties": {
        "role": "mapped_railway",
        "osm_way_id": "258113628",
        "electrified": "contact_line",
        "frequency": "50",
        "gauge": "1520",
        "railway": "rail",
        "service": "spur",
        "tracks": "2",
        "voltage": "25000"
      },
      "geometry": {
        "type": "LineString",
        "coordinates": [
          [
            71.4592631,
            51.1799581
          ],
          [
            71.4604319,
            51.1795871
          ],
          [
            71.4616349,
            51.1790368
          ],
          [
            71.4629679,
            51.1781842
          ],
          [
            71.4648157,
            51.1769409
          ],
          [
            71.4655743,
            51.1764585
          ],
          [
            71.4663383,
            51.1757621
          ],
          [
            71.4666418,
            51.175317
          ],
          [
            71.4667718,
            51.1745323
          ],
          [
            71.4667501,
            51.1738392
          ],
          [
            71.4668206,
            51.1732991
          ],
          [
            71.4669554,
            51.1729575
          ],
          [
            71.4680072,
            51.1719889
          ],
          [
            71.4683487,
            51.1716513
          ],
          [
            71.4687853,
            51.1711716
          ],
          [
            71.4689285,
            51.1702685
          ],
          [
            71.4686196,
            51.1693783
          ],
          [
            71.4677472,
            51.1685221
          ]
        ]
      }
    },
    {
      "type": "Feature",
      "id": "way/258113630",
      "properties": {
        "role": "mapped_railway",
        "osm_way_id": "258113630",
        "electrified": "contact_line",
        "frequency": "50",
        "gauge": "1520",
        "railway": "rail",
        "service": "spur",
        "tracks": "2",
        "voltage": "25000"
      },
      "geometry": {
        "type": "LineString",
        "coordinates": [
          [
            71.4644507,
            51.1781363
          ],
          [
            71.4654916,
            51.1777753
          ],
          [
            71.4669533,
            51.1772824
          ],
          [
            71.4728002,
            51.1750192
          ],
          [
            71.474882,
            51.1742035
          ]
        ]
      }
    },
    {
      "type": "Feature",
      "id": "way/258113632",
      "properties": {
        "role": "mapped_railway",
        "osm_way_id": "258113632",
        "electrified": "contact_line",
        "frequency": "50",
        "gauge": "1520",
        "railway": "rail",
        "service": "spur",
        "tracks": "2",
        "voltage": "25000"
      },
      "geometry": {
        "type": "LineString",
        "coordinates": [
          [
            71.4604319,
            51.1795871
          ],
          [
            71.4621972,
            51.1789763
          ],
          [
            71.4644507,
            51.1781363
          ],
          [
            71.4651206,
            51.1777996
          ],
          [
            71.4660287,
            51.177036
          ],
          [
            71.4664627,
            51.176292
          ],
          [
            71.4665491,
            51.1761439
          ],
          [
            71.467136,
            51.1752136
          ],
          [
            71.4677395,
            51.1738529
          ]
        ]
      }
    },
    {
      "type": "Feature",
      "id": "way/258113639",
      "properties": {
        "role": "mapped_railway",
        "osm_way_id": "258113639",
        "gauge": "1520",
        "railway": "rail",
        "service": "spur"
      },
      "geometry": {
        "type": "LineString",
        "coordinates": [
          [
            71.4511772,
            51.1827608
          ],
          [
            71.451551,
            51.1826065
          ],
          [
            71.4520499,
            51.1824023
          ],
          [
            71.4523423,
            51.1822652
          ],
          [
            71.4525367,
            51.1821551
          ],
          [
            71.4527862,
            51.1819844
          ],
          [
            71.452978,
            51.1818583
          ],
          [
            71.4531523,
            51.1817726
          ],
          [
            71.453391,
            51.1816751
          ],
          [
            71.4536496,
            51.1815836
          ],
          [
            71.454014,
            51.1814321
          ],
          [
            71.4557907,
            51.1809477
          ],
          [
            71.4575782,
            51.1804483
          ],
          [
            71.4581044,
            51.1803013
          ],
          [
            71.4592631,
            51.1799581
          ],
          [
            71.4597544,
            51.1797277
          ],
          [
            71.4601444,
            51.1794339
          ],
          [
            71.4603844,
            51.1791424
          ],
          [
            71.4605719,
            51.1787616
          ],
          [
            71.4606244,
            51.1785359
          ],
          [
            71.4605906,
            51.1781809
          ],
          [
            71.4603356,
            51.1773981
          ]
        ]
      }
    },
    {
      "type": "Feature",
      "id": "way/258113641",
      "properties": {
        "role": "mapped_railway",
        "osm_way_id": "258113641",
        "railway": "rail",
        "service": "spur"
      },
      "geometry": {
        "type": "LineString",
        "coordinates": [
          [
            71.4575782,
            51.1804483
          ],
          [
            71.4582657,
            51.1801297
          ],
          [
            71.4587006,
            51.1798829
          ],
          [
            71.4590456,
            51.1795162
          ],
          [
            71.4591731,
            51.1792858
          ],
          [
            71.4592444,
            51.1790013
          ],
          [
            71.4592819,
            51.1784348
          ],
          [
            71.4592556,
            51.1780916
          ]
        ]
      }
    },
    {
      "type": "Feature",
      "id": "way/258113642",
      "properties": {
        "role": "mapped_railway",
        "osm_way_id": "258113642",
        "railway": "rail",
        "service": "spur"
      },
      "geometry": {
        "type": "LineString",
        "coordinates": [
          [
            71.454014,
            51.1814321
          ],
          [
            71.4548884,
            51.1810931
          ],
          [
            71.455172,
            51.1809148
          ],
          [
            71.455592,
            51.180534
          ],
          [
            71.455757,
            51.1803436
          ],
          [
            71.4559557,
            51.1798711
          ],
          [
            71.455997,
            51.1795491
          ],
          [
            71.4559619,
            51.1794065
          ],
          [
            71.4559155,
            51.1792177
          ],
          [
            71.4556343,
            51.1786159
          ]
        ]
      }
    },
    {
      "type": "Feature",
      "id": "way/258522281",
      "properties": {
        "role": "mapped_railway",
        "osm_way_id": "258522281",
        "railway": "rail",
        "service": "spur"
      },
      "geometry": {
        "type": "LineString",
        "coordinates": [
          [
            71.47234,
            51.1732179
          ],
          [
            71.4686334,
            51.1745551
          ],
          [
            71.4676685,
            51.1750357
          ]
        ]
      }
    },
    {
      "type": "Feature",
      "id": "way/258522282",
      "properties": {
        "role": "mapped_railway",
        "osm_way_id": "258522282",
        "railway": "rail",
        "service": "spur"
      },
      "geometry": {
        "type": "LineString",
        "coordinates": [
          [
            71.4696886,
            51.1748831
          ],
          [
            71.4679841,
            51.175522
          ],
          [
            71.4673032,
            51.175963
          ]
        ]
      }
    },
    {
      "type": "Feature",
      "id": "way/258522283",
      "properties": {
        "role": "mapped_railway",
        "osm_way_id": "258522283",
        "railway": "rail",
        "service": "spur"
      },
      "geometry": {
        "type": "LineString",
        "coordinates": [
          [
            71.4660287,
            51.177036
          ],
          [
            71.4666314,
            51.1764888
          ],
          [
            71.4673032,
            51.175963
          ],
          [
            71.4697968,
            51.1750159
          ]
        ]
      }
    },
    {
      "type": "Feature",
      "id": "way/258522284",
      "properties": {
        "role": "mapped_railway",
        "osm_way_id": "258522284",
        "railway": "rail",
        "service": "spur"
      },
      "geometry": {
        "type": "LineString",
        "coordinates": [
          [
            71.4723805,
            51.1732745
          ],
          [
            71.469887,
            51.1741622
          ],
          [
            71.4685387,
            51.1746484
          ],
          [
            71.4676685,
            51.1750357
          ],
          [
            71.4672897,
            51.1753721
          ]
        ]
      }
    },
    {
      "type": "Feature",
      "id": "way/258522285",
      "properties": {
        "role": "mapped_railway",
        "osm_way_id": "258522285",
        "railway": "rail",
        "service": "spur"
      },
      "geometry": {
        "type": "LineString",
        "coordinates": [
          [
            71.4725248,
            51.1734215
          ],
          [
            71.4689355,
            51.1746908
          ],
          [
            71.4679029,
            51.1750753
          ],
          [
            71.4672897,
            51.1753721
          ],
          [
            71.4664627,
            51.176292
          ]
        ]
      }
    },
    {
      "type": "Feature",
      "id": "way/258522286",
      "properties": {
        "role": "mapped_railway",
        "osm_way_id": "258522286",
        "railway": "rail",
        "service": "spur"
      },
      "geometry": {
        "type": "LineString",
        "coordinates": [
          [
            71.4651206,
            51.1777996
          ],
          [
            71.4656393,
            51.1775234
          ],
          [
            71.4665908,
            51.1769467
          ],
          [
            71.4676234,
            51.1764746
          ],
          [
            71.4712397,
            51.1749537
          ]
        ]
      }
    },
    {
      "type": "Feature",
      "id": "way/258628210",
      "properties": {
        "role": "mapped_railway",
        "osm_way_id": "258628210",
        "electrified": "no",
        "gauge": "1520",
        "railway": "rail",
        "service": "spur"
      },
      "geometry": {
        "type": "LineString",
        "coordinates": [
          [
            71.5452884,
            51.1518011
          ],
          [
            71.544833,
            51.1531281
          ],
          [
            71.5443331,
            51.1558045
          ],
          [
            71.5440937,
            51.1566772
          ],
          [
            71.5438443,
            51.1570749
          ],
          [
            71.5435994,
            51.1573835
          ],
          [
            71.5433779,
            51.1576297
          ],
          [
            71.5421638,
            51.1583575
          ],
          [
            71.5400035,
            51.1591581
          ],
          [
            71.5398342,
            51.1592319
          ],
          [
            71.5397195,
            51.159281
          ],
          [
            71.5395982,
            51.1593329
          ],
          [
            71.5394917,
            51.1593811
          ],
          [
            71.5393608,
            51.1594381
          ],
          [
            71.5383879,
            51.1599171
          ],
          [
            71.5380218,
            51.1603723
          ],
          [
            71.5379145,
            51.1607424
          ],
          [
            71.5378725,
            51.1611025
          ],
          [
            71.538571,
            51.1627594
          ],
          [
            71.5386783,
            51.1636946
          ],
          [
            71.5385851,
            51.1645724
          ],
          [
            71.5382042,
            51.1655721
          ],
          [
            71.5378766,
            51.1660448
          ]
        ]
      }
    },
    {
      "type": "Feature",
      "id": "way/258628212",
      "properties": {
        "role": "mapped_railway",
        "osm_way_id": "258628212",
        "electrified": "no",
        "gauge": "1520",
        "railway": "rail",
        "service": "spur"
      },
      "geometry": {
        "type": "LineString",
        "coordinates": [
          [
            71.5452798,
            51.1540626
          ],
          [
            71.5454515,
            51.1545366
          ],
          [
            71.54562,
            51.1547593
          ],
          [
            71.5458907,
            51.1549953
          ],
          [
            71.5462482,
            51.155202
          ],
          [
            71.546763,
            51.1554071
          ],
          [
            71.547323,
            51.1555386
          ],
          [
            71.5483961,
            51.1556696
          ]
        ]
      }
    },
    {
      "type": "Feature",
      "id": "way/258628213",
      "properties": {
        "role": "mapped_railway",
        "osm_way_id": "258628213",
        "electrified": "no",
        "gauge": "1520",
        "railway": "rail",
        "service": "spur"
      },
      "geometry": {
        "type": "LineString",
        "coordinates": [
          [
            71.5454566,
            51.1508044
          ],
          [
            71.5450741,
            51.1519309
          ],
          [
            71.544607,
            51.1525407
          ],
          [
            71.5439001,
            51.1530277
          ],
          [
            71.5409712,
            51.1541521
          ]
        ]
      }
    },
    {
      "type": "Feature",
      "id": "way/258628217",
      "properties": {
        "role": "mapped_railway",
        "osm_way_id": "258628217",
        "electrified": "no",
        "gauge": "1520",
        "railway": "rail",
        "service": "spur"
      },
      "geometry": {
        "type": "LineString",
        "coordinates": [
          [
            71.5453689,
            51.1514422
          ],
          [
            71.5453147,
            51.1527894
          ],
          [
            71.5452798,
            51.1540626
          ],
          [
            71.5452752,
            51.154232
          ],
          [
            71.5453146,
            51.154622
          ],
          [
            71.5454465,
            51.1549347
          ],
          [
            71.5457208,
            51.1552791
          ],
          [
            71.546073,
            51.1555598
          ],
          [
            71.5466873,
            51.1558216
          ],
          [
            71.5485101,
            51.1563835
          ]
        ]
      }
    },
    {
      "type": "Feature",
      "id": "way/258646546",
      "properties": {
        "role": "mapped_railway",
        "osm_way_id": "258646546",
        "electrified": "no",
        "gauge": "1520",
        "railway": "rail",
        "service": "spur"
      },
      "geometry": {
        "type": "LineString",
        "coordinates": [
          [
            71.4135792,
            51.2154168
          ],
          [
            71.4128204,
            51.2152989
          ],
          [
            71.412218,
            51.2151247
          ],
          [
            71.4117054,
            51.2149197
          ],
          [
            71.4111782,
            51.2145968
          ],
          [
            71.4108857,
            51.2142793
          ],
          [
            71.4106395,
            51.2139546
          ],
          [
            71.410544,
            51.2137804
          ],
          [
            71.4103181,
            51.213452
          ],
          [
            71.4100806,
            51.213169
          ],
          [
            71.4098025,
            51.2129186
          ],
          [
            71.4092218,
            51.2123628
          ],
          [
            71.4083124,
            51.2115935
          ],
          [
            71.4081051,
            51.2114149
          ],
          [
            71.4073941,
            51.2108021
          ],
          [
            71.4073566,
            51.2107698
          ],
          [
            71.4069309,
            51.2103833
          ],
          [
            71.405196,
            51.2088737
          ],
          [
            71.4049311,
            51.2086604
          ],
          [
            71.4043793,
            51.2081697
          ],
          [
            71.4040578,
            51.2078286
          ],
          [
            71.4038492,
            51.2075697
          ],
          [
            71.4034438,
            51.2070592
          ],
          [
            71.4026146,
            51.2059436
          ],
          [
            71.4025309,
            51.205831
          ],
          [
            71.4023609,
            51.2055057
          ],
          [
            71.4015511,
            51.2045179
          ],
          [
            71.4005217,
            51.2032668
          ],
          [
            71.4004166,
            51.2031138
          ],
          [
            71.4001972,
            51.2025754
          ],
          [
            71.3999201,
            51.2017646
          ],
          [
            71.3998488,
            51.2015124
          ],
          [
            71.3998348,
            51.2012972
          ],
          [
            71.3998407,
            51.2011158
          ],
          [
            71.3998904,
            51.2009026
          ],
          [
            71.399948,
            51.2007763
          ],
          [
            71.4000607,
            51.2006133
          ],
          [
            71.4001612,
            51.200499
          ],
          [
            71.4002591,
            51.2004007
          ],
          [
            71.4003557,
            51.2003057
          ],
          [
            71.4004751,
            51.2002049
          ],
          [
            71.4005971,
            51.2001158
          ],
          [
            71.4009398,
            51.1998773
          ],
          [
            71.4011166,
            51.1997542
          ],
          [
            71.4013562,
            51.1995923
          ],
          [
            71.4015855,
            51.199457
          ],
          [
            71.4018215,
            51.1993301
          ],
          [
            71.4021353,
            51.1991837
          ]
        ]
      }
    },
    {
      "type": "Feature",
      "id": "way/260543599",
      "properties": {
        "role": "mapped_railway",
        "osm_way_id": "260543599",
        "electrified": "contact_line",
        "frequency": "50",
        "gauge": "1520",
        "name": "Astana - Kokchetau",
        "railway": "rail",
        "usage": "main",
        "voltage": "25000"
      },
      "geometry": {
        "type": "LineString",
        "coordinates": [
          [
            71.3839608,
            51.2099975
          ],
          [
            71.3829936,
            51.2103856
          ]
        ]
      }
    },
    {
      "type": "Feature",
      "id": "way/260820054",
      "properties": {
        "role": "mapped_railway",
        "osm_way_id": "260820054",
        "gauge": "1520",
        "railway": "rail",
        "service": "yard"
      },
      "geometry": {
        "type": "LineString",
        "coordinates": [
          [
            71.3907172,
            51.2032094
          ],
          [
            71.3898926,
            51.2040878
          ]
        ]
      }
    },
    {
      "type": "Feature",
      "id": "way/260820055",
      "properties": {
        "role": "mapped_railway",
        "osm_way_id": "260820055",
        "gauge": "1520",
        "railway": "rail",
        "service": "yard"
      },
      "geometry": {
        "type": "LineString",
        "coordinates": [
          [
            71.3906725,
            51.2034893
          ],
          [
            71.3901262,
            51.2041352
          ]
        ]
      }
    },
    {
      "type": "Feature",
      "id": "way/260820056",
      "properties": {
        "role": "mapped_railway",
        "osm_way_id": "260820056",
        "gauge": "1520",
        "railway": "rail",
        "service": "yard"
      },
      "geometry": {
        "type": "LineString",
        "coordinates": [
          [
            71.4003789,
            51.1992119
          ],
          [
            71.4001478,
            51.1993267
          ],
          [
            71.3998489,
            51.1994919
          ],
          [
            71.3993008,
            51.1998414
          ],
          [
            71.398511,
            51.2003243
          ],
          [
            71.3981982,
            51.2004818
          ],
          [
            71.3972472,
            51.2007889
          ],
          [
            71.3951752,
            51.2014495
          ],
          [
            71.3944455,
            51.2016737
          ],
          [
            71.3941295,
            51.201803
          ],
          [
            71.3933783,
            51.2022212
          ],
          [
            71.3928238,
            51.2024939
          ],
          [
            71.392395,
            51.2028171
          ],
          [
            71.3921242,
            51.2031362
          ],
          [
            71.3920401,
            51.2032883
          ],
          [
            71.3917857,
            51.2037483
          ],
          [
            71.3915232,
            51.2041745
          ],
          [
            71.3914476,
            51.2043209
          ],
          [
            71.3913824,
            51.2045038
          ],
          [
            71.3913408,
            51.2046232
          ],
          [
            71.391314,
            51.2047719
          ],
          [
            71.3913099,
            51.204924
          ],
          [
            71.3913034,
            51.2052695
          ],
          [
            71.3912778,
            51.2053996
          ],
          [
            71.3912277,
            51.2055447
          ],
          [
            71.3911584,
            51.2056634
          ],
          [
            71.3910627,
            51.2057895
          ],
          [
            71.3908955,
            51.2059608
          ],
          [
            71.3907185,
            51.2061364
          ],
          [
            71.39052,
            51.2063129
          ],
          [
            71.3903206,
            51.2064634
          ],
          [
            71.3892527,
            51.2072245
          ],
          [
            71.3887643,
            51.2075972
          ],
          [
            71.3887387,
            51.2076167
          ],
          [
            71.3884172,
            51.2078799
          ],
          [
            71.388191,
            51.2080478
          ]
        ]
      }
    },
    {
      "type": "Feature",
      "id": "way/260820061",
      "properties": {
        "role": "mapped_railway",
        "osm_way_id": "260820061",
        "gauge": "1520",
        "railway": "rail",
        "service": "yard"
      },
      "geometry": {
        "type": "LineString",
        "coordinates": [
          [
            71.3909612,
            51.2032719
          ],
          [
            71.3906725,
            51.2034893
          ],
          [
            71.3902258,
            51.2041718
          ]
        ]
      }
    },
    {
      "type": "Feature",
      "id": "way/260820063",
      "properties": {
        "role": "mapped_railway",
        "osm_way_id": "260820063",
        "gauge": "1520",
        "railway": "rail",
        "service": "yard"
      },
      "geometry": {
        "type": "LineString",
        "coordinates": [
          [
            71.3918066,
            51.2024822
          ],
          [
            71.3912491,
            51.2029736
          ],
          [
            71.3909612,
            51.2032719
          ],
          [
            71.3903152,
            51.2041998
          ]
        ]
      }
    },
    {
      "type": "Feature",
      "id": "way/260820064",
      "properties": {
        "role": "mapped_railway",
        "osm_way_id": "260820064",
        "railway": "rail",
        "service": "yard"
      },
      "geometry": {
        "type": "LineString",
        "coordinates": [
          [
            71.4016994,
            51.2001012
          ],
          [
            71.4016591,
            51.2002146
          ],
          [
            71.4016914,
            51.2004687
          ],
          [
            71.4017518,
            51.2009486
          ],
          [
            71.4017947,
            51.2011536
          ],
          [
            71.4018443,
            51.2012938
          ],
          [
            71.4019342,
            51.2014376
          ],
          [
            71.4020172,
            51.2015375
          ],
          [
            71.4022225,
            51.2017326
          ],
          [
            71.4024465,
            51.2019292
          ],
          [
            71.4027294,
            51.2021628
          ],
          [
            71.4055276,
            51.2041877
          ]
        ]
      }
    },
    {
      "type": "Feature",
      "id": "way/260820065",
      "properties": {
        "role": "mapped_railway",
        "osm_way_id": "260820065",
        "gauge": "1520",
        "railway": "rail",
        "service": "yard"
      },
      "geometry": {
        "type": "LineString",
        "coordinates": [
          [
            71.393683,
            51.2013848
          ],
          [
            71.3929287,
            51.2016628
          ],
          [
            71.3927409,
            51.2017401
          ],
          [
            71.3925666,
            51.2018275
          ],
          [
            71.3923894,
            51.2019438
          ],
          [
            71.3918035,
            51.2024267
          ],
          [
            71.3915126,
            51.2026402
          ],
          [
            71.3911232,
            51.2029215
          ],
          [
            71.3907172,
            51.2032094
          ],
          [
            71.3899956,
            51.2041115
          ]
        ]
      }
    },
    {
      "type": "Feature",
      "id": "way/260820066",
      "properties": {
        "role": "mapped_railway",
        "osm_way_id": "260820066",
        "gauge": "1520",
        "railway": "rail",
        "service": "yard"
      },
      "geometry": {
        "type": "LineString",
        "coordinates": [
          [
            71.3961724,
            51.2006035
          ],
          [
            71.3955596,
            51.2008566
          ],
          [
            71.3951143,
            51.2010703
          ],
          [
            71.3949274,
            51.20116
          ],
          [
            71.394008,
            51.2016013
          ],
          [
            71.3933568,
            51.2020093
          ],
          [
            71.3928238,
            51.2024939
          ]
        ]
      }
    },
    {
      "type": "Feature",
      "id": "way/260820068",
      "properties": {
        "role": "mapped_railway",
        "osm_way_id": "260820068",
        "gauge": "1520",
        "railway": "rail",
        "service": "yard"
      },
      "geometry": {
        "type": "LineString",
        "coordinates": [
          [
            71.3956103,
            51.200782
          ],
          [
            71.3950747,
            51.2009878
          ],
          [
            71.3945037,
            51.2012072
          ],
          [
            71.3928372,
            51.2018682
          ],
          [
            71.3923198,
            51.2021208
          ],
          [
            71.3921485,
            51.2022156
          ],
          [
            71.3918652,
            51.2024418
          ],
          [
            71.3918066,
            51.2024822
          ],
          [
            71.3916332,
            51.2026561
          ],
          [
            71.3915218,
            51.2027964
          ],
          [
            71.39144,
            51.2029073
          ],
          [
            71.3913754,
            51.203025
          ],
          [
            71.3912576,
            51.2033002
          ]
        ]
      }
    },
    {
      "type": "Feature",
      "id": "way/260820069",
      "properties": {
        "role": "mapped_railway",
        "osm_way_id": "260820069",
        "gauge": "1520",
        "railway": "rail",
        "service": "yard"
      },
      "geometry": {
        "type": "LineString",
        "coordinates": [
          [
            71.4030432,
            51.1988134
          ],
          [
            71.4026737,
            51.1989866
          ],
          [
            71.4023244,
            51.1991998
          ],
          [
            71.4021742,
            51.1993141
          ],
          [
            71.4020468,
            51.1994334
          ],
          [
            71.4019586,
            51.1995324
          ],
          [
            71.4018886,
            51.1996267
          ],
          [
            71.4018121,
            51.1997494
          ],
          [
            71.4017585,
            51.1998721
          ],
          [
            71.401718,
            51.1999952
          ],
          [
            71.4016994,
            51.2001012
          ],
          [
            71.4017047,
            51.2002026
          ],
          [
            71.401725,
            51.200336
          ],
          [
            71.4017612,
            51.2004511
          ],
          [
            71.4018162,
            51.2005738
          ],
          [
            71.4018899,
            51.2006973
          ],
          [
            71.4020129,
            51.2008385
          ],
          [
            71.4021716,
            51.2009914
          ],
          [
            71.402358,
            51.2011418
          ],
          [
            71.4024317,
            51.2012057
          ],
          [
            71.4054301,
            51.2033088
          ]
        ]
      }
    },
    {
      "type": "Feature",
      "id": "way/260820070",
      "properties": {
        "role": "mapped_railway",
        "osm_way_id": "260820070",
        "railway": "rail",
        "service": "yard"
      },
      "geometry": {
        "type": "LineString",
        "coordinates": [
          [
            71.4016826,
            51.199603
          ],
          [
            71.401275,
            51.1999402
          ],
          [
            71.4011537,
            51.2000536
          ],
          [
            71.401018,
            51.2002079
          ],
          [
            71.4009163,
            51.2003444
          ],
          [
            71.4007972,
            51.2004588
          ],
          [
            71.4007966,
            51.2006088
          ],
          [
            71.4007661,
            51.2007797
          ],
          [
            71.4007647,
            51.200946
          ],
          [
            71.4007815,
            51.201124
          ],
          [
            71.4008278,
            51.2013166
          ],
          [
            71.4008962,
            51.2014662
          ],
          [
            71.4010071,
            51.2016153
          ],
          [
            71.4011349,
            51.2017561
          ],
          [
            71.4012609,
            51.2018838
          ],
          [
            71.4014266,
            51.2020193
          ],
          [
            71.4035578,
            51.203507
          ]
        ]
      }
    },
    {
      "type": "Feature",
      "id": "way/260820071",
      "properties": {
        "role": "mapped_railway",
        "osm_way_id": "260820071",
        "gauge": "1520",
        "railway": "rail",
        "service": "yard"
      },
      "geometry": {
        "type": "LineString",
        "coordinates": [
          [
            71.3955596,
            51.2008566
          ],
          [
            71.3951007,
            51.2010388
          ],
          [
            71.3934686,
            51.2016866
          ],
          [
            71.3925453,
            51.2020793
          ],
          [
            71.3918893,
            51.202533
          ],
          [
            71.391461,
            51.2030531
          ],
          [
            71.3912576,
            51.2033002
          ],
          [
            71.3911544,
            51.2036737
          ],
          [
            71.391114,
            51.2039299
          ],
          [
            71.3911021,
            51.2040761
          ],
          [
            71.3911034,
            51.2042056
          ],
          [
            71.3911208,
            51.2043543
          ],
          [
            71.3911558,
            51.2044891
          ],
          [
            71.3912791,
            51.2049265
          ],
          [
            71.3912952,
            51.2050735
          ],
          [
            71.3913034,
            51.2052695
          ]
        ]
      }
    },
    {
      "type": "Feature",
      "id": "way/260820072",
      "properties": {
        "role": "mapped_railway",
        "osm_way_id": "260820072",
        "gauge": "1520",
        "railway": "rail",
        "service": "yard"
      },
      "geometry": {
        "type": "LineString",
        "coordinates": [
          [
            71.4026737,
            51.1989866
          ],
          [
            71.4023405,
            51.1991612
          ],
          [
            71.4021501,
            51.1992671
          ],
          [
            71.4019275,
            51.199404
          ],
          [
            71.4016826,
            51.199603
          ],
          [
            71.4014916,
            51.1997788
          ],
          [
            71.4013508,
            51.1999351
          ],
          [
            71.4012325,
            51.2000841
          ],
          [
            71.4011644,
            51.2001931
          ],
          [
            71.4011022,
            51.2003142
          ],
          [
            71.4010201,
            51.2003916
          ],
          [
            71.401039,
            51.2005049
          ],
          [
            71.4010289,
            51.2006511
          ],
          [
            71.4010437,
            51.2007982
          ],
          [
            71.4010826,
            51.200983
          ],
          [
            71.4011186,
            51.2011134
          ],
          [
            71.4011993,
            51.2012872
          ],
          [
            71.4012797,
            51.2014376
          ],
          [
            71.4013629,
            51.2015578
          ],
          [
            71.4014496,
            51.2016663
          ],
          [
            71.4015493,
            51.2017721
          ],
          [
            71.4016805,
            51.2018811
          ],
          [
            71.4042663,
            51.2037774
          ]
        ]
      }
    },
    {
      "type": "Feature",
      "id": "way/262346157",
      "properties": {
        "role": "mapped_railway",
        "osm_way_id": "262346157",
        "electrified": "no",
        "gauge": "1520",
        "railway": "rail",
        "service": "spur"
      },
      "geometry": {
        "type": "LineString",
        "coordinates": [
          [
            71.4606269,
            51.1895738
          ],
          [
            71.4599626,
            51.1893036
          ],
          [
            71.4593254,
            51.1889364
          ],
          [
            71.4589883,
            51.1887313
          ],
          [
            71.4588844,
            51.1886681
          ],
          [
            71.4576229,
            51.1867588
          ],
          [
            71.45748,
            51.1865424
          ]
        ]
      }
    },
    {
      "type": "Feature",
      "id": "way/265281804",
      "properties": {
        "role": "mapped_railway",
        "osm_way_id": "265281804",
        "electrified": "contact_line",
        "frequency": "50",
        "gauge": "1520",
        "maxspeed": "230",
        "name": "Kurort Borowoe - Astana",
        "passenger_lines": "2",
        "railway": "rail",
        "source": "bing",
        "usage": "main",
        "voltage": "25000"
      },
      "geometry": {
        "type": "LineString",
        "coordinates": [
          [
            70.4123933,
            52.6267368
          ],
          [
            70.4126026,
            52.6255686
          ],
          [
            70.412997,
            52.623537
          ],
          [
            70.4139691,
            52.61829
          ],
          [
            70.4143622,
            52.6161958
          ],
          [
            70.4147461,
            52.6140783
          ],
          [
            70.4151373,
            52.6119978
          ],
          [
            70.4155189,
            52.6098748
          ],
          [
            70.416287,
            52.6056668
          ],
          [
            70.4164825,
            52.6045968
          ],
          [
            70.4165986,
            52.604085
          ],
          [
            70.4166725,
            52.6035458
          ],
          [
            70.417065,
            52.6014204
          ],
          [
            70.417248,
            52.6004511
          ],
          [
            70.4174565,
            52.5992935
          ],
          [
            70.4176529,
            52.598236
          ],
          [
            70.417815,
            52.5971855
          ],
          [
            70.4178618,
            52.5967243
          ],
          [
            70.41789,
            52.5962314
          ],
          [
            70.4179517,
            52.5952442
          ],
          [
            70.4180628,
            52.5932669
          ],
          [
            70.4183153,
            52.5890463
          ],
          [
            70.4185417,
            52.584964
          ],
          [
            70.4187418,
            52.5808468
          ],
          [
            70.4195489,
            52.5618965
          ],
          [
            70.4195727,
            52.561384
          ],
          [
            70.4196089,
            52.5608662
          ],
          [
            70.4196732,
            52.5603492
          ],
          [
            70.4197089,
            52.5600949
          ],
          [
            70.4197472,
            52.5598318
          ],
          [
            70.4199103,
            52.5588144
          ],
          [
            70.4200791,
            52.5577788
          ],
          [
            70.4207386,
            52.5536648
          ],
          [
            70.421386,
            52.5495558
          ],
          [
            70.4217054,
            52.5474908
          ],
          [
            70.421868,
            52.5464531
          ],
          [
            70.421944,
            52.5459389
          ],
          [
            70.4220454,
            52.5454416
          ],
          [
            70.422147,
            52.5450997
          ],
          [
            70.4222073,
            52.5449246
          ],
          [
            70.4222726,
            52.5447585
          ],
          [
            70.4224197,
            52.5444168
          ],
          [
            70.422583,
            52.5440779
          ],
          [
            70.4229852,
            52.543408
          ],
          [
            70.4233978,
            52.5427517
          ],
          [
            70.4242342,
            52.5414261
          ],
          [
            70.4250966,
            52.5400998
          ],
          [
            70.426456,
            52.5379671
          ],
          [
            70.4278304,
            52.5358362
          ],
          [
            70.4291887,
            52.533699
          ],
          [
            70.4305556,
            52.5315734
          ],
          [
            70.4359254,
            52.5231235
          ],
          [
            70.4380401,
            52.5198655
          ],
          [
            70.4401433,
            52.5165779
          ],
          [
            70.4415865,
            52.5143164
          ],
          [
            70.4430423,
            52.5120456
          ],
          [
            70.4459436,
            52.5074964
          ],
          [
            70.4463686,
            52.5068211
          ],
          [
            70.4468059,
            52.5061456
          ],
          [
            70.4470097,
            52.505811
          ],
          [
            70.4472269,
            52.5054755
          ],
          [
            70.4476951,
            52.5048146
          ],
          [
            70.4486803,
            52.5035067
          ],
          [
            70.448931,
            52.5031753
          ],
          [
            70.4492,
            52.5028323
          ],
          [
            70.4496621,
            52.5021576
          ],
          [
            70.4512768,
            52.4996567
          ],
          [
            70.4529148,
            52.4971442
          ],
          [
            70.456151,
            52.4921053
          ],
          [
            70.4626792,
            52.4820328
          ],
          [
            70.4688954,
            52.4723617
          ],
          [
            70.4710376,
            52.4690548
          ],
          [
            70.4715349,
            52.4682529
          ],
          [
            70.4719762,
            52.4672224
          ],
          [
            70.4721568,
            52.4666102
          ],
          [
            70.4847047,
            52.4241496
          ],
          [
            70.4848366,
            52.4238265
          ],
          [
            70.4850641,
            52.4232665
          ],
          [
            70.4853273,
            52.4227054
          ],
          [
            70.4856736,
            52.4220225
          ],
          [
            70.4861762,
            52.4212062
          ],
          [
            70.5164497,
            52.3763307
          ],
          [
            70.5343166,
            52.3497441
          ],
          [
            70.5417768,
            52.3387055
          ],
          [
            70.5573755,
            52.3195032
          ],
          [
            70.5737331,
            52.2994084
          ],
          [
            70.5777748,
            52.294457
          ],
          [
            70.5800258,
            52.2916955
          ],
          [
            70.5869152,
            52.2831699
          ]
        ]
      }
    },
    {
      "type": "Feature",
      "id": "way/270816539",
      "properties": {
        "role": "mapped_railway",
        "osm_way_id": "270816539",
        "gauge": "1520",
        "railway": "rail",
        "service": "siding",
        "source": "bing"
      },
      "geometry": {
        "type": "LineString",
        "coordinates": [
          [
            71.4257274,
            51.1907706
          ],
          [
            71.426441,
            51.1905438
          ],
          [
            71.4267017,
            51.1904576
          ],
          [
            71.4269456,
            51.1903719
          ],
          [
            71.4272194,
            51.1902677
          ],
          [
            71.4274916,
            51.1901483
          ],
          [
            71.4277732,
            51.1900088
          ],
          [
            71.4281192,
            51.1898171
          ]
        ]
      }
    },
    {
      "type": "Feature",
      "id": "way/270816540",
      "properties": {
        "role": "mapped_railway",
        "osm_way_id": "270816540",
        "gauge": "1520",
        "railway": "rail",
        "service": "yard",
        "source": "bing"
      },
      "geometry": {
        "type": "LineString",
        "coordinates": [
          [
            71.4136343,
            51.1942491
          ],
          [
            71.4173215,
            51.1931651
          ],
          [
            71.4177056,
            51.193064
          ],
          [
            71.4180928,
            51.1929742
          ],
          [
            71.4185408,
            51.1928848
          ]
        ]
      }
    },
    {
      "type": "Feature",
      "id": "way/272757217",
      "properties": {
        "role": "mapped_railway",
        "osm_way_id": "272757217",
        "electrified": "contact_line",
        "frequency": "50",
        "gauge": "1520",
        "name": "Astana",
        "railway": "rail",
        "usage": "main",
        "voltage": "25000"
      },
      "geometry": {
        "type": "LineString",
        "coordinates": [
          [
            71.4274489,
            51.1903739
          ],
          [
            71.4280094,
            51.1901703
          ],
          [
            71.4285055,
            51.1899853
          ],
          [
            71.4288957,
            51.1898524
          ],
          [
            71.438486,
            51.1868017
          ],
          [
            71.4415857,
            51.1858081
          ],
          [
            71.4453417,
            51.1845736
          ],
          [
            71.4488048,
            51.1835114
          ],
          [
            71.4510302,
            51.1828078
          ],
          [
            71.4511772,
            51.1827608
          ],
          [
            71.4533948,
            51.1820295
          ],
          [
            71.4635997,
            51.1787912
          ],
          [
            71.4641057,
            51.1786062
          ],
          [
            71.4706328,
            51.1761763
          ],
          [
            71.4824007,
            51.17173
          ],
          [
            71.4863391,
            51.1701184
          ]
        ]
      }
    },
    {
      "type": "Feature",
      "id": "way/272757218",
      "properties": {
        "role": "mapped_railway",
        "osm_way_id": "272757218",
        "gauge": "1520",
        "railway": "rail",
        "service": "yard",
        "source": "bing"
      },
      "geometry": {
        "type": "LineString",
        "coordinates": [
          [
            71.4257274,
            51.1907706
          ],
          [
            71.4250922,
            51.190979
          ],
          [
            71.4241308,
            51.1912889
          ],
          [
            71.4210047,
            51.1922837
          ],
          [
            71.4205472,
            51.1924299
          ],
          [
            71.4202882,
            51.1925147
          ],
          [
            71.4201532,
            51.1925518
          ],
          [
            71.4199443,
            51.1925938
          ],
          [
            71.4196922,
            51.1926184
          ],
          [
            71.4188281,
            51.1927013
          ],
          [
            71.4185225,
            51.1927315
          ],
          [
            71.4181674,
            51.1927534
          ],
          [
            71.4177486,
            51.1927974
          ],
          [
            71.4172784,
            51.1928779
          ],
          [
            71.4167526,
            51.1930243
          ],
          [
            71.413283,
            51.194042
          ]
        ]
      }
    },
    {
      "type": "Feature",
      "id": "way/272757221",
      "properties": {
        "role": "mapped_railway",
        "osm_way_id": "272757221",
        "electrified": "contact_line",
        "frequency": "50",
        "gauge": "1520",
        "railway": "rail",
        "service": "siding",
        "source": "bing",
        "voltage": "25000"
      },
      "geometry": {
        "type": "LineString",
        "coordinates": [
          [
            71.444749,
            51.1850837
          ],
          [
            71.4445224,
            51.1851955
          ],
          [
            71.443988,
            51.1854592
          ],
          [
            71.44323,
            51.1858171
          ],
          [
            71.4428977,
            51.1859764
          ],
          [
            71.4425849,
            51.1861042
          ],
          [
            71.4421883,
            51.1862477
          ],
          [
            71.430375,
            51.1898763
          ],
          [
            71.4299058,
            51.1900076
          ],
          [
            71.4295735,
            51.1900934
          ],
          [
            71.4290051,
            51.1902318
          ],
          [
            71.428657,
            51.1903156
          ],
          [
            71.428292,
            51.1904216
          ]
        ]
      }
    },
    {
      "type": "Feature",
      "id": "way/272757222",
      "properties": {
        "role": "mapped_railway",
        "osm_way_id": "272757222",
        "electrified": "contact_line",
        "frequency": "50",
        "gauge": "1520",
        "railway": "rail",
        "service": "siding",
        "source": "bing",
        "voltage": "25000"
      },
      "geometry": {
        "type": "LineString",
        "coordinates": [
          [
            71.4223124,
            51.1924051
          ],
          [
            71.4220625,
            51.1924809
          ],
          [
            71.4217195,
            51.1925404
          ],
          [
            71.4213502,
            51.1926224
          ],
          [
            71.4209928,
            51.1927074
          ],
          [
            71.4205857,
            51.1928246
          ],
          [
            71.4084934,
            51.1966639
          ],
          [
            71.4071767,
            51.1970822
          ],
          [
            71.4068958,
            51.197185
          ],
          [
            71.4065348,
            51.1973404
          ],
          [
            71.406305,
            51.1974661
          ],
          [
            71.4059524,
            51.1976271
          ],
          [
            71.4055569,
            51.197778
          ]
        ]
      }
    },
    {
      "type": "Feature",
      "id": "way/272757223",
      "properties": {
        "role": "mapped_railway",
        "osm_way_id": "272757223",
        "gauge": "1520",
        "railway": "rail",
        "service": "yard"
      },
      "geometry": {
        "type": "LineString",
        "coordinates": [
          [
            71.4132882,
            51.1946511
          ],
          [
            71.4142889,
            51.1943403
          ],
          [
            71.4147611,
            51.1942187
          ],
          [
            71.4158615,
            51.1939414
          ],
          [
            71.4163777,
            51.1938043
          ]
        ]
      }
    },
    {
      "type": "Feature",
      "id": "way/272768972",
      "properties": {
        "role": "mapped_railway",
        "osm_way_id": "272768972",
        "electrified": "contact_line",
        "frequency": "50",
        "gauge": "1520",
        "name": "Астана–Тоболь",
        "railway": "rail",
        "service": "siding",
        "voltage": "25000"
      },
      "geometry": {
        "type": "LineString",
        "coordinates": [
          [
            71.4022897,
            51.1983705
          ],
          [
            71.4020066,
            51.1984738
          ],
          [
            71.4015595,
            51.1986569
          ],
          [
            71.4012417,
            51.1987858
          ],
          [
            71.400522,
            51.199141
          ],
          [
            71.4003789,
            51.1992119
          ],
          [
            71.4001666,
            51.1993376
          ],
          [
            71.3999587,
            51.1994755
          ],
          [
            71.3997804,
            51.1996049
          ],
          [
            71.3994679,
            51.1998545
          ],
          [
            71.3992158,
            51.2000419
          ],
          [
            71.3990438,
            51.2001564
          ],
          [
            71.3988773,
            51.2002771
          ],
          [
            71.3974297,
            51.2013008
          ],
          [
            71.3921373,
            51.2050594
          ],
          [
            71.3905631,
            51.2063559
          ],
          [
            71.3893256,
            51.207259
          ],
          [
            71.3887933,
            51.2076362
          ],
          [
            71.3886992,
            51.2077029
          ],
          [
            71.388191,
            51.2080478
          ],
          [
            71.3880582,
            51.2081366
          ]
        ]
      }
    },
    {
      "type": "Feature",
      "id": "way/273006275",
      "properties": {
        "role": "mapped_railway",
        "osm_way_id": "273006275",
        "electrified": "contact_line",
        "frequency": "50",
        "gauge": "1520",
        "name": "Астана–Тоболь (freight)",
        "railway": "rail",
        "source": "bing",
        "usage": "main",
        "voltage": "25000"
      },
      "geometry": {
        "type": "LineString",
        "coordinates": [
          [
            71.388183,
            51.2081567
          ],
          [
            71.3880682,
            51.2082187
          ],
          [
            71.3873958,
            51.2085717
          ],
          [
            71.3869788,
            51.2087994
          ],
          [
            71.3865967,
            51.2089822
          ],
          [
            71.385779,
            51.2093062
          ],
          [
            71.3847506,
            51.2097157
          ],
          [
            71.3844381,
            51.2098325
          ],
          [
            71.3839608,
            51.2099975
          ],
          [
            71.3827859,
            51.2104008
          ],
          [
            71.3783612,
            51.2119112
          ],
          [
            71.3775336,
            51.2122084
          ],
          [
            71.3736543,
            51.2135324
          ],
          [
            71.3732439,
            51.2136693
          ],
          [
            71.372627,
            51.2138659
          ],
          [
            71.3721409,
            51.2140229
          ]
        ]
      }
    },
    {
      "type": "Feature",
      "id": "way/273010016",
      "properties": {
        "role": "mapped_railway",
        "osm_way_id": "273010016",
        "electrified": "contact_line",
        "frequency": "50",
        "gauge": "1520",
        "railway": "rail",
        "service": "siding",
        "source": "bing",
        "voltage": "25000"
      },
      "geometry": {
        "type": "LineString",
        "coordinates": [
          [
            71.4010973,
            51.1992984
          ],
          [
            71.4009946,
            51.1993389
          ],
          [
            71.4000281,
            51.1997442
          ],
          [
            71.3995942,
            51.1999546
          ],
          [
            71.3990236,
            51.2002657
          ],
          [
            71.3985336,
            51.2006016
          ],
          [
            71.3980945,
            51.2009318
          ],
          [
            71.3925897,
            51.2048163
          ],
          [
            71.3921944,
            51.2051254
          ],
          [
            71.3917475,
            51.2055025
          ],
          [
            71.3913368,
            51.2058262
          ],
          [
            71.3904818,
            51.2064849
          ],
          [
            71.3899264,
            51.2068895
          ],
          [
            71.3895286,
            51.2071889
          ],
          [
            71.3891953,
            51.2074333
          ],
          [
            71.3888475,
            51.2077017
          ],
          [
            71.3885772,
            51.2079103
          ]
        ]
      }
    },
    {
      "type": "Feature",
      "id": "way/273012716",
      "properties": {
        "role": "mapped_railway",
        "osm_way_id": "273012716",
        "electrified": "contact_line",
        "frequency": "50",
        "gauge": "1520",
        "railway": "rail",
        "service": "siding",
        "source": "bing",
        "voltage": "25000"
      },
      "geometry": {
        "type": "LineString",
        "coordinates": [
          [
            71.4438368,
            51.1853645
          ],
          [
            71.4432711,
            51.1855832
          ],
          [
            71.4427501,
            51.1857913
          ],
          [
            71.4424881,
            51.1858769
          ],
          [
            71.4286235,
            51.1901575
          ],
          [
            71.427969,
            51.190366
          ],
          [
            71.4269941,
            51.1906888
          ],
          [
            71.4262363,
            51.1909333
          ],
          [
            71.4257682,
            51.1910603
          ]
        ]
      }
    },
    {
      "type": "Feature",
      "id": "way/278754977",
      "properties": {
        "role": "mapped_railway",
        "osm_way_id": "278754977",
        "electrified": "contact_line",
        "frequency": "50",
        "gauge": "1520",
        "maxspeed": "230",
        "name": "Трансказахстанская железнодорожная магистраль",
        "passenger_lines": "2",
        "railway": "rail",
        "source": "bing",
        "usage": "main",
        "voltage": "25000"
      },
      "geometry": {
        "type": "LineString",
        "coordinates": [
          [
            69.9549588,
            53.0316575
          ],
          [
            69.9621253,
            53.0302624
          ],
          [
            69.9634639,
            53.0299771
          ],
          [
            70.0268026,
            53.0147717
          ],
          [
            70.0275862,
            53.0145339
          ],
          [
            70.0285948,
            53.0141671
          ],
          [
            70.0295173,
            53.0137161
          ],
          [
            70.0303959,
            53.0131252
          ],
          [
            70.0311035,
            53.0125012
          ],
          [
            70.0317674,
            53.0116762
          ],
          [
            70.0321019,
            53.0109074
          ],
          [
            70.0322916,
            53.0101359
          ],
          [
            70.0322436,
            53.0082978
          ],
          [
            70.0323561,
            53.007168
          ],
          [
            70.0327852,
            53.0059627
          ],
          [
            70.0332936,
            53.0052126
          ],
          [
            70.0339215,
            53.0044437
          ],
          [
            70.0349384,
            53.0035742
          ],
          [
            70.0356238,
            53.0030967
          ],
          [
            70.0364008,
            53.0026531
          ],
          [
            70.0427409,
            52.9994433
          ],
          [
            70.0432592,
            52.9991913
          ],
          [
            70.0438323,
            52.9989493
          ],
          [
            70.0444752,
            52.99871
          ],
          [
            70.0507124,
            52.9967528
          ],
          [
            70.0548318,
            52.9954891
          ],
          [
            70.0679,
            52.9914816
          ],
          [
            70.068725,
            52.9912068
          ],
          [
            70.0695274,
            52.9908943
          ],
          [
            70.0704082,
            52.9904817
          ],
          [
            70.071248,
            52.9900255
          ],
          [
            70.0789867,
            52.9849576
          ],
          [
            70.0795895,
            52.9845338
          ],
          [
            70.0801535,
            52.9840749
          ],
          [
            70.0805991,
            52.9835975
          ],
          [
            70.0809903,
            52.9830836
          ],
          [
            70.0814203,
            52.9818603
          ],
          [
            70.0814703,
            52.9800849
          ],
          [
            70.0812956,
            52.979559
          ],
          [
            70.0808206,
            52.9781289
          ],
          [
            70.079821,
            52.9757816
          ],
          [
            70.0782217,
            52.9722303
          ],
          [
            70.0778136,
            52.9710442
          ],
          [
            70.0777786,
            52.9696333
          ],
          [
            70.0777719,
            52.9654579
          ],
          [
            70.0778718,
            52.9615746
          ],
          [
            70.0783228,
            52.9600993
          ],
          [
            70.0785866,
            52.9595351
          ],
          [
            70.0787442,
            52.9592566
          ],
          [
            70.0789262,
            52.9589721
          ],
          [
            70.079107,
            52.9587357
          ],
          [
            70.0792953,
            52.9585081
          ],
          [
            70.0796947,
            52.9580662
          ],
          [
            70.0799154,
            52.9578548
          ],
          [
            70.0801475,
            52.9576477
          ],
          [
            70.0803925,
            52.9574429
          ],
          [
            70.0806493,
            52.9572428
          ],
          [
            70.0827988,
            52.9557242
          ],
          [
            70.0838421,
            52.9549569
          ],
          [
            70.0843726,
            52.9545593
          ],
          [
            70.0848971,
            52.9541911
          ]
        ]
      }
    },
    {
      "type": "Feature",
      "id": "way/286183974",
      "properties": {
        "role": "mapped_railway",
        "osm_way_id": "286183974",
        "bridge": "yes",
        "electrified": "contact_line",
        "frequency": "50",
        "gauge": "1520",
        "layer": "1",
        "passenger_lines": "2",
        "railway": "rail",
        "usage": "main",
        "voltage": "25000"
      },
      "geometry": {
        "type": "LineString",
        "coordinates": [
          [
            70.2970108,
            52.7829014
          ],
          [
            70.2971497,
            52.7827275
          ]
        ]
      }
    },
    {
      "type": "Feature",
      "id": "way/286183978",
      "properties": {
        "role": "mapped_railway",
        "osm_way_id": "286183978",
        "electrified": "contact_line",
        "frequency": "50",
        "gauge": "1520",
        "maxspeed": "230",
        "name": "Трансказахстанская железнодорожная магистраль",
        "passenger_lines": "2",
        "railway": "rail",
        "usage": "main",
        "voltage": "25000"
      },
      "geometry": {
        "type": "LineString",
        "coordinates": [
          [
            70.1912391,
            52.9202765
          ],
          [
            70.1918368,
            52.9202658
          ],
          [
            70.193833,
            52.9202482
          ],
          [
            70.1944918,
            52.9202757
          ],
          [
            70.1949643,
            52.9203209
          ],
          [
            70.1956563,
            52.9204236
          ],
          [
            70.1968151,
            52.9206261
          ],
          [
            70.1971704,
            52.9206944
          ],
          [
            70.2002214,
            52.921292
          ],
          [
            70.2008598,
            52.9214116
          ],
          [
            70.2075886,
            52.9227126
          ],
          [
            70.2087348,
            52.9228509
          ],
          [
            70.2099109,
            52.9229186
          ],
          [
            70.2111541,
            52.9228719
          ],
          [
            70.2123892,
            52.9227563
          ],
          [
            70.2135909,
            52.9225832
          ],
          [
            70.2147674,
            52.9223535
          ],
          [
            70.2204659,
            52.9207612
          ],
          [
            70.2217676,
            52.920274
          ],
          [
            70.222996,
            52.9197193
          ],
          [
            70.2240944,
            52.9191063
          ],
          [
            70.2250786,
            52.9184566
          ],
          [
            70.226208,
            52.9174697
          ],
          [
            70.2271186,
            52.9164411
          ],
          [
            70.2277529,
            52.9153542
          ],
          [
            70.2281863,
            52.9142344
          ],
          [
            70.2295289,
            52.9081637
          ],
          [
            70.229527,
            52.9044363
          ],
          [
            70.2272211,
            52.8991708
          ],
          [
            70.2244376,
            52.8869983
          ],
          [
            70.2226456,
            52.8820687
          ],
          [
            70.2225929,
            52.8781564
          ],
          [
            70.2234889,
            52.8754844
          ],
          [
            70.2291284,
            52.867881
          ],
          [
            70.2376668,
            52.857253
          ],
          [
            70.2452037,
            52.8479276
          ],
          [
            70.2482607,
            52.8442987
          ],
          [
            70.2544773,
            52.8362348
          ],
          [
            70.2589085,
            52.8306813
          ],
          [
            70.2633408,
            52.8251337
          ],
          [
            70.2658246,
            52.822022
          ],
          [
            70.2683153,
            52.8189158
          ],
          [
            70.2732825,
            52.8126883
          ],
          [
            70.2779817,
            52.8068159
          ],
          [
            70.2803183,
            52.8038655
          ],
          [
            70.2817033,
            52.8020993
          ],
          [
            70.282168,
            52.8015067
          ]
        ]
      }
    },
    {
      "type": "Feature",
      "id": "way/286338912",
      "properties": {
        "role": "mapped_railway",
        "osm_way_id": "286338912",
        "electrified": "contact_line",
        "frequency": "50",
        "gauge": "1520",
        "maxspeed": "230",
        "name": "Kurort Borowoe - Astana",
        "passenger_lines": "2",
        "railway": "rail",
        "usage": "main",
        "voltage": "25000"
      },
      "geometry": {
        "type": "LineString",
        "coordinates": [
          [
            70.2971497,
            52.7827275
          ],
          [
            70.3582337,
            52.7063613
          ],
          [
            70.3632216,
            52.7000351
          ],
          [
            70.3721913,
            52.6888007
          ],
          [
            70.3766766,
            52.683167
          ],
          [
            70.3810771,
            52.6775404
          ]
        ]
      }
    },
    {
      "type": "Feature",
      "id": "way/286338913",
      "properties": {
        "role": "mapped_railway",
        "osm_way_id": "286338913",
        "bridge": "yes",
        "electrified": "contact_line",
        "frequency": "50",
        "gauge": "1520",
        "layer": "1",
        "passenger_lines": "2",
        "railway": "rail",
        "usage": "main",
        "voltage": "25000"
      },
      "geometry": {
        "type": "LineString",
        "coordinates": [
          [
            70.3810771,
            52.6775404
          ],
          [
            70.3812457,
            52.6773222
          ]
        ]
      }
    },
    {
      "type": "Feature",
      "id": "way/301426876",
      "properties": {
        "role": "mapped_railway",
        "osm_way_id": "301426876",
        "electrified": "contact_line",
        "frequency": "50",
        "gauge": "1520",
        "railway": "rail",
        "source": "Sentinel-2;MapBox",
        "usage": "main",
        "voltage": "25000"
      },
      "geometry": {
        "type": "LineString",
        "coordinates": [
          [
            71.5335515,
            51.1373518
          ],
          [
            71.5346397,
            51.1396704
          ],
          [
            71.5349087,
            51.1402263
          ],
          [
            71.5352873,
            51.1410301
          ],
          [
            71.5354907,
            51.1414758
          ],
          [
            71.5357871,
            51.1419731
          ],
          [
            71.5362152,
            51.142628
          ],
          [
            71.536459,
            51.1429574
          ],
          [
            71.5369127,
            51.1434949
          ],
          [
            71.5375114,
            51.1440833
          ],
          [
            71.5379181,
            51.144461
          ],
          [
            71.5384224,
            51.144864
          ],
          [
            71.5390044,
            51.1452224
          ],
          [
            71.5394283,
            51.1454512
          ],
          [
            71.5402463,
            51.1458046
          ],
          [
            71.5411328,
            51.1461117
          ],
          [
            71.5418207,
            51.1462926
          ],
          [
            71.5425289,
            51.1464314
          ],
          [
            71.5430519,
            51.1465063
          ],
          [
            71.5437654,
            51.1465829
          ],
          [
            71.5444707,
            51.1466005
          ],
          [
            71.5452567,
            51.1465938
          ],
          [
            71.545946,
            51.1465542
          ],
          [
            71.5467131,
            51.1464726
          ],
          [
            71.5478799,
            51.1463196
          ],
          [
            71.549312,
            51.1460799
          ],
          [
            71.5501374,
            51.1459112
          ],
          [
            71.5501801,
            51.1459007
          ],
          [
            71.5506214,
            51.1457919
          ],
          [
            71.5513219,
            51.1456321
          ],
          [
            71.552217,
            51.1454563
          ],
          [
            71.5528093,
            51.1453221
          ],
          [
            71.5534414,
            51.1451837
          ],
          [
            71.5539799,
            51.1450534
          ],
          [
            71.5540713,
            51.1450292
          ],
          [
            71.5548575,
            51.1448299
          ]
        ]
      }
    },
    {
      "type": "Feature",
      "id": "way/301911308",
      "properties": {
        "role": "mapped_railway",
        "osm_way_id": "301911308",
        "gauge": "1520",
        "railway": "rail",
        "service": "spur"
      },
      "geometry": {
        "type": "LineString",
        "coordinates": [
          [
            71.3893757,
            51.2042344
          ],
          [
            71.39044,
            51.2033756
          ],
          [
            71.3907172,
            51.2032094
          ]
        ]
      }
    },
    {
      "type": "Feature",
      "id": "way/306382079",
      "properties": {
        "role": "mapped_railway",
        "osm_way_id": "306382079",
        "bridge": "yes",
        "electrified": "contact_line",
        "frequency": "50",
        "gauge": "1520",
        "layer": "1",
        "maxspeed": "230",
        "passenger_lines": "2",
        "railway": "rail",
        "source": "bing",
        "usage": "main",
        "voltage": "25000"
      },
      "geometry": {
        "type": "LineString",
        "coordinates": [
          [
            69.9541954,
            53.0317996
          ],
          [
            69.9549588,
            53.0316575
          ]
        ]
      }
    },
    {
      "type": "Feature",
      "id": "way/306382080",
      "properties": {
        "role": "mapped_railway",
        "osm_way_id": "306382080",
        "electrified": "contact_line",
        "frequency": "50",
        "gauge": "1520",
        "railway": "rail",
        "source": "bing",
        "usage": "main",
        "voltage": "25000"
      },
      "geometry": {
        "type": "LineString",
        "coordinates": [
          [
            69.4076011,
            53.3009113
          ],
          [
            69.4079412,
            53.3004177
          ],
          [
            69.408363,
            53.2998448
          ],
          [
            69.4091506,
            53.2988247
          ],
          [
            69.4099528,
            53.2977783
          ],
          [
            69.4107552,
            53.2967301
          ],
          [
            69.4112162,
            53.2961798
          ],
          [
            69.4115811,
            53.2957842
          ],
          [
            69.411904,
            53.2954797
          ],
          [
            69.4123172,
            53.295114
          ],
          [
            69.4128172,
            53.2947217
          ],
          [
            69.4132886,
            53.2943827
          ],
          [
            69.4140404,
            53.2939034
          ],
          [
            69.4144875,
            53.2936531
          ],
          [
            69.4152186,
            53.2932413
          ],
          [
            69.4154013,
            53.293142
          ],
          [
            69.4167358,
            53.2923991
          ],
          [
            69.4200368,
            53.2905774
          ],
          [
            69.4202112,
            53.2904818
          ],
          [
            69.420918,
            53.2900239
          ]
        ]
      }
    },
    {
      "type": "Feature",
      "id": "way/312801213",
      "properties": {
        "role": "mapped_railway",
        "osm_way_id": "312801213",
        "electrified": "contact_line",
        "frequency": "50",
        "gauge": "1520",
        "railway": "rail",
        "service": "siding",
        "source": "bing",
        "voltage": "25000"
      },
      "geometry": {
        "type": "LineString",
        "coordinates": [
          [
            71.4230394,
            51.1923192
          ],
          [
            71.4224383,
            51.1925918
          ],
          [
            71.4222965,
            51.1926519
          ],
          [
            71.4216744,
            51.1929588
          ],
          [
            71.4214955,
            51.1930329
          ],
          [
            71.4212899,
            51.193106
          ],
          [
            71.408414,
            51.1971864
          ],
          [
            71.4080697,
            51.1972871
          ],
          [
            71.4078027,
            51.1973541
          ],
          [
            71.4067874,
            51.1975815
          ],
          [
            71.4061071,
            51.1977382
          ],
          [
            71.4054016,
            51.1979086
          ],
          [
            71.4050805,
            51.1979892
          ],
          [
            71.4048784,
            51.1980454
          ]
        ]
      }
    },
    {
      "type": "Feature",
      "id": "way/312801214",
      "properties": {
        "role": "mapped_railway",
        "osm_way_id": "312801214",
        "gauge": "1520",
        "railway": "rail",
        "service": "yard",
        "source": "bing"
      },
      "geometry": {
        "type": "LineString",
        "coordinates": [
          [
            71.4095096,
            51.1974683
          ],
          [
            71.4086285,
            51.1977751
          ],
          [
            71.4082729,
            51.1978596
          ],
          [
            71.4079132,
            51.1979348
          ],
          [
            71.4076323,
            51.1979655
          ],
          [
            71.4072468,
            51.1979675
          ],
          [
            71.4063867,
            51.1979928
          ],
          [
            71.4058879,
            51.1980202
          ],
          [
            71.4051629,
            51.1980663
          ],
          [
            71.4049731,
            51.1980864
          ],
          [
            71.4047854,
            51.1981166
          ],
          [
            71.4046247,
            51.1981477
          ],
          [
            71.4044058,
            51.1982023
          ],
          [
            71.4041641,
            51.198272
          ]
        ]
      }
    },
    {
      "type": "Feature",
      "id": "way/312801216",
      "properties": {
        "role": "mapped_railway",
        "osm_way_id": "312801216",
        "electrified": "contact_line",
        "frequency": "50",
        "gauge": "1520",
        "railway": "rail",
        "service": "siding",
        "source": "bing",
        "voltage": "25000"
      },
      "geometry": {
        "type": "LineString",
        "coordinates": [
          [
            71.4237115,
            51.1920067
          ],
          [
            71.4233192,
            51.1921815
          ],
          [
            71.4230394,
            51.1923192
          ],
          [
            71.422651,
            51.1925283
          ],
          [
            71.4223722,
            51.192717
          ],
          [
            71.42226,
            51.1928085
          ],
          [
            71.4220802,
            51.1929623
          ],
          [
            71.4219821,
            51.1930303
          ],
          [
            71.4218442,
            51.1931077
          ],
          [
            71.4216681,
            51.1931903
          ],
          [
            71.4214756,
            51.1932603
          ],
          [
            71.4211354,
            51.193375
          ],
          [
            71.4108268,
            51.1966355
          ],
          [
            71.4081242,
            51.1974865
          ],
          [
            71.407894,
            51.1975527
          ],
          [
            71.4076915,
            51.1976006
          ],
          [
            71.4075038,
            51.1976393
          ],
          [
            71.4073013,
            51.1976771
          ],
          [
            71.4070827,
            51.1977065
          ],
          [
            71.4068788,
            51.197725
          ],
          [
            71.4062753,
            51.1977704
          ],
          [
            71.4059136,
            51.1978081
          ]
        ]
      }
    },
    {
      "type": "Feature",
      "id": "way/312801217",
      "properties": {
        "role": "mapped_railway",
        "osm_way_id": "312801217",
        "gauge": "1520",
        "railway": "rail",
        "service": "yard",
        "source": "bing"
      },
      "geometry": {
        "type": "LineString",
        "coordinates": [
          [
            71.4094584,
            51.1972409
          ],
          [
            71.4078544,
            51.1977669
          ],
          [
            71.4075114,
            51.1978508
          ],
          [
            71.4071194,
            51.1979061
          ],
          [
            71.4063867,
            51.1979928
          ]
        ]
      }
    },
    {
      "type": "Feature",
      "id": "way/312801218",
      "properties": {
        "role": "mapped_railway",
        "osm_way_id": "312801218",
        "gauge": "1520",
        "railway": "rail",
        "service": "yard",
        "source": "bing"
      },
      "geometry": {
        "type": "LineString",
        "coordinates": [
          [
            71.4121134,
            51.1947904
          ],
          [
            71.4141466,
            51.1941738
          ],
          [
            71.4176747,
            51.1931413
          ],
          [
            71.417845,
            51.1930875
          ],
          [
            71.4181106,
            51.1930001
          ],
          [
            71.4182755,
            51.1929505
          ],
          [
            71.4185408,
            51.1928848
          ],
          [
            71.4191517,
            51.1927657
          ],
          [
            71.4194761,
            51.1927025
          ],
          [
            71.41985,
            51.1926446
          ],
          [
            71.4201115,
            51.1925916
          ],
          [
            71.4203569,
            51.1925362
          ],
          [
            71.4206525,
            51.1924512
          ]
        ]
      }
    },
    {
      "type": "Feature",
      "id": "way/312801219",
      "properties": {
        "role": "mapped_railway",
        "osm_way_id": "312801219",
        "gauge": "1520",
        "railway": "rail",
        "service": "yard",
        "source": "bing"
      },
      "geometry": {
        "type": "LineString",
        "coordinates": [
          [
            71.4175621,
            51.1927435
          ],
          [
            71.4170992,
            51.1927435
          ],
          [
            71.4167172,
            51.1927471
          ],
          [
            71.4164227,
            51.1927757
          ],
          [
            71.4161102,
            51.1928427
          ],
          [
            71.4157591,
            51.1929453
          ],
          [
            71.4130845,
            51.1938113
          ]
        ]
      }
    },
    {
      "type": "Feature",
      "id": "way/312801220",
      "properties": {
        "role": "mapped_railway",
        "osm_way_id": "312801220",
        "gauge": "1520",
        "railway": "rail",
        "service": "yard",
        "source": "bing"
      },
      "geometry": {
        "type": "LineString",
        "coordinates": [
          [
            71.4181674,
            51.1927534
          ],
          [
            71.4175621,
            51.1927435
          ],
          [
            71.4170622,
            51.1927919
          ],
          [
            71.4165044,
            51.1928669
          ],
          [
            71.4160867,
            51.1929658
          ],
          [
            71.4156603,
            51.1930957
          ],
          [
            71.4131223,
            51.1939175
          ]
        ]
      }
    },
    {
      "type": "Feature",
      "id": "way/313242129",
      "properties": {
        "role": "mapped_railway",
        "osm_way_id": "313242129",
        "electrified": "contact_line",
        "frequency": "50",
        "gauge": "1520",
        "maxspeed": "230",
        "name": "Трансказахстанская железнодорожная магистраль",
        "passenger_lines": "2",
        "railway": "rail",
        "usage": "main",
        "voltage": "25000"
      },
      "geometry": {
        "type": "LineString",
        "coordinates": [
          [
            71.016705,
            51.7732365
          ],
          [
            71.0164947,
            51.7738709
          ],
          [
            71.0161985,
            51.7753377
          ],
          [
            71.0158622,
            51.7767546
          ],
          [
            71.0154963,
            51.7781582
          ],
          [
            71.0151467,
            51.7794913
          ],
          [
            71.014667,
            51.7812117
          ],
          [
            71.0141791,
            51.7831081
          ],
          [
            71.0136669,
            51.7850849
          ],
          [
            71.0133254,
            51.7863926
          ],
          [
            71.0127074,
            51.7888169
          ],
          [
            71.0125041,
            51.7894506
          ],
          [
            71.0123578,
            51.7897775
          ],
          [
            71.0120407,
            51.7903308
          ],
          [
            71.0116748,
            51.7908136
          ],
          [
            71.0111381,
            51.7913366
          ],
          [
            71.0101299,
            51.7920709
          ],
          [
            71.0097478,
            51.7922871
          ],
          [
            71.0093006,
            51.7925185
          ],
          [
            71.0084143,
            51.7928755
          ],
          [
            71.007959,
            51.7930364
          ],
          [
            71.00678,
            51.7933281
          ],
          [
            71.0055278,
            51.7935343
          ],
          [
            71.0046984,
            51.7935947
          ],
          [
            71.0028039,
            51.7935947
          ],
          [
            71.0012021,
            51.7935444
          ],
          [
            71.0002671,
            51.7935192
          ],
          [
            70.9986816,
            51.7934689
          ],
          [
            70.9969009,
            51.7934086
          ],
          [
            70.994738,
            51.7933231
          ],
          [
            70.992998,
            51.7932678
          ],
          [
            70.9911279,
            51.7932275
          ],
          [
            70.990201,
            51.7932678
          ],
          [
            70.9893066,
            51.7933684
          ],
          [
            70.9883146,
            51.7935947
          ],
          [
            70.9874365,
            51.793831
          ],
          [
            70.9863388,
            51.7942585
          ],
          [
            70.9855176,
            51.7946809
          ],
          [
            70.9849809,
            51.7950581
          ],
          [
            70.984363,
            51.7955257
          ],
          [
            70.9840459,
            51.7958476
          ],
          [
            70.9837857,
            51.796104
          ],
          [
            70.9833954,
            51.796632
          ],
          [
            70.9830783,
            51.7972858
          ],
          [
            70.9829157,
            51.7977936
          ],
          [
            70.9828425,
            51.7981305
          ],
          [
            70.9827937,
            51.7986837
          ],
          [
            70.9826392,
            51.8002223
          ],
          [
            70.9824522,
            51.8022487
          ],
          [
            70.9822408,
            51.8046319
          ],
          [
            70.9821107,
            51.8059843
          ],
          [
            70.9819806,
            51.8071607
          ],
          [
            70.9818343,
            51.8085634
          ],
          [
            70.9817204,
            51.8100565
          ],
          [
            70.9815659,
            51.811655
          ],
          [
            70.981444,
            51.8129771
          ],
          [
            70.981352,
            51.8142304
          ],
          [
            70.9811243,
            51.8168039
          ],
          [
            70.9808885,
            51.8191562
          ],
          [
            70.9807747,
            51.8203474
          ],
          [
            70.9806283,
            51.8218099
          ],
          [
            70.9805145,
            51.8230261
          ],
          [
            70.9803844,
            51.8243831
          ],
          [
            70.9802055,
            51.8260666
          ],
          [
            70.9800185,
            51.8278907
          ],
          [
            70.9799047,
            51.8290264
          ],
          [
            70.9797421,
            51.8304937
          ],
          [
            70.9795388,
            51.8321468
          ],
          [
            70.9793518,
            51.8338853
          ],
          [
            70.9791729,
            51.8355333
          ],
          [
            70.9790347,
            51.8363724
          ],
          [
            70.9788477,
            51.8374375
          ],
          [
            70.9786119,
            51.8387638
          ],
          [
            70.9783761,
            51.8400399
          ],
          [
            70.9781647,
            51.8413159
          ],
          [
            70.9778394,
            51.8429736
          ],
          [
            70.9774898,
            51.8449277
          ],
          [
            70.9772459,
            51.8463292
          ],
          [
            70.9770019,
            51.8477055
          ],
          [
            70.9767092,
            51.8493329
          ],
          [
            70.9764409,
            51.8507894
          ],
          [
            70.9761807,
            51.8521053
          ],
          [
            70.9758473,
            51.8539787
          ],
          [
            70.9755628,
            51.8555205
          ],
          [
            70.9752294,
            51.8573786
          ],
          [
            70.9748798,
            51.8593421
          ],
          [
            70.9745789,
            51.8609741
          ],
          [
            70.9741968,
            51.8631332
          ],
          [
            70.9738553,
            51.8650362
          ],
          [
            70.9734894,
            51.8670596
          ],
          [
            70.9729609,
            51.8700569
          ],
          [
            70.9728877,
            51.8708953
          ],
          [
            70.973034,
            51.8720902
          ],
          [
            70.973343,
            51.8730289
          ],
          [
            70.9738959,
            51.8740681
          ],
          [
            70.974644,
            51.8751122
          ],
          [
            70.974857,
            51.8753414
          ],
          [
            70.9751156,
            51.8755791
          ],
          [
            70.9756044,
            51.8760296
          ],
          [
            70.9780437,
            51.8778568
          ],
          [
            70.9795886,
            51.878941
          ],
          [
            70.9810847,
            51.8800402
          ],
          [
            70.9833125,
            51.8816614
          ],
          [
            70.9837354,
            51.8819676
          ],
          [
            70.9847436,
            51.8827857
          ],
          [
            70.9851908,
            51.8832073
          ],
          [
            70.9858657,
            51.883925
          ],
          [
            70.986386,
            51.8846226
          ],
          [
            70.9869064,
            51.8856314
          ],
          [
            70.9871016,
            51.886073
          ],
          [
            70.9872317,
            51.88662
          ],
          [
            70.9873618,
            51.8877141
          ],
          [
            70.9873536,
            51.8886475
          ],
          [
            70.9872235,
            51.8893601
          ],
          [
            70.9868983,
            51.8902734
          ],
          [
            70.9866788,
            51.8907501
          ],
          [
            70.9859144,
            51.8923208
          ],
          [
            70.985024,
            51.8941227
          ],
          [
            70.9836986,
            51.8968372
          ],
          [
            70.9825766,
            51.8991602
          ],
          [
            70.9814464,
            51.9015032
          ],
          [
            70.9798934,
            51.9046587
          ],
          [
            70.9784948,
            51.9075331
          ],
          [
            70.977389,
            51.9097953
          ],
          [
            70.9764296,
            51.9117415
          ],
          [
            70.9757547,
            51.9131459
          ],
          [
            70.9747546,
            51.9151621
          ],
          [
            70.9744131,
            51.9158442
          ],
          [
            70.9738602,
            51.9170027
          ],
          [
            70.9727707,
            51.9192194
          ],
          [
            70.9712339,
            51.9223336
          ],
          [
            70.969933,
            51.9249912
          ],
          [
            70.9688515,
            51.9271874
          ],
          [
            70.967949,
            51.9290075
          ],
          [
            70.9671278,
            51.9307272
          ],
          [
            70.9669245,
            51.9311834
          ],
          [
            70.9664041,
            51.9327677
          ],
          [
            70.9655992,
            51.9353245
          ],
          [
            70.9646722,
            51.9381969
          ],
          [
            70.9636965,
            51.9412245
          ],
          [
            70.9627208,
            51.944272
          ],
          [
            70.9619077,
            51.946783
          ],
          [
            70.9609727,
            51.9496197
          ],
          [
            70.9600783,
            51.9523859
          ],
          [
            70.959444,
            51.9543703
          ],
          [
            70.959005,
            51.9557183
          ],
          [
            70.9583301,
            51.9577276
          ],
          [
            70.9576065,
            51.9599723
          ],
          [
            70.9568665,
            51.9621768
          ],
          [
            70.9563055,
            51.9639654
          ],
          [
            70.9558339,
            51.9653331
          ],
          [
            70.9552322,
            51.9671967
          ],
          [
            70.9548419,
            51.968399
          ],
          [
            70.9545086,
            51.9693808
          ],
          [
            70.9540451,
            51.9708034
          ],
          [
            70.9536955,
            51.9718954
          ],
          [
            70.9533296,
            51.9729273
          ],
          [
            70.9530857,
            51.9737036
          ],
          [
            70.9525815,
            51.9752513
          ],
          [
            70.9522156,
            51.9763182
          ],
          [
            70.9516546,
            51.9780511
          ],
          [
            70.9511342,
            51.9796137
          ],
          [
            70.9506789,
            51.9809959
          ],
          [
            70.9501097,
            51.9827237
          ],
          [
            70.9497845,
            51.9837152
          ],
          [
            70.9495095,
            51.9845054
          ],
          [
            70.9492947,
            51.9851036
          ],
          [
            70.9489002,
            51.9861102
          ],
          [
            70.947862,
            51.9885605
          ],
          [
            70.946423,
            51.9921481
          ],
          [
            70.9457671,
            51.9937832
          ],
          [
            70.94498,
            51.9956545
          ],
          [
            70.9444117,
            51.9973521
          ],
          [
            70.9435286,
            52.0002384
          ],
          [
            70.9433039,
            52.0009915
          ],
          [
            70.9430082,
            52.0020334
          ],
          [
            70.9427144,
            52.002987
          ],
          [
            70.9426062,
            52.0033383
          ],
          [
            70.9425952,
            52.0033747
          ],
          [
            70.9423562,
            52.0041668
          ],
          [
            70.9423337,
            52.0042307
          ],
          [
            70.942179,
            52.0047195
          ],
          [
            70.9411048,
            52.0082126
          ],
          [
            70.9394774,
            52.0136159
          ],
          [
            70.9392156,
            52.0144978
          ],
          [
            70.9389622,
            52.0153147
          ],
          [
            70.9388869,
            52.0155326
          ],
          [
            70.9387563,
            52.0158463
          ],
          [
            70.9386183,
            52.0161384
          ],
          [
            70.938293,
            52.016768
          ],
          [
            70.938156,
            52.0170365
          ],
          [
            70.937768,
            52.017818
          ],
          [
            70.9376609,
            52.018026
          ],
          [
            70.9373033,
            52.0187209
          ],
          [
            70.9372249,
            52.0188786
          ],
          [
            70.9370396,
            52.0192569
          ],
          [
            70.9368901,
            52.0195201
          ],
          [
            70.9367885,
            52.0196849
          ],
          [
            70.9365178,
            52.020049
          ],
          [
            70.9362754,
            52.020346
          ],
          [
            70.9356499,
            52.0209409
          ],
          [
            70.9353309,
            52.0212166
          ],
          [
            70.9350147,
            52.0214523
          ],
          [
            70.9341877,
            52.0219919
          ],
          [
            70.9337698,
            52.0222256
          ],
          [
            70.9333576,
            52.0224193
          ],
          [
            70.9328369,
            52.0226367
          ],
          [
            70.9322512,
            52.022854
          ],
          [
            70.9316538,
            52.0230296
          ],
          [
            70.9311074,
            52.0231626
          ],
          [
            70.9300028,
            52.0233465
          ],
          [
            70.9289723,
            52.0234776
          ],
          [
            70.9210453,
            52.0244429
          ],
          [
            70.9184448,
            52.0247564
          ],
          [
            70.9158381,
            52.0250678
          ],
          [
            70.9131991,
            52.0255047
          ],
          [
            70.9073467,
            52.0264414
          ],
          [
            70.906602,
            52.026538
          ],
          [
            70.905716,
            52.0266035
          ],
          [
            70.9044458,
            52.0266562
          ],
          [
            70.9035976,
            52.0267149
          ],
          [
            70.9027707,
            52.0268104
          ],
          [
            70.902121,
            52.0269229
          ],
          [
            70.9013858,
            52.0270931
          ],
          [
            70.9002229,
            52.0274582
          ],
          [
            70.8993234,
            52.0278663
          ],
          [
            70.8983479,
            52.0284217
          ],
          [
            70.8973939,
            52.0290317
          ],
          [
            70.8936863,
            52.0319107
          ],
          [
            70.8926499,
            52.0326548
          ],
          [
            70.8912345,
            52.03358
          ],
          [
            70.8627381,
            52.0511796
          ],
          [
            70.8617311,
            52.051778
          ],
          [
            70.8608116,
            52.0522603
          ],
          [
            70.8592563,
            52.0529029
          ],
          [
            70.8582724,
            52.0532354
          ],
          [
            70.857382,
            52.0534725
          ],
          [
            70.8483434,
            52.055588
          ],
          [
            70.8466178,
            52.0559498
          ],
          [
            70.8450841,
            52.0561969
          ],
          [
            70.8438051,
            52.0563709
          ],
          [
            70.8421032,
            52.0565459
          ],
          [
            70.8408274,
            52.056618
          ],
          [
            70.8391728,
            52.0566688
          ],
          [
            70.8377156,
            52.0566841
          ],
          [
            70.8353742,
            52.0565902
          ],
          [
            70.8330979,
            52.0564582
          ],
          [
            70.8077379,
            52.0553291
          ],
          [
            70.8057838,
            52.0553298
          ],
          [
            70.8043401,
            52.0554553
          ],
          [
            70.8029582,
            52.0556388
          ],
          [
            70.8014697,
            52.0559372
          ],
          [
            70.7995565,
            52.0564959
          ],
          [
            70.7825053,
            52.0623698
          ],
          [
            70.7814588,
            52.0626631
          ],
          [
            70.7803473,
            52.0629147
          ],
          [
            70.7794359,
            52.0630492
          ],
          [
            70.7784559,
            52.0631762
          ],
          [
            70.7775561,
            52.0632621
          ],
          [
            70.7765201,
            52.0633118
          ]
        ]
      }
    },
    {
      "type": "Feature",
      "id": "way/313242130",
      "properties": {
        "role": "mapped_railway",
        "osm_way_id": "313242130",
        "electrified": "no",
        "gauge": "1520",
        "railway": "rail",
        "service": "spur",
        "source": "bing"
      },
      "geometry": {
        "type": "LineString",
        "coordinates": [
          [
            70.9507859,
            51.985123
          ],
          [
            70.9488251,
            51.9869517
          ],
          [
            70.9485574,
            51.9872014
          ],
          [
            70.948333,
            51.9876267
          ],
          [
            70.9481766,
            51.9879973
          ],
          [
            70.9479394,
            51.9885593
          ],
          [
            70.9464769,
            51.9921568
          ],
          [
            70.9451256,
            51.9954806
          ],
          [
            70.9449447,
            51.995919
          ],
          [
            70.9448129,
            51.9963084
          ],
          [
            70.9433965,
            52.0009982
          ],
          [
            70.9428869,
            52.0026994
          ],
          [
            70.9426029,
            52.0035568
          ],
          [
            70.9424486,
            52.0041114
          ],
          [
            70.9424023,
            52.0042779
          ],
          [
            70.9423216,
            52.0047364
          ],
          [
            70.9423287,
            52.0052087
          ],
          [
            70.9423366,
            52.0057122
          ],
          [
            70.9423117,
            52.0059134
          ],
          [
            70.9422407,
            52.006156
          ],
          [
            70.9396555,
            52.0147134
          ],
          [
            70.9395454,
            52.0150237
          ],
          [
            70.9394175,
            52.0153057
          ],
          [
            70.9393359,
            52.0154674
          ],
          [
            70.9391796,
            52.0157144
          ],
          [
            70.9386176,
            52.0165138
          ],
          [
            70.9381563,
            52.0171961
          ],
          [
            70.9380918,
            52.0173086
          ],
          [
            70.937768,
            52.017818
          ]
        ]
      }
    },
    {
      "type": "Feature",
      "id": "way/313242133",
      "properties": {
        "role": "mapped_railway",
        "osm_way_id": "313242133",
        "electrified": "contact_line",
        "frequency": "50",
        "gauge": "1520",
        "railway": "rail",
        "service": "siding",
        "source": "bing",
        "voltage": "25000"
      },
      "geometry": {
        "type": "LineString",
        "coordinates": [
          [
            70.9379033,
            52.0173445
          ],
          [
            70.9380473,
            52.0169356
          ],
          [
            70.9381151,
            52.016781
          ],
          [
            70.9382936,
            52.0163958
          ],
          [
            70.9384708,
            52.0160159
          ],
          [
            70.938592,
            52.015726
          ],
          [
            70.9387316,
            52.0153376
          ],
          [
            70.9388883,
            52.0148866
          ],
          [
            70.9390188,
            52.0144751
          ],
          [
            70.939391,
            52.0132477
          ],
          [
            70.9414056,
            52.00666
          ],
          [
            70.9415082,
            52.0063732
          ],
          [
            70.9417458,
            52.0057832
          ]
        ]
      }
    },
    {
      "type": "Feature",
      "id": "way/313242777",
      "properties": {
        "role": "mapped_railway",
        "osm_way_id": "313242777",
        "electrified": "contact_line",
        "frequency": "50",
        "gauge": "1520",
        "railway": "rail",
        "service": "siding",
        "source": "bing",
        "voltage": "25000"
      },
      "geometry": {
        "type": "LineString",
        "coordinates": [
          [
            70.5883956,
            52.2813354
          ],
          [
            70.5887422,
            52.2808048
          ],
          [
            70.5889321,
            52.2805627
          ],
          [
            70.5910451,
            52.277977
          ],
          [
            70.5969541,
            52.2707452
          ],
          [
            70.5972311,
            52.2704232
          ],
          [
            70.5977367,
            52.2698995
          ]
        ]
      }
    },
    {
      "type": "Feature",
      "id": "way/313251539",
      "properties": {
        "role": "mapped_railway",
        "osm_way_id": "313251539",
        "electrified": "contact_line",
        "frequency": "50",
        "gauge": "1520",
        "railway": "rail",
        "source": "bing",
        "usage": "main",
        "voltage": "25000"
      },
      "geometry": {
        "type": "LineString",
        "coordinates": [
          [
            69.4372175,
            53.2811056
          ],
          [
            69.4358658,
            53.2818471
          ],
          [
            69.4355696,
            53.2820129
          ],
          [
            69.4348917,
            53.2823858
          ],
          [
            69.4347569,
            53.282461
          ],
          [
            69.4338961,
            53.282927
          ],
          [
            69.432328,
            53.2838023
          ],
          [
            69.4316642,
            53.2841624
          ],
          [
            69.4311588,
            53.2844403
          ],
          [
            69.4309714,
            53.2845434
          ],
          [
            69.4305843,
            53.2847371
          ],
          [
            69.4301361,
            53.2849437
          ]
        ]
      }
    },
    {
      "type": "Feature",
      "id": "way/313251540",
      "properties": {
        "role": "mapped_railway",
        "osm_way_id": "313251540",
        "electrified": "contact_line",
        "frequency": "50",
        "gauge": "1520",
        "railway": "rail",
        "source": "bing",
        "usage": "main",
        "voltage": "25000"
      },
      "geometry": {
        "type": "LineString",
        "coordinates": [
          [
            69.4220375,
            53.2893268
          ],
          [
            69.4289832,
            53.2855041
          ]
        ]
      }
    },
    {
      "type": "Feature",
      "id": "way/313251541",
      "properties": {
        "role": "mapped_railway",
        "osm_way_id": "313251541",
        "electrified": "contact_line",
        "frequency": "50",
        "gauge": "1520",
        "railway": "rail",
        "service": "crossover",
        "voltage": "25000"
      },
      "geometry": {
        "type": "LineString",
        "coordinates": [
          [
            71.3642223,
            51.2297344
          ],
          [
            71.363878,
            51.2304014
          ]
        ]
      }
    },
    {
      "type": "Feature",
      "id": "way/313251542",
      "properties": {
        "role": "mapped_railway",
        "osm_way_id": "313251542",
        "bridge": "yes",
        "electrified": "contact_line",
        "frequency": "50",
        "gauge": "1520",
        "layer": "1",
        "passenger_lines": "2",
        "railway": "rail",
        "source": "bing",
        "usage": "main",
        "voltage": "25000"
      },
      "geometry": {
        "type": "LineString",
        "coordinates": [
          [
            69.4371576,
            53.2810809
          ],
          [
            69.4378472,
            53.2807059
          ]
        ]
      }
    },
    {
      "type": "Feature",
      "id": "way/313251543",
      "properties": {
        "role": "mapped_railway",
        "osm_way_id": "313251543",
        "bridge": "yes",
        "electrified": "contact_line",
        "frequency": "50",
        "gauge": "1520",
        "layer": "1",
        "passenger_lines": "2",
        "railway": "rail",
        "source": "bing",
        "usage": "main",
        "voltage": "25000"
      },
      "geometry": {
        "type": "LineString",
        "coordinates": [
          [
            69.437891,
            53.2807369
          ],
          [
            69.4372175,
            53.2811056
          ]
        ]
      }
    },
    {
      "type": "Feature",
      "id": "way/313251545",
      "properties": {
        "role": "mapped_railway",
        "osm_way_id": "313251545",
        "bridge": "yes",
        "electrified": "contact_line",
        "frequency": "50",
        "gauge": "1520",
        "layer": "1",
        "railway": "rail",
        "source": "bing",
        "usage": "main",
        "voltage": "25000"
      },
      "geometry": {
        "type": "LineString",
        "coordinates": [
          [
            71.363079,
            51.2169999
          ],
          [
            71.3631162,
            51.2167169
          ]
        ]
      }
    },
    {
      "type": "Feature",
      "id": "way/313251548",
      "properties": {
        "role": "mapped_railway",
        "osm_way_id": "313251548",
        "electrified": "contact_line",
        "frequency": "50",
        "gauge": "1520",
        "maxspeed": "230",
        "name": "Трансказахстанская железнодорожная магистраль",
        "passenger_lines": "2",
        "railway": "rail",
        "source": "bing",
        "usage": "main",
        "voltage": "25000"
      },
      "geometry": {
        "type": "LineString",
        "coordinates": [
          [
            69.4378472,
            53.2807059
          ],
          [
            69.4464901,
            53.275922
          ],
          [
            69.4471276,
            53.2756004
          ],
          [
            69.4478615,
            53.2752791
          ],
          [
            69.4487414,
            53.2749433
          ],
          [
            69.4497071,
            53.2746201
          ],
          [
            69.4503201,
            53.2744393
          ],
          [
            69.5172259,
            53.2556743
          ],
          [
            69.5953234,
            53.2337124
          ],
          [
            69.5979305,
            53.2328966
          ],
          [
            69.6005108,
            53.2318213
          ],
          [
            69.6030778,
            53.2305184
          ],
          [
            69.6135303,
            53.2251796
          ],
          [
            69.6164481,
            53.2236959
          ],
          [
            69.6192908,
            53.2222656
          ],
          [
            69.6233914,
            53.2202183
          ],
          [
            69.6293048,
            53.2171641
          ],
          [
            69.6413338,
            53.2107117
          ],
          [
            69.6483558,
            53.2064696
          ],
          [
            69.6633948,
            53.1957838
          ],
          [
            69.6796607,
            53.1846979
          ],
          [
            69.6959224,
            53.173689
          ],
          [
            69.7042878,
            53.1665149
          ],
          [
            69.7130806,
            53.1598156
          ],
          [
            69.7183929,
            53.1550924
          ],
          [
            69.7202247,
            53.1535912
          ],
          [
            69.7212628,
            53.1518702
          ],
          [
            69.7220566,
            53.1498195
          ],
          [
            69.7237052,
            53.1446192
          ],
          [
            69.7249875,
            53.1401874
          ],
          [
            69.7260255,
            53.137953
          ],
          [
            69.7278574,
            53.1359383
          ],
          [
            69.7310325,
            53.1338869
          ],
          [
            69.7432448,
            53.1274756
          ],
          [
            69.7520376,
            53.1234085
          ],
          [
            69.7558233,
            53.1212099
          ],
          [
            69.7580215,
            53.1185714
          ],
          [
            69.7596702,
            53.116849
          ],
          [
            69.7618073,
            53.1158595
          ],
          [
            69.7820502,
            53.110305
          ],
          [
            69.8054401,
            53.1040644
          ],
          [
            69.8236821,
            53.0989933
          ],
          [
            69.8378451,
            53.0950897
          ],
          [
            69.8391717,
            53.0947244
          ],
          [
            69.8452933,
            53.0930438
          ],
          [
            69.8513742,
            53.0913711
          ],
          [
            69.8581738,
            53.0894642
          ]
        ]
      }
    },
    {
      "type": "Feature",
      "id": "way/313251549",
      "properties": {
        "role": "mapped_railway",
        "osm_way_id": "313251549",
        "electrified": "contact_line",
        "frequency": "50",
        "gauge": "1520",
        "name": "Kurort Borowoe - Astana",
        "railway": "rail",
        "source": "bing",
        "usage": "main",
        "voltage": "25000"
      },
      "geometry": {
        "type": "LineString",
        "coordinates": [
          [
            71.3642223,
            51.2297344
          ],
          [
            71.3644491,
            51.2292274
          ],
          [
            71.3647446,
            51.228537
          ],
          [
            71.3649625,
            51.2278467
          ],
          [
            71.3650282,
            51.2272854
          ],
          [
            71.3650314,
            51.2262885
          ],
          [
            71.3649231,
            51.2255886
          ],
          [
            71.3646162,
            51.2245543
          ],
          [
            71.3641192,
            51.2234465
          ],
          [
            71.3633923,
            51.221978
          ],
          [
            71.3630672,
            51.2211337
          ],
          [
            71.3629429,
            51.2205247
          ],
          [
            71.3628711,
            51.219894
          ],
          [
            71.3629265,
            51.2187103
          ],
          [
            71.363079,
            51.2169999
          ]
        ]
      }
    },
    {
      "type": "Feature",
      "id": "way/313251550",
      "properties": {
        "role": "mapped_railway",
        "osm_way_id": "313251550",
        "electrified": "contact_line",
        "frequency": "50",
        "gauge": "1520",
        "maxspeed": "230",
        "name": "Kurort Borowoe - Astana",
        "passenger_lines": "2",
        "railway": "rail",
        "source": "bing",
        "usage": "main",
        "voltage": "25000"
      },
      "geometry": {
        "type": "LineString",
        "coordinates": [
          [
            71.0272355,
            51.6787279
          ],
          [
            71.0271978,
            51.6778086
          ],
          [
            71.0272085,
            51.677017
          ],
          [
            71.0272927,
            51.6762909
          ],
          [
            71.0274368,
            51.6754943
          ],
          [
            71.0276509,
            51.674854
          ],
          [
            71.0279676,
            51.6741816
          ],
          [
            71.0286585,
            51.6729212
          ],
          [
            71.0295374,
            51.6713433
          ],
          [
            71.0297963,
            51.6708825
          ],
          [
            71.0304154,
            51.6698047
          ],
          [
            71.0643684,
            51.6078521
          ],
          [
            71.0648297,
            51.6071464
          ],
          [
            71.0653957,
            51.6064152
          ],
          [
            71.066143,
            51.605558
          ],
          [
            71.0710852,
            51.6002805
          ],
          [
            71.0715453,
            51.5998218
          ],
          [
            71.0721285,
            51.5993114
          ],
          [
            71.0726943,
            51.5988806
          ],
          [
            71.0733553,
            51.5984495
          ],
          [
            71.0740437,
            51.5980465
          ],
          [
            71.0748052,
            51.5976617
          ],
          [
            71.075619,
            51.5972999
          ],
          [
            71.0764327,
            51.5969962
          ],
          [
            71.0851312,
            51.5940542
          ],
          [
            71.0860497,
            51.5936735
          ],
          [
            71.0868118,
            51.5933083
          ],
          [
            71.0875742,
            51.5928891
          ],
          [
            71.0884045,
            51.5923834
          ],
          [
            71.0891929,
            51.5918955
          ],
          [
            71.0972529,
            51.5869204
          ],
          [
            71.0978951,
            51.5864926
          ],
          [
            71.0984249,
            51.5860756
          ],
          [
            71.0989967,
            51.5855679
          ],
          [
            71.099606,
            51.5849223
          ],
          [
            71.1000748,
            51.5843397
          ],
          [
            71.1004576,
            51.5837645
          ],
          [
            71.1006998,
            51.5833082
          ],
          [
            71.1008781,
            51.5828784
          ],
          [
            71.1012347,
            51.5817781
          ],
          [
            71.1013567,
            51.5808223
          ],
          [
            71.1013181,
            51.5799401
          ],
          [
            71.1011468,
            51.5790372
          ],
          [
            71.1008054,
            51.5781825
          ],
          [
            71.1005833,
            51.5777052
          ],
          [
            71.1002574,
            51.5771834
          ],
          [
            71.0996483,
            51.576374
          ],
          [
            71.085577,
            51.558294
          ],
          [
            71.0849243,
            51.5574671
          ],
          [
            71.084559,
            51.556968
          ],
          [
            71.0842458,
            51.5564155
          ],
          [
            71.0839775,
            51.5558179
          ],
          [
            71.0832061,
            51.5531959
          ],
          [
            71.0829746,
            51.5522901
          ],
          [
            71.0828434,
            51.5511334
          ],
          [
            71.0828158,
            51.5501132
          ],
          [
            71.0829405,
            51.5489885
          ],
          [
            71.0831615,
            51.5478823
          ],
          [
            71.083327,
            51.5472696
          ],
          [
            71.083504,
            51.546783
          ],
          [
            71.0836825,
            51.5463031
          ],
          [
            71.0839424,
            51.5456713
          ],
          [
            71.1005002,
            51.5112561
          ],
          [
            71.1007594,
            51.5107422
          ],
          [
            71.1010286,
            51.5102697
          ],
          [
            71.1016205,
            51.5094966
          ],
          [
            71.1021332,
            51.5089621
          ],
          [
            71.1028443,
            51.5083246
          ],
          [
            71.1039329,
            51.5074495
          ],
          [
            71.1046479,
            51.5069369
          ],
          [
            71.105516,
            51.5063922
          ],
          [
            71.1062467,
            51.5060118
          ],
          [
            71.1069244,
            51.5057005
          ],
          [
            71.1190549,
            51.5004283
          ],
          [
            71.1206153,
            51.4997455
          ],
          [
            71.1221553,
            51.4990694
          ],
          [
            71.1247714,
            51.498115
          ],
          [
            71.1257573,
            51.4978656
          ],
          [
            71.1269096,
            51.4976316
          ],
          [
            71.1281625,
            51.4974405
          ],
          [
            71.129738,
            51.4973554
          ],
          [
            71.1311307,
            51.4973516
          ],
          [
            71.1328006,
            51.4974475
          ],
          [
            71.1392348,
            51.4982144
          ],
          [
            71.1462966,
            51.4990706
          ],
          [
            71.148647,
            51.499361
          ],
          [
            71.1504188,
            51.4995396
          ],
          [
            71.15181,
            51.499624
          ],
          [
            71.1531352,
            51.4996444
          ],
          [
            71.1538184,
            51.4996309
          ],
          [
            71.1552983,
            51.4995827
          ],
          [
            71.1564225,
            51.4994859
          ],
          [
            71.1578585,
            51.4993101
          ],
          [
            71.1593495,
            51.4990656
          ],
          [
            71.1602816,
            51.498876
          ],
          [
            71.1612136,
            51.4986463
          ],
          [
            71.1621184,
            51.4983831
          ],
          [
            71.1630285,
            51.4980832
          ],
          [
            71.1640873,
            51.49766
          ],
          [
            71.1648858,
            51.4973088
          ],
          [
            71.1659486,
            51.4967977
          ],
          [
            71.1671308,
            51.4960952
          ],
          [
            71.1681536,
            51.4953611
          ],
          [
            71.1687642,
            51.4948421
          ],
          [
            71.1691412,
            51.4944792
          ],
          [
            71.1694673,
            51.4941363
          ],
          [
            71.170105,
            51.4933842
          ],
          [
            71.1703835,
            51.4930181
          ],
          [
            71.1711193,
            51.4920143
          ],
          [
            71.1721147,
            51.4906376
          ],
          [
            71.173425,
            51.4888303
          ],
          [
            71.1748274,
            51.4869258
          ],
          [
            71.1759085,
            51.4854695
          ],
          [
            71.1781012,
            51.4823919
          ],
          [
            71.1799632,
            51.4798338
          ],
          [
            71.1805707,
            51.4789852
          ],
          [
            71.1811471,
            51.4781827
          ],
          [
            71.1817193,
            51.4774142
          ],
          [
            71.1824557,
            51.4764001
          ],
          [
            71.1830673,
            51.4755547
          ],
          [
            71.1836652,
            51.4747294
          ],
          [
            71.1842849,
            51.4738829
          ],
          [
            71.1849773,
            51.4729321
          ],
          [
            71.1853636,
            51.4724074
          ],
          [
            71.1858531,
            51.4717418
          ],
          [
            71.1863373,
            51.4710358
          ],
          [
            71.1866967,
            51.470451
          ],
          [
            71.1869743,
            51.4699648
          ],
          [
            71.1871902,
            51.4695288
          ],
          [
            71.1873636,
            51.4691635
          ],
          [
            71.1875156,
            51.4688351
          ],
          [
            71.1877676,
            51.468161
          ],
          [
            71.1879428,
            51.4675774
          ],
          [
            71.1881892,
            51.4663934
          ],
          [
            71.1892607,
            51.4611147
          ],
          [
            71.1893401,
            51.4606854
          ]
        ]
      }
    },
    {
      "type": "Feature",
      "id": "way/322672159",
      "properties": {
        "role": "mapped_railway",
        "osm_way_id": "322672159",
        "bridge": "yes",
        "electrified": "contact_line",
        "frequency": "50",
        "gauge": "1520",
        "layer": "1",
        "name": "Kurort Borowoe - Astana",
        "passenger_lines": "2",
        "railway": "rail",
        "source": "bing",
        "usage": "main",
        "voltage": "25000"
      },
      "geometry": {
        "type": "LineString",
        "coordinates": [
          [
            71.016496,
            51.7732539
          ],
          [
            71.0166682,
            51.7725719
          ]
        ]
      }
    },
    {
      "type": "Feature",
      "id": "way/322672160",
      "properties": {
        "role": "mapped_railway",
        "osm_way_id": "322672160",
        "bridge": "yes",
        "electrified": "contact_line",
        "frequency": "50",
        "gauge": "1520",
        "layer": "1",
        "name": "Kurort Borowoe - Astana",
        "passenger_lines": "2",
        "railway": "rail",
        "source": "bing",
        "usage": "main",
        "voltage": "25000"
      },
      "geometry": {
        "type": "LineString",
        "coordinates": [
          [
            71.0272708,
            51.6792869
          ],
          [
            71.0272355,
            51.6787279
          ]
        ]
      }
    },
    {
      "type": "Feature",
      "id": "way/322672161",
      "properties": {
        "role": "mapped_railway",
        "osm_way_id": "322672161",
        "bridge": "yes",
        "electrified": "contact_line",
        "frequency": "50",
        "gauge": "1520",
        "layer": "1",
        "name": "Astana - Kurort Borowoe",
        "passenger_lines": "2",
        "railway": "rail",
        "source": "bing",
        "usage": "main",
        "voltage": "25000"
      },
      "geometry": {
        "type": "LineString",
        "coordinates": [
          [
            71.0272967,
            51.6787215
          ],
          [
            71.0273459,
            51.6793275
          ]
        ]
      }
    },
    {
      "type": "Feature",
      "id": "way/322672162",
      "properties": {
        "role": "mapped_railway",
        "osm_way_id": "322672162",
        "electrified": "contact_line",
        "frequency": "50",
        "gauge": "1520",
        "maxspeed": "230",
        "name": "Astana - Kurort Borowoe",
        "passenger_lines": "2",
        "railway": "rail",
        "source": "bing",
        "usage": "main",
        "voltage": "25000"
      },
      "geometry": {
        "type": "LineString",
        "coordinates": [
          [
            70.9993884,
            51.7086398
          ],
          [
            70.9997136,
            51.7096299
          ],
          [
            71.0002202,
            51.7110475
          ],
          [
            71.000247,
            51.711149
          ],
          [
            71.0006479,
            51.7122229
          ],
          [
            71.0010762,
            51.7135384
          ],
          [
            71.0016047,
            51.7150447
          ],
          [
            71.0019869,
            51.7161379
          ],
          [
            71.0024341,
            51.717503
          ],
          [
            71.0028487,
            51.7186818
          ],
          [
            71.0032228,
            51.7197849
          ],
          [
            71.0036049,
            51.7208881
          ],
          [
            71.0039058,
            51.7216889
          ],
          [
            71.0040277,
            51.7219962
          ],
          [
            71.0041497,
            51.7222178
          ],
          [
            71.0044749,
            51.7228021
          ],
          [
            71.0046701,
            51.7230892
          ],
          [
            71.0051823,
            51.7236986
          ],
          [
            71.0061092,
            51.724711
          ],
          [
            71.0064507,
            51.7250787
          ],
          [
            71.0072069,
            51.7258342
          ],
          [
            71.0088412,
            51.7275365
          ],
          [
            71.0094104,
            51.7280099
          ],
          [
            71.0097438,
            51.7282516
          ],
          [
            71.0103485,
            51.7286948
          ],
          [
            71.0109715,
            51.7290423
          ],
          [
            71.011622,
            51.7293948
          ],
          [
            71.0120286,
            51.7295711
          ],
          [
            71.0136141,
            51.7302359
          ],
          [
            71.0150451,
            51.7307596
          ],
          [
            71.0160696,
            51.7311776
          ],
          [
            71.0165494,
            51.7314092
          ],
          [
            71.017769,
            51.7321042
          ],
          [
            71.0187447,
            51.732774
          ],
          [
            71.0196798,
            51.7335595
          ],
          [
            71.0203953,
            51.7343249
          ],
          [
            71.0209807,
            51.7351004
          ],
          [
            71.0212003,
            51.7354781
          ],
          [
            71.0216312,
            51.7363693
          ],
          [
            71.0217938,
            51.7369081
          ],
          [
            71.021938,
            51.7376198
          ],
          [
            71.0220136,
            51.7384153
          ],
          [
            71.0219892,
            51.7389138
          ],
          [
            71.0219323,
            51.7393971
          ],
          [
            71.0218185,
            51.739956
          ],
          [
            71.0216152,
            51.7406005
          ],
          [
            71.0213143,
            51.7412852
          ],
          [
            71.0210623,
            51.7419095
          ],
          [
            71.0208102,
            51.7425238
          ],
          [
            71.0203224,
            51.7436918
          ],
          [
            71.0198752,
            51.744749
          ],
          [
            71.0194117,
            51.7458163
          ],
          [
            71.0188181,
            51.747241
          ],
          [
            71.0183222,
            51.7483938
          ],
          [
            71.0174928,
            51.7503218
          ],
          [
            71.0169805,
            51.7516658
          ],
          [
            71.0166065,
            51.7531557
          ],
          [
            71.0164439,
            51.7541674
          ],
          [
            71.0163951,
            51.7554408
          ],
          [
            71.0164764,
            51.7566689
          ],
          [
            71.0166228,
            51.7575547
          ],
          [
            71.016883,
            51.7590897
          ],
          [
            71.0171432,
            51.76066
          ],
          [
            71.0174034,
            51.7620238
          ],
          [
            71.0176519,
            51.7634665
          ],
          [
            71.0178671,
            51.7648368
          ],
          [
            71.0181212,
            51.7664213
          ],
          [
            71.0181586,
            51.7673726
          ],
          [
            71.0181065,
            51.767929
          ],
          [
            71.0178795,
            51.7688962
          ],
          [
            71.0175722,
            51.7698511
          ],
          [
            71.0173042,
            51.7709978
          ],
          [
            71.0168626,
            51.7725699
          ]
        ]
      }
    },
    {
      "type": "Feature",
      "id": "way/325397465",
      "properties": {
        "role": "mapped_railway",
        "osm_way_id": "325397465",
        "bridge": "yes",
        "electrified": "contact_line",
        "frequency": "50",
        "gauge": "1520",
        "layer": "1",
        "name": "Astana - Kurort Borowoe",
        "passenger_lines": "2",
        "railway": "rail",
        "source": "bing",
        "usage": "main",
        "voltage": "25000"
      },
      "geometry": {
        "type": "LineString",
        "coordinates": [
          [
            71.0168626,
            51.7725699
          ],
          [
            71.016705,
            51.7732365
          ]
        ]
      }
    },
    {
      "type": "Feature",
      "id": "way/326335555",
      "properties": {
        "role": "mapped_railway",
        "osm_way_id": "326335555",
        "electrified": "contact_line",
        "frequency": "50",
        "gauge": "1520",
        "maxspeed": "230",
        "name": "Kokchetau - Kurort Borowoe",
        "passenger_lines": "2",
        "railway": "rail",
        "source": "bing",
        "usage": "main",
        "voltage": "25000"
      },
      "geometry": {
        "type": "LineString",
        "coordinates": [
          [
            70.1401994,
            52.9234282
          ],
          [
            70.1340945,
            52.9242655
          ],
          [
            70.1320012,
            52.9247199
          ],
          [
            70.1308768,
            52.9250456
          ],
          [
            70.129774,
            52.9254445
          ],
          [
            70.1276391,
            52.9262541
          ],
          [
            70.1226497,
            52.92818
          ],
          [
            70.1210312,
            52.9290085
          ],
          [
            70.1195572,
            52.9299994
          ],
          [
            70.1143459,
            52.9336656
          ],
          [
            70.1042059,
            52.9410013
          ],
          [
            70.0939096,
            52.9483502
          ],
          [
            70.0893382,
            52.9512043
          ],
          [
            70.0871544,
            52.9527279
          ],
          [
            70.086081,
            52.9534823
          ],
          [
            70.0855353,
            52.9538651
          ],
          [
            70.0852897,
            52.9540386
          ]
        ]
      }
    },
    {
      "type": "Feature",
      "id": "way/326335557",
      "properties": {
        "role": "mapped_railway",
        "osm_way_id": "326335557",
        "electrified": "contact_line",
        "frequency": "50",
        "gauge": "1520",
        "maxspeed": "230",
        "name": "Kurort Borowoe - Astana",
        "passenger_lines": "2",
        "railway": "rail",
        "source": "bing",
        "usage": "main",
        "voltage": "25000"
      },
      "geometry": {
        "type": "LineString",
        "coordinates": [
          [
            70.586539,
            52.2837786
          ],
          [
            70.5800822,
            52.2917098
          ],
          [
            70.5778375,
            52.2944742
          ],
          [
            70.5737894,
            52.2994261
          ],
          [
            70.5574282,
            52.3195211
          ],
          [
            70.5418186,
            52.33872
          ],
          [
            70.5343704,
            52.349758
          ],
          [
            70.5165036,
            52.3763444
          ],
          [
            70.4862306,
            52.4212193
          ],
          [
            70.4857289,
            52.422034
          ],
          [
            70.4853833,
            52.4227156
          ],
          [
            70.4851206,
            52.4232757
          ],
          [
            70.4848933,
            52.4238351
          ],
          [
            70.4847619,
            52.4241571
          ],
          [
            70.4722143,
            52.4666165
          ],
          [
            70.4720333,
            52.4672301
          ],
          [
            70.4715907,
            52.4682637
          ],
          [
            70.4710921,
            52.4690676
          ],
          [
            70.4689498,
            52.4723747
          ],
          [
            70.4627336,
            52.4820458
          ],
          [
            70.4562054,
            52.4921183
          ],
          [
            70.4529692,
            52.4971572
          ],
          [
            70.4513312,
            52.4996698
          ],
          [
            70.4497163,
            52.502171
          ],
          [
            70.4492534,
            52.5028468
          ],
          [
            70.4489839,
            52.5031904
          ],
          [
            70.4487334,
            52.5035216
          ],
          [
            70.4477485,
            52.5048291
          ],
          [
            70.4472809,
            52.5054891
          ],
          [
            70.4470643,
            52.5058237
          ],
          [
            70.4468605,
            52.5061583
          ],
          [
            70.4464231,
            52.506834
          ],
          [
            70.4459981,
            52.5075092
          ],
          [
            70.4430968,
            52.5120585
          ],
          [
            70.441641,
            52.5143293
          ],
          [
            70.4401978,
            52.5165908
          ],
          [
            70.4380945,
            52.5198785
          ],
          [
            70.4359798,
            52.5231364
          ],
          [
            70.4306101,
            52.5315863
          ],
          [
            70.4292432,
            52.5337119
          ],
          [
            70.4278849,
            52.5358491
          ],
          [
            70.4265105,
            52.53798
          ],
          [
            70.425151,
            52.5401128
          ],
          [
            70.4242887,
            52.541439
          ],
          [
            70.4234524,
            52.5427644
          ],
          [
            70.42304,
            52.5434204
          ],
          [
            70.4226386,
            52.544089
          ],
          [
            70.422476,
            52.5444263
          ],
          [
            70.4223293,
            52.5447671
          ],
          [
            70.4222643,
            52.5449324
          ],
          [
            70.4222044,
            52.5451065
          ],
          [
            70.4221032,
            52.545447
          ],
          [
            70.4220021,
            52.5459427
          ],
          [
            70.4219262,
            52.5464564
          ],
          [
            70.4217636,
            52.5474941
          ],
          [
            70.4214442,
            52.5495592
          ],
          [
            70.4207968,
            52.5536682
          ],
          [
            70.4201373,
            52.5577823
          ],
          [
            70.4199685,
            52.5588179
          ],
          [
            70.4198054,
            52.5598351
          ],
          [
            70.4197671,
            52.560098
          ],
          [
            70.4197315,
            52.5603521
          ],
          [
            70.4196673,
            52.5608683
          ],
          [
            70.4196311,
            52.5613853
          ],
          [
            70.4196073,
            52.5618975
          ],
          [
            70.4188002,
            52.5808478
          ],
          [
            70.4186001,
            52.5849651
          ],
          [
            70.4183737,
            52.5890475
          ],
          [
            70.4181266,
            52.5932697
          ],
          [
            70.4180142,
            52.595245
          ],
          [
            70.4179564,
            52.5962304
          ],
          [
            70.4179282,
            52.5967268
          ],
          [
            70.417886,
            52.5971894
          ],
          [
            70.4177151,
            52.5982397
          ],
          [
            70.4175227,
            52.5992983
          ],
          [
            70.4173115,
            52.600455
          ],
          [
            70.4171325,
            52.6014227
          ],
          [
            70.4167379,
            52.6035522
          ],
          [
            70.4166567,
            52.6040889
          ],
          [
            70.4165486,
            52.6046014
          ],
          [
            70.4163545,
            52.6056699
          ],
          [
            70.4155811,
            52.6098804
          ],
          [
            70.415194,
            52.6120017
          ],
          [
            70.4148096,
            52.614083
          ],
          [
            70.4144217,
            52.6162012
          ],
          [
            70.4140374,
            52.618293
          ],
          [
            70.413064,
            52.6235412
          ],
          [
            70.4126921,
            52.6255708
          ],
          [
            70.4123401,
            52.6274975
          ]
        ]
      }
    },
    {
      "type": "Feature",
      "id": "way/326335558",
      "properties": {
        "role": "mapped_railway",
        "osm_way_id": "326335558",
        "electrified": "contact_line",
        "frequency": "50",
        "gauge": "1520",
        "maxspeed": "230",
        "name": "Трансказахстанская железнодорожная магистраль",
        "passenger_lines": "2",
        "railway": "rail",
        "source": "bing",
        "usage": "main",
        "voltage": "25000"
      },
      "geometry": {
        "type": "LineString",
        "coordinates": [
          [
            70.7765149,
            52.063276
          ],
          [
            70.7775494,
            52.0632263
          ],
          [
            70.7784454,
            52.0631409
          ],
          [
            70.779423,
            52.0630141
          ],
          [
            70.7803303,
            52.0628803
          ],
          [
            70.7814366,
            52.0626299
          ],
          [
            70.7824789,
            52.0623377
          ],
          [
            70.7995296,
            52.056464
          ],
          [
            70.801448,
            52.0559037
          ],
          [
            70.8029429,
            52.0556041
          ],
          [
            70.8043298,
            52.0554199
          ],
          [
            70.8057797,
            52.0552939
          ],
          [
            70.80774,
            52.0552932
          ],
          [
            70.8331028,
            52.0564224
          ],
          [
            70.8353788,
            52.0565544
          ],
          [
            70.837717,
            52.0566482
          ],
          [
            70.8391708,
            52.0566329
          ],
          [
            70.8408233,
            52.0565822
          ],
          [
            70.8420957,
            52.0565102
          ],
          [
            70.843794,
            52.0563356
          ],
          [
            70.8450704,
            52.056162
          ],
          [
            70.8466009,
            52.0559154
          ],
          [
            70.8483235,
            52.0555542
          ],
          [
            70.85736,
            52.0534392
          ],
          [
            70.8582467,
            52.0532031
          ],
          [
            70.8592259,
            52.0528722
          ],
          [
            70.8607762,
            52.0522316
          ],
          [
            70.8616918,
            52.0517514
          ],
          [
            70.8626971,
            52.051154
          ],
          [
            70.8911925,
            52.033555
          ],
          [
            70.8926064,
            52.0326308
          ],
          [
            70.8936412,
            52.0318878
          ],
          [
            70.8973498,
            52.029008
          ],
          [
            70.8983069,
            52.028396
          ],
          [
            70.8992861,
            52.0278386
          ],
          [
            70.900192,
            52.0274275
          ],
          [
            70.9013621,
            52.0270601
          ],
          [
            70.9021028,
            52.0268886
          ],
          [
            70.9027574,
            52.0267754
          ],
          [
            70.9035889,
            52.0266793
          ],
          [
            70.9044406,
            52.0266204
          ],
          [
            70.9057106,
            52.0265676
          ],
          [
            70.9065925,
            52.0265025
          ],
          [
            70.9073333,
            52.0264064
          ],
          [
            70.9131842,
            52.0254699
          ],
          [
            70.9158249,
            52.0250327
          ],
          [
            70.9184336,
            52.0247211
          ],
          [
            70.9272224,
            52.0236548
          ],
          [
            70.9289718,
            52.0234321
          ],
          [
            70.9299783,
            52.0233129
          ],
          [
            70.9310896,
            52.0231234
          ],
          [
            70.9316548,
            52.0229788
          ],
          [
            70.9322326,
            52.0228108
          ],
          [
            70.9328486,
            52.0225744
          ],
          [
            70.9334201,
            52.022336
          ],
          [
            70.9339758,
            52.022041
          ],
          [
            70.9345155,
            52.0217147
          ],
          [
            70.9351188,
            52.0213005
          ],
          [
            70.9356173,
            52.0208726
          ],
          [
            70.9360904,
            52.0204154
          ],
          [
            70.9365031,
            52.0199347
          ],
          [
            70.936789,
            52.0194982
          ],
          [
            70.9370619,
            52.0190262
          ],
          [
            70.9371737,
            52.0187912
          ],
          [
            70.9376212,
            52.0179057
          ],
          [
            70.9376594,
            52.0178236
          ],
          [
            70.9379033,
            52.0173445
          ],
          [
            70.9383708,
            52.0164099
          ],
          [
            70.9385467,
            52.0160264
          ],
          [
            70.9386668,
            52.0157431
          ],
          [
            70.9388091,
            52.0153444
          ],
          [
            70.9389671,
            52.0148966
          ],
          [
            70.9391003,
            52.0144843
          ],
          [
            70.9417458,
            52.0057832
          ],
          [
            70.941797,
            52.0056182
          ],
          [
            70.9423282,
            52.0039154
          ],
          [
            70.9425491,
            52.003177
          ],
          [
            70.9428963,
            52.0020348
          ],
          [
            70.9434199,
            52.0002269
          ],
          [
            70.9446075,
            51.9964757
          ],
          [
            70.944762,
            51.9959898
          ],
          [
            70.9449467,
            51.995535
          ],
          [
            70.9463363,
            51.9921393
          ],
          [
            70.9478014,
            51.988559
          ],
          [
            70.9488233,
            51.9861035
          ],
          [
            70.9497946,
            51.9834959
          ],
          [
            70.9513801,
            51.9787032
          ],
          [
            70.9532483,
            51.9729122
          ],
          [
            70.9543723,
            51.9696323
          ],
          [
            70.9584683,
            51.9571013
          ],
          [
            70.962422,
            51.9450449
          ],
          [
            70.9662984,
            51.932868
          ],
          [
            70.9668839,
            51.9311634
          ],
          [
            70.9671766,
            51.9305016
          ],
          [
            70.9680547,
            51.9287117
          ],
          [
            70.9692662,
            51.9262097
          ],
          [
            70.9705184,
            51.9237025
          ],
          [
            70.9720551,
            51.9205584
          ],
          [
            70.9733154,
            51.9179606
          ],
          [
            70.9742424,
            51.9160799
          ],
          [
            70.9748603,
            51.9148361
          ],
          [
            70.977204,
            51.9100422
          ],
          [
            70.9865607,
            51.890856
          ],
          [
            70.9870242,
            51.8898122
          ],
          [
            70.9872844,
            51.8887885
          ],
          [
            70.9873088,
            51.8877397
          ],
          [
            70.9872275,
            51.8868514
          ],
          [
            70.9870506,
            51.8860645
          ],
          [
            70.9864164,
            51.8847496
          ],
          [
            70.9857984,
            51.8839165
          ],
          [
            70.9848959,
            51.8829579
          ],
          [
            70.9834404,
            51.8818185
          ],
          [
            70.9820988,
            51.8808398
          ],
          [
            70.9806109,
            51.8797556
          ],
          [
            70.9782692,
            51.8780842
          ],
          [
            70.976399,
            51.8767138
          ],
          [
            70.9755859,
            51.8760813
          ],
          [
            70.9747891,
            51.8753585
          ],
          [
            70.9741978,
            51.874604
          ],
          [
            70.9736752,
            51.8737973
          ],
          [
            70.9733966,
            51.8733224
          ],
          [
            70.9731711,
            51.8727029
          ],
          [
            70.97299,
            51.8721528
          ],
          [
            70.9728865,
            51.8713474
          ],
          [
            70.9728355,
            51.8707872
          ],
          [
            70.9728599,
            51.8703455
          ],
          [
            70.9729982,
            51.8694418
          ],
          [
            70.9732096,
            51.8682419
          ],
          [
            70.9737218,
            51.8655055
          ],
          [
            70.9738926,
            51.864426
          ],
          [
            70.9744455,
            51.8614484
          ],
          [
            70.9746162,
            51.8603638
          ],
          [
            70.9747951,
            51.8594348
          ],
          [
            70.9748927,
            51.859018
          ],
          [
            70.9753664,
            51.8563594
          ],
          [
            70.9757973,
            51.8540442
          ],
          [
            70.9760657,
            51.8524723
          ],
          [
            70.9762771,
            51.8513924
          ],
          [
            70.9765129,
            51.8501117
          ],
          [
            70.9767487,
            51.8487505
          ],
          [
            70.9771552,
            51.8464802
          ],
          [
            70.9774235,
            51.8450285
          ],
          [
            70.9778463,
            51.842557
          ],
          [
            70.9780393,
            51.8415393
          ],
          [
            70.9781288,
            51.8411022
          ],
          [
            70.9782751,
            51.8402884
          ],
          [
            70.9785272,
            51.8388867
          ],
          [
            70.9787061,
            51.8377664
          ],
          [
            70.9789337,
            51.8366008
          ],
          [
            70.9791066,
            51.8355939
          ],
          [
            70.9794075,
            51.8326244
          ],
          [
            70.9797896,
            51.8293382
          ],
          [
            70.979956,
            51.8275022
          ],
          [
            70.9801149,
            51.8260116
          ],
          [
            70.9803263,
            51.8238456
          ],
          [
            70.9806065,
            51.8212957
          ],
          [
            70.9808992,
            51.818456
          ],
          [
            70.9812651,
            51.8145857
          ],
          [
            70.981387,
            51.8130525
          ],
          [
            70.9816679,
            51.8096612
          ],
          [
            70.9819199,
            51.8070017
          ],
          [
            70.9821801,
            51.8043321
          ],
          [
            70.9824322,
            51.8016019
          ],
          [
            70.9828062,
            51.7979464
          ],
          [
            70.9830989,
            51.7970815
          ],
          [
            70.9835055,
            51.7963523
          ],
          [
            70.9842617,
            51.7955326
          ],
          [
            70.985091,
            51.7949141
          ],
          [
            70.9858634,
            51.7944213
          ],
          [
            70.9866765,
            51.7940542
          ],
          [
            70.987514,
            51.7937474
          ],
          [
            70.9884298,
            51.7935247
          ],
          [
            70.989254,
            51.7933401
          ],
          [
            70.9900834,
            51.7932345
          ],
          [
            70.9912461,
            51.7931741
          ],
          [
            70.9972061,
            51.7933753
          ],
          [
            71.0024831,
            51.7935563
          ],
          [
            71.004796,
            51.7935595
          ],
          [
            71.0060607,
            51.7934256
          ],
          [
            71.0069388,
            51.7932646
          ],
          [
            71.0080934,
            51.7929579
          ],
          [
            71.0096339,
            51.7922972
          ],
          [
            71.0100405,
            51.7920507
          ],
          [
            71.0105815,
            51.7917006
          ],
          [
            71.0113052,
            51.7911071
          ],
          [
            71.0119394,
            51.7903879
          ],
          [
            71.0123296,
            51.7896738
          ],
          [
            71.0125397,
            51.7890414
          ],
          [
            71.0142245,
            51.7825953
          ],
          [
            71.0146639,
            51.7808246
          ],
          [
            71.0149758,
            51.7796255
          ],
          [
            71.0153336,
            51.7782236
          ],
          [
            71.0156078,
            51.7770784
          ],
          [
            71.0159818,
            51.7754097
          ],
          [
            71.0161899,
            51.7745664
          ],
          [
            71.0163367,
            51.7738293
          ],
          [
            71.016496,
            51.7732539
          ]
        ]
      }
    },
    {
      "type": "Feature",
      "id": "way/326335562",
      "properties": {
        "role": "mapped_railway",
        "osm_way_id": "326335562",
        "bridge": "yes",
        "electrified": "contact_line",
        "frequency": "50",
        "gauge": "1520",
        "layer": "1",
        "name": "Kurort Borowoe - Astana",
        "passenger_lines": "2",
        "railway": "rail",
        "source": "bing",
        "usage": "main",
        "voltage": "25000"
      },
      "geometry": {
        "type": "LineString",
        "coordinates": [
          [
            70.7765201,
            52.0633118
          ],
          [
            70.7762802,
            52.0633266
          ]
        ]
      }
    },
    {
      "type": "Feature",
      "id": "way/326335563",
      "properties": {
        "role": "mapped_railway",
        "osm_way_id": "326335563",
        "bridge": "yes",
        "electrified": "contact_line",
        "frequency": "50",
        "gauge": "1520",
        "layer": "1",
        "name": "Kurort Borowoe - Astana",
        "passenger_lines": "2",
        "railway": "rail",
        "source": "bing",
        "usage": "main",
        "voltage": "25000"
      },
      "geometry": {
        "type": "LineString",
        "coordinates": [
          [
            70.7762753,
            52.0632908
          ],
          [
            70.7765149,
            52.063276
          ]
        ]
      }
    },
    {
      "type": "Feature",
      "id": "way/326335564",
      "properties": {
        "role": "mapped_railway",
        "osm_way_id": "326335564",
        "bridge": "yes",
        "electrified": "contact_line",
        "frequency": "50",
        "gauge": "1520",
        "layer": "1",
        "name": "Kurort Borowoe - Astana",
        "passenger_lines": "2",
        "railway": "rail",
        "source": "bing",
        "usage": "main",
        "voltage": "25000"
      },
      "geometry": {
        "type": "LineString",
        "coordinates": [
          [
            70.7021602,
            52.1395267
          ],
          [
            70.7017295,
            52.1400847
          ]
        ]
      }
    },
    {
      "type": "Feature",
      "id": "way/326335565",
      "properties": {
        "role": "mapped_railway",
        "osm_way_id": "326335565",
        "bridge": "yes",
        "electrified": "contact_line",
        "frequency": "50",
        "gauge": "1520",
        "layer": "1",
        "name": "Kurort Borowoe - Astana",
        "passenger_lines": "2",
        "railway": "rail",
        "source": "bing",
        "usage": "main",
        "voltage": "25000"
      },
      "geometry": {
        "type": "LineString",
        "coordinates": [
          [
            70.7015504,
            52.1400284
          ],
          [
            70.7019817,
            52.1394696
          ]
        ]
      }
    },
    {
      "type": "Feature",
      "id": "way/326335566",
      "properties": {
        "role": "mapped_railway",
        "osm_way_id": "326335566",
        "electrified": "contact_line",
        "frequency": "50",
        "gauge": "1520",
        "maxspeed": "230",
        "name": "Kurort Borowoe - Astana",
        "passenger_lines": "2",
        "railway": "rail",
        "source": "bing",
        "usage": "main",
        "voltage": "25000"
      },
      "geometry": {
        "type": "LineString",
        "coordinates": [
          [
            70.7762802,
            52.0633266
          ],
          [
            70.7611105,
            52.0639518
          ],
          [
            70.759483,
            52.0640656
          ],
          [
            70.7580405,
            52.0642107
          ],
          [
            70.756519,
            52.0644257
          ],
          [
            70.7546665,
            52.0647449
          ],
          [
            70.7433966,
            52.0672741
          ],
          [
            70.7418216,
            52.0676787
          ],
          [
            70.7396955,
            52.0684385
          ],
          [
            70.7381245,
            52.0691077
          ],
          [
            70.7364066,
            52.0698902
          ],
          [
            70.734702,
            52.070976
          ],
          [
            70.7332356,
            52.0721254
          ],
          [
            70.7320696,
            52.0732397
          ],
          [
            70.7310066,
            52.0745921
          ],
          [
            70.7304581,
            52.0754887
          ],
          [
            70.729969,
            52.0765576
          ],
          [
            70.7294385,
            52.0780183
          ],
          [
            70.7208485,
            52.1048932
          ],
          [
            70.7194741,
            52.109126
          ],
          [
            70.7190901,
            52.11001
          ],
          [
            70.7186919,
            52.1107836
          ],
          [
            70.7141911,
            52.1179451
          ],
          [
            70.7137734,
            52.1188232
          ],
          [
            70.713488,
            52.1195805
          ],
          [
            70.7133364,
            52.1203423
          ],
          [
            70.7132199,
            52.1224682
          ],
          [
            70.7129919,
            52.1241396
          ],
          [
            70.7124944,
            52.1257793
          ],
          [
            70.7117612,
            52.1274511
          ],
          [
            70.7108129,
            52.1289599
          ],
          [
            70.7021602,
            52.1395267
          ]
        ]
      }
    },
    {
      "type": "Feature",
      "id": "way/326335567",
      "properties": {
        "role": "mapped_railway",
        "osm_way_id": "326335567",
        "electrified": "contact_line",
        "frequency": "50",
        "gauge": "1520",
        "maxspeed": "230",
        "name": "Kurort Borowoe - Astana",
        "passenger_lines": "2",
        "railway": "rail",
        "source": "bing",
        "usage": "main",
        "voltage": "25000"
      },
      "geometry": {
        "type": "LineString",
        "coordinates": [
          [
            70.7019817,
            52.1394696
          ],
          [
            70.7107594,
            52.1289452
          ],
          [
            70.7117056,
            52.1274399
          ],
          [
            70.7124374,
            52.1257713
          ],
          [
            70.7129339,
            52.1241348
          ],
          [
            70.7131615,
            52.1224661
          ],
          [
            70.7132781,
            52.1203395
          ],
          [
            70.7134304,
            52.1195743
          ],
          [
            70.7137168,
            52.1188141
          ],
          [
            70.7141357,
            52.1179336
          ],
          [
            70.7186367,
            52.1107717
          ],
          [
            70.719034,
            52.11
          ],
          [
            70.7194171,
            52.1091179
          ],
          [
            70.7293813,
            52.0780109
          ],
          [
            70.7299123,
            52.0765488
          ],
          [
            70.7304025,
            52.0754775
          ],
          [
            70.7309528,
            52.0745779
          ],
          [
            70.7320185,
            52.0732221
          ],
          [
            70.7331879,
            52.0721046
          ],
          [
            70.7346579,
            52.0709524
          ],
          [
            70.7363679,
            52.0698631
          ],
          [
            70.7380904,
            52.0690785
          ],
          [
            70.7396641,
            52.0684082
          ],
          [
            70.7417955,
            52.0676465
          ],
          [
            70.7433753,
            52.0672406
          ],
          [
            70.7546486,
            52.0647107
          ],
          [
            70.7565046,
            52.0643909
          ],
          [
            70.7580292,
            52.0641754
          ],
          [
            70.759475,
            52.06403
          ],
          [
            70.7611052,
            52.063916
          ],
          [
            70.7762753,
            52.0632908
          ]
        ]
      }
    },
    {
      "type": "Feature",
      "id": "way/326335568",
      "properties": {
        "role": "mapped_railway",
        "osm_way_id": "326335568",
        "electrified": "contact_line",
        "frequency": "50",
        "gauge": "1520",
        "maxspeed": "230",
        "name": "Трансказахстанская железнодорожная магистраль",
        "passenger_lines": "2",
        "railway": "rail",
        "usage": "main",
        "voltage": "25000"
      },
      "geometry": {
        "type": "LineString",
        "coordinates": [
          [
            70.2826521,
            52.8010442
          ],
          [
            70.2813878,
            52.802629
          ],
          [
            70.2803841,
            52.8038871
          ],
          [
            70.2780364,
            52.8068335
          ],
          [
            70.2733402,
            52.8127085
          ],
          [
            70.268373,
            52.8189299
          ],
          [
            70.2658863,
            52.8220361
          ],
          [
            70.263403,
            52.8251443
          ],
          [
            70.2589698,
            52.8306979
          ],
          [
            70.2545389,
            52.8362511
          ],
          [
            70.2483146,
            52.8443139
          ],
          [
            70.2452569,
            52.8479436
          ],
          [
            70.2377202,
            52.8572687
          ],
          [
            70.2291823,
            52.8678962
          ],
          [
            70.2235458,
            52.8754954
          ],
          [
            70.2226524,
            52.8781598
          ],
          [
            70.222705,
            52.8820647
          ],
          [
            70.2244961,
            52.886992
          ],
          [
            70.2272795,
            52.8991637
          ],
          [
            70.2295863,
            52.9044314
          ],
          [
            70.2295884,
            52.9081659
          ],
          [
            70.2284147,
            52.913473
          ],
          [
            70.2282442,
            52.9142435
          ],
          [
            70.2278227,
            52.9153704
          ],
          [
            70.2271669,
            52.9164589
          ],
          [
            70.2262616,
            52.9174988
          ],
          [
            70.2251282,
            52.9184785
          ],
          [
            70.2241427,
            52.9191322
          ],
          [
            70.2230497,
            52.9197565
          ],
          [
            70.2218078,
            52.9203063
          ],
          [
            70.2204984,
            52.9207914
          ],
          [
            70.2147869,
            52.9223877
          ],
          [
            70.2136123,
            52.922622
          ],
          [
            70.2124013,
            52.9227846
          ],
          [
            70.2111621,
            52.9228961
          ],
          [
            70.209912,
            52.922955
          ],
          [
            70.2087187,
            52.9228994
          ],
          [
            70.2075656,
            52.9227585
          ],
          [
            70.2008222,
            52.9214666
          ],
          [
            70.2001839,
            52.9213437
          ],
          [
            70.1987106,
            52.9210571
          ],
          [
            70.1980315,
            52.920925
          ],
          [
            70.1970735,
            52.9207225
          ],
          [
            70.1968056,
            52.9206718
          ],
          [
            70.1956483,
            52.9204607
          ],
          [
            70.1949428,
            52.9203645
          ],
          [
            70.1944845,
            52.9203114
          ],
          [
            70.1938173,
            52.9202856
          ],
          [
            70.1924452,
            52.9203033
          ]
        ]
      }
    },
    {
      "type": "Feature",
      "id": "way/326335569",
      "properties": {
        "role": "mapped_railway",
        "osm_way_id": "326335569",
        "electrified": "contact_line",
        "frequency": "50",
        "gauge": "1520",
        "maxspeed": "230",
        "name": "Трансказахстанская железнодорожная магистраль",
        "passenger_lines": "2",
        "railway": "rail",
        "usage": "main",
        "voltage": "25000"
      },
      "geometry": {
        "type": "LineString",
        "coordinates": [
          [
            70.3812158,
            52.6775685
          ],
          [
            70.3767187,
            52.683197
          ],
          [
            70.3722451,
            52.6888175
          ],
          [
            70.3632843,
            52.7000438
          ],
          [
            70.3582863,
            52.7063767
          ],
          [
            70.2972556,
            52.7827573
          ]
        ]
      }
    },
    {
      "type": "Feature",
      "id": "way/326335670",
      "properties": {
        "role": "mapped_railway",
        "osm_way_id": "326335670",
        "bridge": "yes",
        "electrified": "contact_line",
        "frequency": "50",
        "gauge": "1520",
        "layer": "1",
        "passenger_lines": "2",
        "railway": "rail",
        "usage": "main",
        "voltage": "25000"
      },
      "geometry": {
        "type": "LineString",
        "coordinates": [
          [
            70.381383,
            52.677363
          ],
          [
            70.3812158,
            52.6775685
          ]
        ]
      }
    },
    {
      "type": "Feature",
      "id": "way/326335672",
      "properties": {
        "role": "mapped_railway",
        "osm_way_id": "326335672",
        "electrified": "contact_line",
        "frequency": "50",
        "gauge": "1520",
        "railway": "rail",
        "service": "crossover",
        "source": "bing",
        "voltage": "25000"
      },
      "geometry": {
        "type": "LineString",
        "coordinates": [
          [
            70.5873019,
            52.2826877
          ],
          [
            70.5879099,
            52.2820888
          ]
        ]
      }
    },
    {
      "type": "Feature",
      "id": "way/326335674",
      "properties": {
        "role": "mapped_railway",
        "osm_way_id": "326335674",
        "electrified": "contact_line",
        "frequency": "50",
        "gauge": "1520",
        "railway": "rail",
        "service": "crossover",
        "source": "bing",
        "voltage": "25000"
      },
      "geometry": {
        "type": "LineString",
        "coordinates": [
          [
            70.5869152,
            52.2831699
          ],
          [
            70.586539,
            52.2837786
          ]
        ]
      }
    },
    {
      "type": "Feature",
      "id": "way/326335675",
      "properties": {
        "role": "mapped_railway",
        "osm_way_id": "326335675",
        "bridge": "yes",
        "electrified": "contact_line",
        "frequency": "50",
        "gauge": "1520",
        "layer": "1",
        "passenger_lines": "2",
        "railway": "rail",
        "usage": "main",
        "voltage": "25000"
      },
      "geometry": {
        "type": "LineString",
        "coordinates": [
          [
            70.2972556,
            52.7827573
          ],
          [
            70.2971173,
            52.782931
          ]
        ]
      }
    },
    {
      "type": "Feature",
      "id": "way/326335676",
      "properties": {
        "role": "mapped_railway",
        "osm_way_id": "326335676",
        "bridge": "yes",
        "electrified": "contact_line",
        "frequency": "50",
        "gauge": "1520",
        "layer": "1",
        "maxspeed": "230",
        "passenger_lines": "2",
        "railway": "rail",
        "source": "bing",
        "usage": "main",
        "voltage": "25000"
      },
      "geometry": {
        "type": "LineString",
        "coordinates": [
          [
            69.9550137,
            53.0317242
          ],
          [
            69.9542515,
            53.0318661
          ]
        ]
      }
    },
    {
      "type": "Feature",
      "id": "way/326335677",
      "properties": {
        "role": "mapped_railway",
        "osm_way_id": "326335677",
        "electrified": "contact_line",
        "frequency": "50",
        "gauge": "1520",
        "railway": "rail",
        "service": "crossover",
        "source": "bing",
        "voltage": "25000"
      },
      "geometry": {
        "type": "LineString",
        "coordinates": [
          [
            70.5984783,
            52.2691007
          ],
          [
            70.5980754,
            52.2694817
          ]
        ]
      }
    },
    {
      "type": "Feature",
      "id": "way/326335678",
      "properties": {
        "role": "mapped_railway",
        "osm_way_id": "326335678",
        "electrified": "contact_line",
        "frequency": "50",
        "gauge": "1520",
        "railway": "rail",
        "service": "yard",
        "source": "bing",
        "voltage": "25000"
      },
      "geometry": {
        "type": "LineString",
        "coordinates": [
          [
            70.5974035,
            52.2705471
          ],
          [
            70.5912636,
            52.2780707
          ],
          [
            70.5894623,
            52.2803013
          ]
        ]
      }
    },
    {
      "type": "Feature",
      "id": "way/326335679",
      "properties": {
        "role": "mapped_railway",
        "osm_way_id": "326335679",
        "electrified": "contact_line",
        "frequency": "50",
        "gauge": "1520",
        "maxspeed": "230",
        "passenger_lines": "2",
        "railway": "rail",
        "usage": "main",
        "voltage": "25000"
      },
      "geometry": {
        "type": "LineString",
        "coordinates": [
          [
            70.1701545,
            52.9225505
          ],
          [
            70.1677296,
            52.9228644
          ],
          [
            70.1670814,
            52.9229501
          ],
          [
            70.1659571,
            52.9230989
          ],
          [
            70.1652198,
            52.9231864
          ],
          [
            70.1643331,
            52.9232623
          ],
          [
            70.1634349,
            52.9233036
          ],
          [
            70.1625095,
            52.9233094
          ],
          [
            70.1607223,
            52.9232292
          ],
          [
            70.1562433,
            52.9230203
          ],
          [
            70.1521622,
            52.9228637
          ],
          [
            70.1493198,
            52.922698
          ],
          [
            70.1465235,
            52.9227385
          ],
          [
            70.1433621,
            52.923038
          ],
          [
            70.1401994,
            52.9234282
          ]
        ]
      }
    },
    {
      "type": "Feature",
      "id": "way/326335680",
      "properties": {
        "role": "mapped_railway",
        "osm_way_id": "326335680",
        "electrified": "contact_line",
        "frequency": "50",
        "gauge": "1520",
        "railway": "rail",
        "service": "yard",
        "source": "bing",
        "voltage": "25000"
      },
      "geometry": {
        "type": "LineString",
        "coordinates": [
          [
            70.5977714,
            52.269983
          ],
          [
            70.5974035,
            52.2705471
          ],
          [
            70.597174,
            52.2709151
          ],
          [
            70.5969643,
            52.2712081
          ],
          [
            70.5899253,
            52.2798268
          ],
          [
            70.5897512,
            52.2800132
          ],
          [
            70.5894623,
            52.2803013
          ],
          [
            70.5891893,
            52.280616
          ],
          [
            70.5887066,
            52.2811122
          ]
        ]
      }
    },
    {
      "type": "Feature",
      "id": "way/328415345",
      "properties": {
        "role": "mapped_railway",
        "osm_way_id": "328415345",
        "electrified": "no",
        "gauge": "1520",
        "railway": "rail",
        "service": "spur"
      },
      "geometry": {
        "type": "LineString",
        "coordinates": [
          [
            71.0055461,
            51.6956032
          ],
          [
            71.003367,
            51.6960316
          ],
          [
            71.0023343,
            51.6963037
          ],
          [
            71.0021073,
            51.6963905
          ],
          [
            71.0014643,
            51.6966364
          ],
          [
            71.0006431,
            51.6971252
          ],
          [
            71.0002122,
            51.697483
          ],
          [
            70.9999649,
            51.6977243
          ],
          [
            70.9998286,
            51.6978798
          ],
          [
            70.999398,
            51.6985944
          ],
          [
            70.9990275,
            51.6992039
          ],
          [
            70.9988235,
            51.6994859
          ],
          [
            70.9986231,
            51.6997556
          ],
          [
            70.9983918,
            51.7000608
          ],
          [
            70.9982684,
            51.7002404
          ],
          [
            70.9981156,
            51.7005396
          ]
        ]
      }
    },
    {
      "type": "Feature",
      "id": "way/328422763",
      "properties": {
        "role": "mapped_railway",
        "osm_way_id": "328422763",
        "electrified": "no",
        "gauge": "1520",
        "railway": "rail",
        "service": "spur"
      },
      "geometry": {
        "type": "LineString",
        "coordinates": [
          [
            71.003016,
            51.6945395
          ],
          [
            71.0009037,
            51.6963504
          ],
          [
            71.00072,
            51.696529
          ],
          [
            71.000492,
            51.6967942
          ],
          [
            71.0002559,
            51.6971034
          ],
          [
            70.9998214,
            51.6976819
          ]
        ]
      }
    },
    {
      "type": "Feature",
      "id": "way/328422765",
      "properties": {
        "role": "mapped_railway",
        "osm_way_id": "328422765",
        "electrified": "no",
        "gauge": "1520",
        "railway": "rail",
        "service": "spur"
      },
      "geometry": {
        "type": "LineString",
        "coordinates": [
          [
            71.0002559,
            51.6971034
          ],
          [
            71.0005242,
            51.69681
          ],
          [
            71.0007803,
            51.6965506
          ],
          [
            71.00096,
            51.6963785
          ],
          [
            71.0013211,
            51.6961449
          ],
          [
            71.0016835,
            51.6959377
          ],
          [
            71.00234,
            51.6954292
          ],
          [
            71.003677,
            51.6943578
          ]
        ]
      }
    },
    {
      "type": "Feature",
      "id": "way/330692846",
      "properties": {
        "role": "mapped_railway",
        "osm_way_id": "330692846",
        "electrified": "contact_line",
        "frequency": "50",
        "gauge": "1520",
        "railway": "rail",
        "service": "siding",
        "source": "bing",
        "voltage": "25000"
      },
      "geometry": {
        "type": "LineString",
        "coordinates": [
          [
            70.2913384,
            52.7901631
          ],
          [
            70.2910165,
            52.7906696
          ],
          [
            70.2902716,
            52.7916015
          ],
          [
            70.2896344,
            52.7924018
          ],
          [
            70.2887573,
            52.7934969
          ],
          [
            70.2882467,
            52.7941399
          ],
          [
            70.2878566,
            52.794631
          ],
          [
            70.2872524,
            52.7953836
          ],
          [
            70.2860804,
            52.7968562
          ],
          [
            70.2847427,
            52.7985301
          ],
          [
            70.2836275,
            52.7999292
          ],
          [
            70.2834224,
            52.8001743
          ],
          [
            70.283059,
            52.8005341
          ]
        ]
      }
    },
    {
      "type": "Feature",
      "id": "way/330692847",
      "properties": {
        "role": "mapped_railway",
        "osm_way_id": "330692847",
        "gauge": "1520",
        "railway": "rail",
        "service": "siding",
        "source": "bing"
      },
      "geometry": {
        "type": "LineString",
        "coordinates": [
          [
            70.2829507,
            52.8005129
          ],
          [
            70.2830253,
            52.8003628
          ],
          [
            70.2831404,
            52.8001806
          ],
          [
            70.2833124,
            52.7999451
          ],
          [
            70.2840128,
            52.7990686
          ],
          [
            70.2849703,
            52.7978688
          ],
          [
            70.286065,
            52.7964972
          ],
          [
            70.2870761,
            52.795222
          ],
          [
            70.2881094,
            52.7939286
          ],
          [
            70.289141,
            52.7926438
          ],
          [
            70.2900717,
            52.7914705
          ],
          [
            70.2904953,
            52.7910548
          ]
        ]
      }
    },
    {
      "type": "Feature",
      "id": "way/330692849",
      "properties": {
        "role": "mapped_railway",
        "osm_way_id": "330692849",
        "electrified": "contact_line",
        "frequency": "50",
        "gauge": "1520",
        "railway": "rail",
        "service": "crossover",
        "voltage": "25000"
      },
      "geometry": {
        "type": "LineString",
        "coordinates": [
          [
            70.2910172,
            52.7904017
          ],
          [
            70.2915867,
            52.789847
          ]
        ]
      }
    },
    {
      "type": "Feature",
      "id": "way/330692850",
      "properties": {
        "role": "mapped_railway",
        "osm_way_id": "330692850",
        "electrified": "contact_line",
        "frequency": "50",
        "gauge": "1520",
        "railway": "rail",
        "service": "crossover",
        "voltage": "25000"
      },
      "geometry": {
        "type": "LineString",
        "coordinates": [
          [
            70.2918967,
            52.7894586
          ],
          [
            70.2922929,
            52.7888064
          ]
        ]
      }
    },
    {
      "type": "Feature",
      "id": "way/337047545",
      "properties": {
        "role": "mapped_railway",
        "osm_way_id": "337047545",
        "bridge": "yes",
        "electrified": "contact_line",
        "frequency": "50",
        "gauge": "1520",
        "layer": "1",
        "maxspeed": "230",
        "name": "Kokchetau - Kurort Borowoe",
        "passenger_lines": "2",
        "railway": "rail",
        "source": "bing",
        "usage": "main",
        "voltage": "25000"
      },
      "geometry": {
        "type": "LineString",
        "coordinates": [
          [
            70.0852897,
            52.9540386
          ],
          [
            70.085002,
            52.954243
          ]
        ]
      }
    },
    {
      "type": "Feature",
      "id": "way/337047546",
      "properties": {
        "role": "mapped_railway",
        "osm_way_id": "337047546",
        "bridge": "yes",
        "electrified": "contact_line",
        "frequency": "50",
        "gauge": "1520",
        "layer": "1",
        "maxspeed": "230",
        "name": "Kokchetau - Kurort Borowoe",
        "passenger_lines": "2",
        "railway": "rail",
        "source": "bing",
        "usage": "main",
        "voltage": "25000"
      },
      "geometry": {
        "type": "LineString",
        "coordinates": [
          [
            70.0848971,
            52.9541911
          ],
          [
            70.0851967,
            52.9539816
          ]
        ]
      }
    },
    {
      "type": "Feature",
      "id": "way/337047547",
      "properties": {
        "role": "mapped_railway",
        "osm_way_id": "337047547",
        "electrified": "contact_line",
        "frequency": "50",
        "gauge": "1520",
        "maxspeed": "230",
        "name": "Трансказахстанская железнодорожная магистраль",
        "passenger_lines": "2",
        "railway": "rail",
        "source": "bing",
        "usage": "main",
        "voltage": "25000"
      },
      "geometry": {
        "type": "LineString",
        "coordinates": [
          [
            70.085002,
            52.954243
          ],
          [
            70.084473,
            52.9546093
          ],
          [
            70.0839321,
            52.9549917
          ],
          [
            70.0828485,
            52.95575
          ],
          [
            70.0807011,
            52.9572696
          ],
          [
            70.0804406,
            52.9574709
          ],
          [
            70.0802006,
            52.957672
          ],
          [
            70.0799705,
            52.957877
          ],
          [
            70.0797632,
            52.958079
          ],
          [
            70.079353,
            52.9585268
          ],
          [
            70.0791664,
            52.9587527
          ],
          [
            70.0789933,
            52.9589875
          ],
          [
            70.0788111,
            52.9592649
          ],
          [
            70.0786547,
            52.9595358
          ],
          [
            70.0783808,
            52.9601073
          ],
          [
            70.0779312,
            52.961577
          ],
          [
            70.0778313,
            52.9654582
          ],
          [
            70.077838,
            52.969633
          ],
          [
            70.0778729,
            52.9710403
          ],
          [
            70.0782795,
            52.972222
          ],
          [
            70.0798784,
            52.9757725
          ],
          [
            70.0808785,
            52.9781209
          ],
          [
            70.0813539,
            52.979552
          ],
          [
            70.0815298,
            52.9800817
          ],
          [
            70.0814796,
            52.9818643
          ],
          [
            70.0810471,
            52.9830949
          ],
          [
            70.0806521,
            52.9836137
          ],
          [
            70.0802035,
            52.9840944
          ],
          [
            70.079636,
            52.9845561
          ],
          [
            70.0790311,
            52.9849813
          ],
          [
            70.0712899,
            52.9900509
          ],
          [
            70.0704464,
            52.9905091
          ],
          [
            70.0695618,
            52.9909235
          ],
          [
            70.0687556,
            52.9912375
          ],
          [
            70.0679279,
            52.9915132
          ],
          [
            70.0548588,
            52.995521
          ],
          [
            70.0507396,
            52.9967846
          ],
          [
            70.0445046,
            52.9987411
          ],
          [
            70.043865,
            52.9989792
          ],
          [
            70.043295,
            52.9992199
          ],
          [
            70.0427787,
            52.9994709
          ],
          [
            70.0364404,
            53.0026798
          ],
          [
            70.0356668,
            53.0031214
          ],
          [
            70.0349853,
            53.0035962
          ],
          [
            70.0339728,
            53.004462
          ],
          [
            70.0333478,
            53.0052273
          ],
          [
            70.0328422,
            53.0059733
          ],
          [
            70.0324151,
            53.0071728
          ],
          [
            70.032303,
            53.0082986
          ],
          [
            70.0323511,
            53.0101383
          ],
          [
            70.0321602,
            53.0109146
          ],
          [
            70.0318234,
            53.0116886
          ],
          [
            70.0311551,
            53.0125192
          ],
          [
            70.0304428,
            53.0131473
          ],
          [
            70.0295584,
            53.013742
          ],
          [
            70.0286291,
            53.0141964
          ],
          [
            70.027615,
            53.0145652
          ],
          [
            70.026827,
            53.0148043
          ],
          [
            69.9634848,
            53.0300105
          ],
          [
            69.9621444,
            53.0302962
          ],
          [
            69.9550137,
            53.0317242
          ]
        ]
      }
    },
    {
      "type": "Feature",
      "id": "way/353433097",
      "properties": {
        "role": "mapped_railway",
        "osm_way_id": "353433097",
        "railway": "rail"
      },
      "geometry": {
        "type": "LineString",
        "coordinates": [
          [
            71.1918802,
            51.442683
          ],
          [
            71.1921518,
            51.443679
          ],
          [
            71.1922305,
            51.4440026
          ],
          [
            71.1923012,
            51.4442684
          ],
          [
            71.192347,
            51.444503
          ],
          [
            71.1924004,
            51.445018
          ],
          [
            71.192451,
            51.4452743
          ],
          [
            71.1924724,
            51.4456199
          ],
          [
            71.1924323,
            51.4459899
          ],
          [
            71.1923555,
            51.4464201
          ],
          [
            71.1922179,
            51.4468285
          ],
          [
            71.1920821,
            51.4471113
          ],
          [
            71.191801,
            51.4478732
          ],
          [
            71.1917101,
            51.4483868
          ],
          [
            71.191603,
            51.4489322
          ],
          [
            71.1914303,
            51.4498717
          ],
          [
            71.1913309,
            51.4502924
          ],
          [
            71.1912392,
            51.4508776
          ],
          [
            71.1911414,
            51.4513792
          ],
          [
            71.1910018,
            51.4520146
          ],
          [
            71.1908815,
            51.4527071
          ],
          [
            71.1907271,
            51.4534481
          ],
          [
            71.1905603,
            51.4542607
          ],
          [
            71.1904838,
            51.4546511
          ],
          [
            71.1903343,
            51.4553405
          ],
          [
            71.1901523,
            51.4560467
          ],
          [
            71.1899295,
            51.4573583
          ],
          [
            71.1898687,
            51.4576584
          ],
          [
            71.1898565,
            51.4582317
          ]
        ]
      }
    },
    {
      "type": "Feature",
      "id": "way/39522850",
      "properties": {
        "role": "mapped_railway",
        "osm_way_id": "39522850",
        "electrified": "contact_line",
        "frequency": "50",
        "gauge": "1520",
        "maxspeed": "230",
        "name": "Kokchetau - Kurort Borowoe",
        "passenger_lines": "2",
        "railway": "rail",
        "source": "bing",
        "usage": "main",
        "voltage": "25000"
      },
      "geometry": {
        "type": "LineString",
        "coordinates": [
          [
            70.0851967,
            52.9539816
          ],
          [
            70.0854252,
            52.9538174
          ],
          [
            70.0859748,
            52.9534455
          ],
          [
            70.0871036,
            52.9527028
          ],
          [
            70.0892778,
            52.9511885
          ],
          [
            70.0938649,
            52.9483266
          ],
          [
            70.1041604,
            52.9409783
          ],
          [
            70.1143005,
            52.9336424
          ],
          [
            70.1195125,
            52.9299758
          ],
          [
            70.1209897,
            52.9289828
          ],
          [
            70.1226143,
            52.9281511
          ],
          [
            70.1276072,
            52.9262238
          ],
          [
            70.1297429,
            52.9254139
          ],
          [
            70.1308486,
            52.925014
          ],
          [
            70.1319783,
            52.9246869
          ],
          [
            70.1340779,
            52.924231
          ],
          [
            70.1401866,
            52.9233932
          ],
          [
            70.1433247,
            52.9229671
          ],
          [
            70.1448297,
            52.9227885
          ],
          [
            70.1464877,
            52.9226638
          ],
          [
            70.1493251,
            52.9226397
          ],
          [
            70.1498704,
            52.9226759
          ],
          [
            70.1521646,
            52.9228279
          ],
          [
            70.1562431,
            52.9229798
          ],
          [
            70.1607261,
            52.9231934
          ],
          [
            70.1625175,
            52.9232689
          ],
          [
            70.1634403,
            52.9232639
          ],
          [
            70.1643361,
            52.9232184
          ],
          [
            70.1652118,
            52.9231364
          ],
          [
            70.1665395,
            52.9229762
          ],
          [
            70.1671229,
            52.9228954
          ],
          [
            70.1672771,
            52.9228766
          ],
          [
            70.1688822,
            52.9226652
          ],
          [
            70.1689693,
            52.9226539
          ]
        ]
      }
    },
    {
      "type": "Feature",
      "id": "way/407073080",
      "properties": {
        "role": "mapped_railway",
        "osm_way_id": "407073080",
        "electrified": "contact_line",
        "frequency": "50",
        "gauge": "1520",
        "railway": "rail",
        "usage": "main",
        "voltage": "25000"
      },
      "geometry": {
        "type": "LineString",
        "coordinates": [
          [
            71.3962515,
            51.2002859
          ],
          [
            71.3952099,
            51.2006203
          ],
          [
            71.3950417,
            51.2006731
          ],
          [
            71.3943955,
            51.2008762
          ],
          [
            71.381456,
            51.2049673
          ],
          [
            71.3809251,
            51.2051415
          ],
          [
            71.3804147,
            51.2053028
          ],
          [
            71.3787982,
            51.2058115
          ],
          [
            71.37775,
            51.2061436
          ],
          [
            71.3764219,
            51.206568
          ]
        ]
      }
    },
    {
      "type": "Feature",
      "id": "way/407073086",
      "properties": {
        "role": "mapped_railway",
        "osm_way_id": "407073086",
        "electrified": "contact_line",
        "frequency": "50",
        "gauge": "1520",
        "name": "Астана–Тоболь",
        "passenger_lines": "2",
        "railway": "rail",
        "usage": "main",
        "voltage": "25000"
      },
      "geometry": {
        "type": "LineString",
        "coordinates": [
          [
            71.3774066,
            51.2061993
          ],
          [
            71.3775807,
            51.2061465
          ],
          [
            71.3786548,
            51.2058038
          ],
          [
            71.3787625,
            51.2057706
          ],
          [
            71.3788903,
            51.2057337
          ],
          [
            71.3793623,
            51.2055811
          ],
          [
            71.3814192,
            51.2049236
          ],
          [
            71.3943423,
            51.2008292
          ],
          [
            71.3950067,
            51.2006209
          ],
          [
            71.3963259,
            51.2001983
          ],
          [
            71.3970916,
            51.1999548
          ],
          [
            71.397374,
            51.1998698
          ],
          [
            71.3984343,
            51.1995313
          ],
          [
            71.3985096,
            51.1995073
          ],
          [
            71.3995302,
            51.1991844
          ],
          [
            71.400301,
            51.1989417
          ],
          [
            71.4027076,
            51.1981846
          ],
          [
            71.4035231,
            51.1979266
          ]
        ]
      }
    },
    {
      "type": "Feature",
      "id": "way/407073091",
      "properties": {
        "role": "mapped_railway",
        "osm_way_id": "407073091",
        "electrified": "contact_line",
        "frequency": "50",
        "gauge": "1520",
        "name": "Астана–Тоболь",
        "railway": "rail",
        "service": "crossover",
        "voltage": "25000"
      },
      "geometry": {
        "type": "LineString",
        "coordinates": [
          [
            71.4035231,
            51.1979266
          ],
          [
            71.4024662,
            51.1983145
          ]
        ]
      }
    },
    {
      "type": "Feature",
      "id": "way/409098483",
      "properties": {
        "role": "mapped_railway",
        "osm_way_id": "409098483",
        "electrified": "no",
        "gauge": "1520",
        "railway": "rail",
        "service": "spur",
        "usage": "industrial"
      },
      "geometry": {
        "type": "LineString",
        "coordinates": [
          [
            70.410545,
            52.6377558
          ],
          [
            70.4105259,
            52.6381146
          ],
          [
            70.4105477,
            52.6382695
          ],
          [
            70.4106027,
            52.6384827
          ],
          [
            70.4107369,
            52.6387814
          ],
          [
            70.4109327,
            52.6390841
          ],
          [
            70.4111338,
            52.6393242
          ],
          [
            70.4112921,
            52.6395082
          ],
          [
            70.4114483,
            52.6396733
          ],
          [
            70.4124467,
            52.6407858
          ],
          [
            70.4138415,
            52.6423287
          ],
          [
            70.4153274,
            52.6439986
          ],
          [
            70.4158371,
            52.6443729
          ],
          [
            70.4161965,
            52.6445389
          ],
          [
            70.4167651,
            52.6447439
          ],
          [
            70.417264,
            52.6448416
          ],
          [
            70.4177778,
            52.6448771
          ],
          [
            70.418294,
            52.6448709
          ],
          [
            70.4187499,
            52.6447993
          ],
          [
            70.4191684,
            52.6446886
          ],
          [
            70.4196351,
            52.6445259
          ],
          [
            70.420091,
            52.6443208
          ],
          [
            70.4203056,
            52.6442199
          ],
          [
            70.4206811,
            52.6440702
          ],
          [
            70.4211854,
            52.6438684
          ],
          [
            70.4218237,
            52.6436828
          ],
          [
            70.4224997,
            52.6435494
          ],
          [
            70.4233687,
            52.6433687
          ],
          [
            70.4241063,
            52.6432027
          ],
          [
            70.4244724,
            52.6431222
          ],
          [
            70.4248412,
            52.6430123
          ],
          [
            70.4252194,
            52.6428658
          ],
          [
            70.4255467,
            52.642677
          ],
          [
            70.4258953,
            52.6423711
          ],
          [
            70.4269468,
            52.6413652
          ]
        ]
      }
    },
    {
      "type": "Feature",
      "id": "way/409098485",
      "properties": {
        "role": "mapped_railway",
        "osm_way_id": "409098485",
        "electrified": "no",
        "gauge": "1520",
        "railway": "rail",
        "service": "spur",
        "usage": "industrial"
      },
      "geometry": {
        "type": "LineString",
        "coordinates": [
          [
            70.4112921,
            52.6395082
          ],
          [
            70.4114256,
            52.6397051
          ],
          [
            70.4115361,
            52.6398896
          ],
          [
            70.4116139,
            52.6400778
          ],
          [
            70.4117132,
            52.640475
          ],
          [
            70.4123622,
            52.6438488
          ]
        ]
      }
    },
    {
      "type": "Feature",
      "id": "way/414901011",
      "properties": {
        "role": "mapped_railway",
        "osm_way_id": "414901011",
        "electrified": "yes",
        "gauge": "1520",
        "railway": "rail",
        "service": "siding",
        "usage": "branch"
      },
      "geometry": {
        "type": "LineString",
        "coordinates": [
          [
            70.4105699,
            52.6329931
          ],
          [
            70.4104148,
            52.6334975
          ],
          [
            70.4103719,
            52.6337433
          ],
          [
            70.4101412,
            52.6348828
          ],
          [
            70.4099427,
            52.6360059
          ],
          [
            70.4098837,
            52.6363543
          ],
          [
            70.4098577,
            52.6366482
          ],
          [
            70.4098702,
            52.6368931
          ],
          [
            70.409944,
            52.6373912
          ]
        ]
      }
    },
    {
      "type": "Feature",
      "id": "way/414901012",
      "properties": {
        "role": "mapped_railway",
        "osm_way_id": "414901012",
        "gauge": "1520",
        "railway": "rail",
        "service": "yard"
      },
      "geometry": {
        "type": "LineString",
        "coordinates": [
          [
            70.4088361,
            52.6437025
          ],
          [
            70.4090741,
            52.6433762
          ],
          [
            70.4092064,
            52.64317
          ],
          [
            70.4092762,
            52.6430154
          ],
          [
            70.4093513,
            52.6426931
          ],
          [
            70.4094022,
            52.642519
          ],
          [
            70.4094773,
            52.6423578
          ],
          [
            70.4095497,
            52.6421951
          ],
          [
            70.4096758,
            52.6419656
          ],
          [
            70.4097885,
            52.6416857
          ],
          [
            70.4098689,
            52.6414985
          ]
        ]
      }
    },
    {
      "type": "Feature",
      "id": "way/414901014",
      "properties": {
        "role": "mapped_railway",
        "osm_way_id": "414901014",
        "electrified": "yes",
        "gauge": "1520",
        "railway": "rail",
        "service": "siding",
        "usage": "branch"
      },
      "geometry": {
        "type": "LineString",
        "coordinates": [
          [
            70.411142,
            52.6314954
          ],
          [
            70.4108882,
            52.6319445
          ],
          [
            70.4107795,
            52.6322049
          ],
          [
            70.4106481,
            52.6326168
          ],
          [
            70.4105699,
            52.6329931
          ],
          [
            70.4104523,
            52.6337498
          ],
          [
            70.4102323,
            52.6348877
          ],
          [
            70.4100339,
            52.6360239
          ],
          [
            70.4099615,
            52.636465
          ],
          [
            70.4099427,
            52.6367905
          ],
          [
            70.4099607,
            52.6370837
          ]
        ]
      }
    },
    {
      "type": "Feature",
      "id": "way/414901015",
      "properties": {
        "role": "mapped_railway",
        "osm_way_id": "414901015",
        "electrified": "yes",
        "gauge": "1520",
        "railway": "rail",
        "service": "siding",
        "usage": "branch"
      },
      "geometry": {
        "type": "LineString",
        "coordinates": [
          [
            70.409935,
            52.6377561
          ],
          [
            70.4099482,
            52.6374139
          ],
          [
            70.409944,
            52.6373912
          ],
          [
            70.4099607,
            52.6370837
          ],
          [
            70.4099789,
            52.6368304
          ],
          [
            70.4100486,
            52.63643
          ],
          [
            70.4101292,
            52.6360264
          ],
          [
            70.4103383,
            52.6348966
          ],
          [
            70.4105502,
            52.6337588
          ],
          [
            70.4106469,
            52.6331899
          ],
          [
            70.4107835,
            52.6326209
          ],
          [
            70.4108682,
            52.6323011
          ],
          [
            70.4109727,
            52.6319567
          ],
          [
            70.4111001,
            52.631649
          ],
          [
            70.411142,
            52.6314954
          ],
          [
            70.4112717,
            52.6312168
          ]
        ]
      }
    },
    {
      "type": "Feature",
      "id": "way/414901016",
      "properties": {
        "role": "mapped_railway",
        "osm_way_id": "414901016",
        "gauge": "1520",
        "railway": "rail",
        "service": "spur",
        "usage": "industrial"
      },
      "geometry": {
        "type": "LineString",
        "coordinates": [
          [
            70.4115949,
            52.6302189
          ],
          [
            70.4116326,
            52.6298803
          ],
          [
            70.4116378,
            52.629732
          ],
          [
            70.4116258,
            52.629483
          ],
          [
            70.4115614,
            52.6292681
          ],
          [
            70.4114434,
            52.6290532
          ],
          [
            70.4113063,
            52.6288643
          ],
          [
            70.4110035,
            52.6284915
          ],
          [
            70.4108467,
            52.6283398
          ],
          [
            70.4106226,
            52.6281757
          ],
          [
            70.4104203,
            52.6280191
          ],
          [
            70.4102203,
            52.6279038
          ],
          [
            70.4096222,
            52.6276205
          ],
          [
            70.4087826,
            52.627303
          ],
          [
            70.4078653,
            52.6269318
          ],
          [
            70.4062721,
            52.6263327
          ],
          [
            70.4058671,
            52.6262171
          ],
          [
            70.405336,
            52.6261194
          ],
          [
            70.4047218,
            52.6260135
          ],
          [
            70.4041397,
            52.625867
          ],
          [
            70.4031849,
            52.6254974
          ],
          [
            70.4021629,
            52.6250773
          ],
          [
            70.4015621,
            52.6248364
          ],
          [
            70.3925231,
            52.6212445
          ]
        ]
      }
    },
    {
      "type": "Feature",
      "id": "way/414901017",
      "properties": {
        "role": "mapped_railway",
        "osm_way_id": "414901017",
        "electrified": "yes",
        "gauge": "1520",
        "railway": "rail",
        "service": "siding",
        "usage": "branch"
      },
      "geometry": {
        "type": "LineString",
        "coordinates": [
          [
            70.4115158,
            52.6305992
          ],
          [
            70.4112717,
            52.6312168
          ],
          [
            70.4112154,
            52.6315114
          ],
          [
            70.4111537,
            52.6317459
          ],
          [
            70.4110719,
            52.6319639
          ],
          [
            70.4109552,
            52.6323059
          ],
          [
            70.4108882,
            52.6326233
          ],
          [
            70.4106803,
            52.6337693
          ],
          [
            70.410459,
            52.6349023
          ],
          [
            70.4102498,
            52.6360336
          ],
          [
            70.4100298,
            52.6372511
          ],
          [
            70.409995,
            52.6374213
          ],
          [
            70.409935,
            52.6377561
          ],
          [
            70.4099051,
            52.637908
          ],
          [
            70.4097396,
            52.6388114
          ]
        ]
      }
    },
    {
      "type": "Feature",
      "id": "way/414901022",
      "properties": {
        "role": "mapped_railway",
        "osm_way_id": "414901022",
        "electrified": "yes",
        "gauge": "1520",
        "railway": "rail",
        "service": "siding",
        "usage": "branch"
      },
      "geometry": {
        "type": "LineString",
        "coordinates": [
          [
            70.4120051,
            52.6293103
          ],
          [
            70.4119691,
            52.6298851
          ],
          [
            70.4118552,
            52.6306357
          ],
          [
            70.4117277,
            52.6312966
          ],
          [
            70.4116031,
            52.6319983
          ],
          [
            70.4114837,
            52.6326487
          ],
          [
            70.4114353,
            52.632944
          ],
          [
            70.4112838,
            52.633784
          ],
          [
            70.4111624,
            52.634366
          ],
          [
            70.4110692,
            52.6349341
          ],
          [
            70.4109232,
            52.6357241
          ],
          [
            70.41086,
            52.6360661
          ],
          [
            70.4106382,
            52.6372875
          ],
          [
            70.410545,
            52.6377558
          ],
          [
            70.4104912,
            52.6380715
          ],
          [
            70.4103463,
            52.6388919
          ],
          [
            70.4101908,
            52.6397472
          ],
          [
            70.410113,
            52.6401411
          ],
          [
            70.4100325,
            52.6405472
          ],
          [
            70.4099159,
            52.6409191
          ],
          [
            70.4098436,
            52.6411389
          ],
          [
            70.4097456,
            52.6414074
          ],
          [
            70.4096758,
            52.6415872
          ],
          [
            70.4095727,
            52.6417965
          ],
          [
            70.4094546,
            52.6420218
          ],
          [
            70.4092869,
            52.6423236
          ],
          [
            70.4091516,
            52.6425435
          ],
          [
            70.4090441,
            52.6426801
          ],
          [
            70.4087882,
            52.6430436
          ],
          [
            70.4086393,
            52.643245
          ],
          [
            70.4085372,
            52.6433783
          ],
          [
            70.4082328,
            52.6436948
          ],
          [
            70.4079068,
            52.6440497
          ]
        ]
      }
    },
    {
      "type": "Feature",
      "id": "way/414901024",
      "properties": {
        "role": "mapped_railway",
        "osm_way_id": "414901024",
        "electrified": "yes",
        "gauge": "1520",
        "railway": "rail",
        "service": "siding",
        "usage": "branch"
      },
      "geometry": {
        "type": "LineString",
        "coordinates": [
          [
            70.4087236,
            52.6425995
          ],
          [
            70.4087881,
            52.6424499
          ],
          [
            70.4088753,
            52.64224
          ],
          [
            70.4090012,
            52.6419453
          ],
          [
            70.4091133,
            52.6416956
          ],
          [
            70.4091971,
            52.6415034
          ],
          [
            70.4092676,
            52.6413407
          ],
          [
            70.4093673,
            52.6410648
          ],
          [
            70.4094339,
            52.6408582
          ],
          [
            70.4095256,
            52.6404885
          ],
          [
            70.4096082,
            52.6401078
          ],
          [
            70.4096892,
            52.6397138
          ],
          [
            70.4097536,
            52.639372
          ],
          [
            70.4098448,
            52.6388512
          ],
          [
            70.4098934,
            52.6386253
          ],
          [
            70.4099923,
            52.638052
          ],
          [
            70.4101345,
            52.637256
          ],
          [
            70.4103544,
            52.6360368
          ],
          [
            70.4105637,
            52.6349055
          ],
          [
            70.4107729,
            52.633775
          ],
          [
            70.4109927,
            52.6326282
          ],
          [
            70.4110732,
            52.6322977
          ],
          [
            70.4111821,
            52.6319692
          ],
          [
            70.4113361,
            52.6315326
          ]
        ]
      }
    },
    {
      "type": "Feature",
      "id": "way/414901025",
      "properties": {
        "role": "mapped_railway",
        "osm_way_id": "414901025",
        "electrified": "yes",
        "gauge": "1520",
        "railway": "rail",
        "service": "siding",
        "usage": "branch"
      },
      "geometry": {
        "type": "LineString",
        "coordinates": [
          [
            70.4081777,
            52.6435828
          ],
          [
            70.4084582,
            52.6431831
          ],
          [
            70.4085855,
            52.642982
          ],
          [
            70.4086926,
            52.6428214
          ],
          [
            70.4088255,
            52.6426223
          ],
          [
            70.4089169,
            52.6424792
          ],
          [
            70.4089679,
            52.6423857
          ],
          [
            70.4092186,
            52.6419792
          ],
          [
            70.4093326,
            52.6417423
          ],
          [
            70.4094252,
            52.6415397
          ],
          [
            70.4094989,
            52.6413729
          ],
          [
            70.4095995,
            52.641097
          ],
          [
            70.4096672,
            52.640885
          ],
          [
            70.4097309,
            52.6406812
          ],
          [
            70.4097772,
            52.6405221
          ],
          [
            70.4098543,
            52.6401221
          ],
          [
            70.4099274,
            52.6397335
          ],
          [
            70.4100823,
            52.6388664
          ],
          [
            70.4102218,
            52.6380558
          ],
          [
            70.4103693,
            52.6372696
          ],
          [
            70.4106,
            52.6360537
          ],
          [
            70.4108065,
            52.6349256
          ],
          [
            70.411017,
            52.6337812
          ],
          [
            70.4112209,
            52.6326381
          ],
          [
            70.4113349,
            52.6319869
          ],
          [
            70.4114663,
            52.6312629
          ],
          [
            70.4115924,
            52.6306211
          ],
          [
            70.4116128,
            52.6305059
          ],
          [
            70.4117237,
            52.6298802
          ],
          [
            70.4117634,
            52.6296551
          ],
          [
            70.4118001,
            52.6294471
          ],
          [
            70.4119235,
            52.6287992
          ],
          [
            70.412012,
            52.6283303
          ],
          [
            70.4125189,
            52.6255577
          ],
          [
            70.4131332,
            52.6221726
          ]
        ]
      }
    },
    {
      "type": "Feature",
      "id": "way/415095430",
      "properties": {
        "role": "mapped_railway",
        "osm_way_id": "415095430",
        "electrified": "contact_line",
        "frequency": "50",
        "gauge": "1520",
        "railway": "rail",
        "service": "crossover",
        "source": "bing",
        "voltage": "25000"
      },
      "geometry": {
        "type": "LineString",
        "coordinates": [
          [
            70.4123401,
            52.6274975
          ],
          [
            70.4123933,
            52.6267368
          ]
        ]
      }
    },
    {
      "type": "Feature",
      "id": "way/415095431",
      "properties": {
        "role": "mapped_railway",
        "osm_way_id": "415095431",
        "electrified": "yes",
        "gauge": "1520",
        "railway": "rail",
        "service": "siding",
        "usage": "branch"
      },
      "geometry": {
        "type": "LineString",
        "coordinates": [
          [
            70.4117237,
            52.6298802
          ],
          [
            70.4115949,
            52.6302189
          ]
        ]
      }
    },
    {
      "type": "Feature",
      "id": "way/415095432",
      "properties": {
        "role": "mapped_railway",
        "osm_way_id": "415095432",
        "electrified": "yes",
        "gauge": "1520",
        "railway": "rail",
        "service": "siding",
        "usage": "branch"
      },
      "geometry": {
        "type": "LineString",
        "coordinates": [
          [
            70.4115949,
            52.6302189
          ],
          [
            70.4115158,
            52.6305992
          ],
          [
            70.4113871,
            52.6312542
          ],
          [
            70.4113361,
            52.6315326
          ],
          [
            70.4112651,
            52.6319743
          ],
          [
            70.4111485,
            52.6326299
          ],
          [
            70.4109379,
            52.6337764
          ],
          [
            70.4107267,
            52.6349207
          ],
          [
            70.4105228,
            52.6360488
          ],
          [
            70.4102996,
            52.6372672
          ],
          [
            70.4101493,
            52.6380542
          ],
          [
            70.4100038,
            52.6388643
          ],
          [
            70.4098469,
            52.6397278
          ],
          [
            70.4097799,
            52.6401168
          ],
          [
            70.4097001,
            52.6405119
          ],
          [
            70.4095968,
            52.6408765
          ],
          [
            70.4095244,
            52.6410873
          ],
          [
            70.4094225,
            52.6413639
          ],
          [
            70.4093568,
            52.6415316
          ],
          [
            70.4092669,
            52.6417322
          ],
          [
            70.4091717,
            52.641971
          ],
          [
            70.4089679,
            52.6423857
          ]
        ]
      }
    },
    {
      "type": "Feature",
      "id": "way/415095435",
      "properties": {
        "role": "mapped_railway",
        "osm_way_id": "415095435",
        "electrified": "yes",
        "gauge": "1520",
        "railway": "rail",
        "service": "siding",
        "usage": "branch"
      },
      "geometry": {
        "type": "LineString",
        "coordinates": [
          [
            70.4099051,
            52.637908
          ],
          [
            70.4099011,
            52.638183
          ],
          [
            70.4098934,
            52.6386253
          ]
        ]
      }
    },
    {
      "type": "Feature",
      "id": "way/415095436",
      "properties": {
        "role": "mapped_railway",
        "osm_way_id": "415095436",
        "electrified": "yes",
        "gauge": "1520",
        "railway": "rail",
        "service": "siding",
        "usage": "branch"
      },
      "geometry": {
        "type": "LineString",
        "coordinates": [
          [
            70.4048827,
            52.6475778
          ],
          [
            70.4056981,
            52.6465868
          ],
          [
            70.4062882,
            52.6458479
          ],
          [
            70.4064761,
            52.645595
          ],
          [
            70.4066958,
            52.6453187
          ],
          [
            70.4070596,
            52.6448623
          ],
          [
            70.4074173,
            52.644412
          ],
          [
            70.4078157,
            52.6438918
          ],
          [
            70.4080291,
            52.6436347
          ],
          [
            70.4081604,
            52.6434669
          ],
          [
            70.4084057,
            52.6431138
          ],
          [
            70.4084984,
            52.6429593
          ],
          [
            70.4086593,
            52.6427167
          ],
          [
            70.4087236,
            52.6425995
          ],
          [
            70.408817,
            52.6424548
          ],
          [
            70.4089377,
            52.6422497
          ],
          [
            70.4090865,
            52.6419576
          ],
          [
            70.4092032,
            52.6417118
          ],
          [
            70.4092783,
            52.6415141
          ],
          [
            70.40934,
            52.6413489
          ],
          [
            70.4094366,
            52.6410746
          ],
          [
            70.409509,
            52.6408614
          ],
          [
            70.4096096,
            52.6405001
          ],
          [
            70.4097007,
            52.6401054
          ],
          [
            70.4097678,
            52.6397205
          ],
          [
            70.4099287,
            52.638857
          ],
          [
            70.410083,
            52.6380521
          ],
          [
            70.4102198,
            52.6372606
          ],
          [
            70.4104424,
            52.6360455
          ],
          [
            70.4106449,
            52.634911
          ],
          [
            70.4108507,
            52.6337743
          ],
          [
            70.4110613,
            52.6326275
          ],
          [
            70.4111821,
            52.6319692
          ]
        ]
      }
    },
    {
      "type": "Feature",
      "id": "way/415742890",
      "properties": {
        "role": "mapped_railway",
        "osm_way_id": "415742890",
        "electrified": "contact_line",
        "frequency": "50",
        "gauge": "1520",
        "railway": "rail",
        "source": "bing",
        "usage": "main",
        "voltage": "25000"
      },
      "geometry": {
        "type": "LineString",
        "coordinates": [
          [
            69.4291927,
            53.28539
          ],
          [
            69.430056,
            53.2849221
          ],
          [
            69.4316159,
            53.2841232
          ],
          [
            69.4324645,
            53.2836594
          ],
          [
            69.4328408,
            53.283447
          ],
          [
            69.4356188,
            53.2819188
          ],
          [
            69.4358988,
            53.2817634
          ],
          [
            69.4367695,
            53.2812879
          ],
          [
            69.4371576,
            53.2810809
          ]
        ]
      }
    },
    {
      "type": "Feature",
      "id": "way/415742918",
      "properties": {
        "role": "mapped_railway",
        "osm_way_id": "415742918",
        "electrified": "contact_line",
        "frequency": "50",
        "gauge": "1520",
        "name": "Kurort Borowoe - Astana",
        "railway": "rail",
        "source": "bing",
        "usage": "main",
        "voltage": "25000"
      },
      "geometry": {
        "type": "LineString",
        "coordinates": [
          [
            71.3764219,
            51.206568
          ],
          [
            71.3774066,
            51.2061993
          ]
        ]
      }
    },
    {
      "type": "Feature",
      "id": "way/421381202",
      "properties": {
        "role": "mapped_railway",
        "osm_way_id": "421381202",
        "electrified": "contact_line",
        "frequency": "50",
        "gauge": "1520",
        "railway": "rail",
        "service": "crossover",
        "source": "bing",
        "voltage": "25000"
      },
      "geometry": {
        "type": "LineString",
        "coordinates": [
          [
            70.4068675,
            52.6452437
          ],
          [
            70.4074428,
            52.6446199
          ]
        ]
      }
    },
    {
      "type": "Feature",
      "id": "way/421381208",
      "properties": {
        "role": "mapped_railway",
        "osm_way_id": "421381208",
        "electrified": "contact_line",
        "frequency": "50",
        "gauge": "1520",
        "passenger_lines": "2",
        "railway": "rail",
        "usage": "main",
        "voltage": "25000"
      },
      "geometry": {
        "type": "LineString",
        "coordinates": [
          [
            70.1702363,
            52.9225388
          ],
          [
            70.1701545,
            52.9225505
          ]
        ]
      }
    },
    {
      "type": "Feature",
      "id": "way/421381215",
      "properties": {
        "role": "mapped_railway",
        "osm_way_id": "421381215",
        "electrified": "yes",
        "gauge": "1520",
        "railway": "rail",
        "service": "siding"
      },
      "geometry": {
        "type": "LineString",
        "coordinates": [
          [
            70.1882847,
            52.9203913
          ],
          [
            70.1870688,
            52.9204824
          ]
        ]
      }
    },
    {
      "type": "Feature",
      "id": "way/421381220",
      "properties": {
        "role": "mapped_railway",
        "osm_way_id": "421381220",
        "electrified": "contact_line",
        "frequency": "50",
        "gauge": "1520",
        "railway": "rail",
        "service": "crossover",
        "voltage": "25000"
      },
      "geometry": {
        "type": "LineString",
        "coordinates": [
          [
            69.4301361,
            53.2849437
          ],
          [
            69.4294699,
            53.2852479
          ],
          [
            69.4291927,
            53.28539
          ]
        ]
      }
    },
    {
      "type": "Feature",
      "id": "way/421381225",
      "properties": {
        "role": "mapped_railway",
        "osm_way_id": "421381225",
        "electrified": "yes",
        "gauge": "1520",
        "railway": "rail",
        "service": "crossover"
      },
      "geometry": {
        "type": "LineString",
        "coordinates": [
          [
            70.1912391,
            52.9202765
          ],
          [
            70.1924452,
            52.9203033
          ]
        ]
      }
    },
    {
      "type": "Feature",
      "id": "way/421381228",
      "properties": {
        "role": "mapped_railway",
        "osm_way_id": "421381228",
        "electrified": "contact_line",
        "frequency": "50",
        "gauge": "1520",
        "railway": "rail",
        "source": "bing",
        "usage": "main",
        "voltage": "25000"
      },
      "geometry": {
        "type": "LineString",
        "coordinates": [
          [
            69.4289832,
            53.2855041
          ],
          [
            69.4291927,
            53.28539
          ]
        ]
      }
    },
    {
      "type": "Feature",
      "id": "way/421381243",
      "properties": {
        "role": "mapped_railway",
        "osm_way_id": "421381243",
        "electrified": "contact_line",
        "frequency": "50",
        "gauge": "1520",
        "name": "Kurort Borowoe - Astana",
        "passenger_lines": "2",
        "railway": "rail",
        "usage": "main",
        "voltage": "25000"
      },
      "geometry": {
        "type": "LineString",
        "coordinates": [
          [
            70.1924452,
            52.9203033
          ],
          [
            70.1910602,
            52.9203303
          ],
          [
            70.1884725,
            52.9203866
          ]
        ]
      }
    },
    {
      "type": "Feature",
      "id": "way/421381246",
      "properties": {
        "role": "mapped_railway",
        "osm_way_id": "421381246",
        "electrified": "contact_line",
        "frequency": "50",
        "gauge": "1520",
        "railway": "rail",
        "service": "siding",
        "source": "bing",
        "voltage": "25000"
      },
      "geometry": {
        "type": "LineString",
        "coordinates": [
          [
            69.4230293,
            53.2887321
          ],
          [
            69.4280222,
            53.2859631
          ],
          [
            69.4289832,
            53.2855041
          ]
        ]
      }
    },
    {
      "type": "Feature",
      "id": "way/421381250",
      "properties": {
        "role": "mapped_railway",
        "osm_way_id": "421381250",
        "electrified": "contact_line",
        "frequency": "50",
        "gauge": "1520",
        "railway": "rail",
        "service": "crossover",
        "voltage": "25000"
      },
      "geometry": {
        "type": "LineString",
        "coordinates": [
          [
            69.420918,
            53.2900239
          ],
          [
            69.4217472,
            53.2894882
          ]
        ]
      }
    },
    {
      "type": "Feature",
      "id": "way/421381265",
      "properties": {
        "role": "mapped_railway",
        "osm_way_id": "421381265",
        "electrified": "contact_line",
        "frequency": "50",
        "gauge": "1520",
        "railway": "rail",
        "service": "siding",
        "source": "bing",
        "voltage": "25000"
      },
      "geometry": {
        "type": "LineString",
        "coordinates": [
          [
            69.4220375,
            53.2893268
          ],
          [
            69.4225871,
            53.288992
          ],
          [
            69.4227938,
            53.288866
          ],
          [
            69.4230293,
            53.2887321
          ]
        ]
      }
    },
    {
      "type": "Feature",
      "id": "way/421381270",
      "properties": {
        "role": "mapped_railway",
        "osm_way_id": "421381270",
        "electrified": "contact_line",
        "frequency": "50",
        "gauge": "1520",
        "railway": "rail",
        "source": "bing",
        "usage": "main",
        "voltage": "25000"
      },
      "geometry": {
        "type": "LineString",
        "coordinates": [
          [
            69.4301361,
            53.2849437
          ],
          [
            69.4297861,
            53.2851196
          ],
          [
            69.4231213,
            53.2887933
          ],
          [
            69.420918,
            53.2900239
          ]
        ]
      }
    },
    {
      "type": "Feature",
      "id": "way/421381278",
      "properties": {
        "role": "mapped_railway",
        "osm_way_id": "421381278",
        "electrified": "yes",
        "gauge": "1520",
        "railway": "rail",
        "service": "siding"
      },
      "geometry": {
        "type": "LineString",
        "coordinates": [
          [
            70.1870688,
            52.9204824
          ],
          [
            70.1863182,
            52.9205383
          ],
          [
            70.1857384,
            52.9205892
          ],
          [
            70.1816856,
            52.9211115
          ],
          [
            70.1795771,
            52.9213838
          ],
          [
            70.1782296,
            52.9215673
          ],
          [
            70.171572,
            52.9224221
          ],
          [
            70.1702363,
            52.9225388
          ]
        ]
      }
    },
    {
      "type": "Feature",
      "id": "way/421381284",
      "properties": {
        "role": "mapped_railway",
        "osm_way_id": "421381284",
        "electrified": "contact_line",
        "frequency": "50",
        "gauge": "1520",
        "maxspeed": "230",
        "name": "Трансказахстанская железнодорожная магистраль",
        "passenger_lines": "2",
        "railway": "rail",
        "source": "bing",
        "usage": "main",
        "voltage": "25000"
      },
      "geometry": {
        "type": "LineString",
        "coordinates": [
          [
            70.4074428,
            52.6446199
          ],
          [
            70.4066236,
            52.6456471
          ],
          [
            70.4060119,
            52.6464181
          ],
          [
            70.4051916,
            52.6474496
          ],
          [
            70.4044131,
            52.648449
          ],
          [
            70.402654,
            52.6506598
          ],
          [
            70.4005134,
            52.6533498
          ],
          [
            70.3969081,
            52.65788
          ],
          [
            70.3933056,
            52.6623988
          ],
          [
            70.3833038,
            52.67495
          ],
          [
            70.382823,
            52.675549
          ],
          [
            70.3823311,
            52.6761539
          ],
          [
            70.381383,
            52.677363
          ]
        ]
      }
    },
    {
      "type": "Feature",
      "id": "way/421381294",
      "properties": {
        "role": "mapped_railway",
        "osm_way_id": "421381294",
        "electrified": "contact_line",
        "frequency": "50",
        "gauge": "1520",
        "maxspeed": "230",
        "name": "Kurort Borowoe - Astana",
        "passenger_lines": "2",
        "railway": "rail",
        "source": "bing",
        "usage": "main",
        "voltage": "25000"
      },
      "geometry": {
        "type": "LineString",
        "coordinates": [
          [
            70.3812457,
            52.6773222
          ],
          [
            70.3822625,
            52.6761114
          ],
          [
            70.3827657,
            52.6755173
          ],
          [
            70.3832525,
            52.67493
          ],
          [
            70.3932419,
            52.6623883
          ],
          [
            70.3968458,
            52.6578654
          ],
          [
            70.4004598,
            52.6533308
          ],
          [
            70.4043468,
            52.6484378
          ],
          [
            70.405139,
            52.6474348
          ],
          [
            70.4059237,
            52.6464283
          ],
          [
            70.4064466,
            52.645763
          ],
          [
            70.4065563,
            52.6456221
          ],
          [
            70.4065674,
            52.6456087
          ],
          [
            70.4068675,
            52.6452437
          ]
        ]
      }
    },
    {
      "type": "Feature",
      "id": "way/421381304",
      "properties": {
        "role": "mapped_railway",
        "osm_way_id": "421381304",
        "electrified": "contact_line",
        "frequency": "50",
        "gauge": "1520",
        "name": "Kurort Borowoe - Astana",
        "passenger_lines": "2",
        "railway": "rail",
        "source": "bing",
        "usage": "main",
        "voltage": "25000"
      },
      "geometry": {
        "type": "LineString",
        "coordinates": [
          [
            70.4079068,
            52.6440497
          ],
          [
            70.4076413,
            52.6443689
          ],
          [
            70.4075733,
            52.6444506
          ],
          [
            70.4074428,
            52.6446199
          ]
        ]
      }
    },
    {
      "type": "Feature",
      "id": "way/421381311",
      "properties": {
        "role": "mapped_railway",
        "osm_way_id": "421381311",
        "electrified": "contact_line",
        "frequency": "50",
        "gauge": "1520",
        "name": "Трансказахстанская железнодорожная магистраль",
        "passenger_lines": "2",
        "railway": "rail",
        "source": "bing",
        "usage": "main",
        "voltage": "25000"
      },
      "geometry": {
        "type": "LineString",
        "coordinates": [
          [
            70.4120051,
            52.6293103
          ],
          [
            70.4118914,
            52.6298837
          ],
          [
            70.4117587,
            52.6306292
          ],
          [
            70.4116407,
            52.6312885
          ],
          [
            70.4115132,
            52.6319942
          ],
          [
            70.4113962,
            52.6326422
          ],
          [
            70.4111927,
            52.63378
          ],
          [
            70.4109602,
            52.6349305
          ],
          [
            70.4108198,
            52.6357187
          ],
          [
            70.4107616,
            52.6360634
          ],
          [
            70.4105461,
            52.6372821
          ],
          [
            70.4104115,
            52.638066
          ],
          [
            70.4102597,
            52.6388841
          ],
          [
            70.4100974,
            52.6397435
          ],
          [
            70.4100213,
            52.6401363
          ],
          [
            70.4099435,
            52.6405351
          ],
          [
            70.4098335,
            52.6409078
          ],
          [
            70.4097641,
            52.6411204
          ],
          [
            70.4096531,
            52.6413945
          ],
          [
            70.4095848,
            52.6415676
          ],
          [
            70.4094775,
            52.6417761
          ],
          [
            70.4093625,
            52.6420074
          ],
          [
            70.4091864,
            52.642301
          ],
          [
            70.4090594,
            52.6425177
          ],
          [
            70.4089615,
            52.6426609
          ],
          [
            70.4087103,
            52.6430172
          ],
          [
            70.4085564,
            52.6432113
          ],
          [
            70.4083985,
            52.6434102
          ],
          [
            70.4081828,
            52.6436822
          ],
          [
            70.4079068,
            52.6440497
          ]
        ]
      }
    },
    {
      "type": "Feature",
      "id": "way/421381324",
      "properties": {
        "role": "mapped_railway",
        "osm_way_id": "421381324",
        "electrified": "contact_line",
        "frequency": "50",
        "gauge": "1520",
        "name": "Трансказахстанская железнодорожная магистраль",
        "passenger_lines": "2",
        "railway": "rail",
        "source": "bing",
        "usage": "main",
        "voltage": "25000"
      },
      "geometry": {
        "type": "LineString",
        "coordinates": [
          [
            70.4068675,
            52.6452437
          ],
          [
            70.4075007,
            52.6444333
          ],
          [
            70.4079084,
            52.6439269
          ],
          [
            70.4080945,
            52.643687
          ],
          [
            70.408116,
            52.6436593
          ],
          [
            70.4081777,
            52.6435828
          ],
          [
            70.4084917,
            52.6431896
          ],
          [
            70.4086411,
            52.6429957
          ],
          [
            70.4088847,
            52.6426395
          ],
          [
            70.4089799,
            52.6425004
          ],
          [
            70.4091174,
            52.6422886
          ],
          [
            70.4092857,
            52.6419975
          ],
          [
            70.4094087,
            52.6417618
          ],
          [
            70.4095016,
            52.6415556
          ],
          [
            70.40957,
            52.6413814
          ],
          [
            70.4096804,
            52.6411065
          ],
          [
            70.409749,
            52.6408964
          ],
          [
            70.409859,
            52.6405221
          ],
          [
            70.4099394,
            52.640131
          ],
          [
            70.4100112,
            52.63974
          ],
          [
            70.41017,
            52.6388759
          ],
          [
            70.4103191,
            52.6380587
          ],
          [
            70.410463,
            52.6372745
          ],
          [
            70.4106841,
            52.6360537
          ],
          [
            70.4108851,
            52.6349292
          ],
          [
            70.4111069,
            52.6337833
          ],
          [
            70.4112768,
            52.6328212
          ],
          [
            70.4113089,
            52.6326397
          ],
          [
            70.4114234,
            52.6319877
          ],
          [
            70.4115525,
            52.63127
          ],
          [
            70.4116721,
            52.6306228
          ],
          [
            70.4118089,
            52.6298825
          ],
          [
            70.4118355,
            52.6297481
          ],
          [
            70.4118473,
            52.6296883
          ],
          [
            70.411991,
            52.6289012
          ],
          [
            70.4120115,
            52.6287892
          ],
          [
            70.4123933,
            52.6267368
          ]
        ]
      }
    },
    {
      "type": "Feature",
      "id": "way/421381331",
      "properties": {
        "role": "mapped_railway",
        "osm_way_id": "421381331",
        "electrified": "contact_line",
        "frequency": "50",
        "gauge": "1520",
        "name": "Kurort Borowoe - Astana",
        "passenger_lines": "2",
        "railway": "rail",
        "source": "bing",
        "usage": "main",
        "voltage": "25000"
      },
      "geometry": {
        "type": "LineString",
        "coordinates": [
          [
            70.4123401,
            52.6274975
          ],
          [
            70.4122612,
            52.6279175
          ],
          [
            70.4122369,
            52.628042
          ],
          [
            70.4120697,
            52.6289561
          ],
          [
            70.4120051,
            52.6293103
          ]
        ]
      }
    },
    {
      "type": "Feature",
      "id": "way/421381335",
      "properties": {
        "role": "mapped_railway",
        "osm_way_id": "421381335",
        "electrified": "contact_line",
        "frequency": "50",
        "gauge": "1520",
        "name": "Трансказахстанская железнодорожная магистраль",
        "passenger_lines": "2",
        "railway": "rail",
        "service": "yard",
        "voltage": "25000"
      },
      "geometry": {
        "type": "LineString",
        "coordinates": [
          [
            70.1705394,
            52.9223812
          ],
          [
            70.1711877,
            52.9222553
          ],
          [
            70.1860437,
            52.9203403
          ],
          [
            70.1867997,
            52.9202945
          ],
          [
            70.1877189,
            52.9203113
          ]
        ]
      }
    },
    {
      "type": "Feature",
      "id": "way/421381338",
      "properties": {
        "role": "mapped_railway",
        "osm_way_id": "421381338",
        "electrified": "contact_line",
        "frequency": "50",
        "gauge": "1520",
        "maxspeed": "230",
        "name": "Трансказахстанская железнодорожная магистраль",
        "passenger_lines": "2",
        "railway": "rail",
        "usage": "main",
        "voltage": "25000"
      },
      "geometry": {
        "type": "LineString",
        "coordinates": [
          [
            70.1689693,
            52.9226539
          ],
          [
            70.169538,
            52.9225793
          ],
          [
            70.1726156,
            52.9221689
          ],
          [
            70.1784696,
            52.9214131
          ],
          [
            70.1816499,
            52.9210025
          ],
          [
            70.1857075,
            52.9204787
          ],
          [
            70.1862793,
            52.9204178
          ],
          [
            70.1868141,
            52.9203783
          ],
          [
            70.1890822,
            52.9203271
          ],
          [
            70.1896729,
            52.9203184
          ]
        ]
      }
    },
    {
      "type": "Feature",
      "id": "way/421603229",
      "properties": {
        "role": "mapped_railway",
        "osm_way_id": "421603229",
        "electrified": "no",
        "gauge": "1520",
        "railway": "rail",
        "service": "spur",
        "source": "bing"
      },
      "geometry": {
        "type": "LineString",
        "coordinates": [
          [
            70.9380918,
            52.0173086
          ],
          [
            70.9378456,
            52.0178368
          ],
          [
            70.9372474,
            52.0190666
          ],
          [
            70.9369818,
            52.0195387
          ],
          [
            70.9368451,
            52.0197978
          ],
          [
            70.936086,
            52.0207551
          ],
          [
            70.9352492,
            52.021516
          ],
          [
            70.9348442,
            52.02179
          ],
          [
            70.9344418,
            52.0220079
          ],
          [
            70.933267,
            52.0225724
          ],
          [
            70.932449,
            52.0229025
          ]
        ]
      }
    },
    {
      "type": "Feature",
      "id": "way/421603230",
      "properties": {
        "role": "mapped_railway",
        "osm_way_id": "421603230",
        "electrified": "no",
        "gauge": "1520",
        "railway": "rail",
        "service": "spur",
        "source": "bing"
      },
      "geometry": {
        "type": "LineString",
        "coordinates": [
          [
            70.9372249,
            52.0188786
          ],
          [
            70.9369818,
            52.0195387
          ]
        ]
      }
    },
    {
      "type": "Feature",
      "id": "way/421603231",
      "properties": {
        "role": "mapped_railway",
        "osm_way_id": "421603231",
        "electrified": "contact_line",
        "frequency": "50",
        "gauge": "1520",
        "railway": "rail",
        "service": "crossover",
        "source": "bing",
        "voltage": "25000"
      },
      "geometry": {
        "type": "LineString",
        "coordinates": [
          [
            70.9376594,
            52.0178236
          ],
          [
            70.938156,
            52.0170365
          ]
        ]
      }
    },
    {
      "type": "Feature",
      "id": "way/421603233",
      "properties": {
        "role": "mapped_railway",
        "osm_way_id": "421603233",
        "electrified": "no",
        "gauge": "1520",
        "railway": "rail",
        "service": "spur",
        "source": "bing"
      },
      "geometry": {
        "type": "LineString",
        "coordinates": [
          [
            70.9398223,
            52.0155159
          ],
          [
            70.9392805,
            52.0160343
          ]
        ]
      }
    },
    {
      "type": "Feature",
      "id": "way/421603235",
      "properties": {
        "role": "mapped_railway",
        "osm_way_id": "421603235",
        "gauge": "1520",
        "railway": "rail",
        "service": "yard",
        "source": "bing"
      },
      "geometry": {
        "type": "LineString",
        "coordinates": [
          [
            70.9387308,
            52.0160814
          ],
          [
            70.9383519,
            52.0168031
          ]
        ]
      }
    },
    {
      "type": "Feature",
      "id": "way/421603245",
      "properties": {
        "role": "mapped_railway",
        "osm_way_id": "421603245",
        "electrified": "no",
        "gauge": "1520",
        "railway": "rail",
        "service": "spur",
        "source": "bing"
      },
      "geometry": {
        "type": "LineString",
        "coordinates": [
          [
            70.938152,
            52.0173858
          ],
          [
            70.9378456,
            52.0178368
          ]
        ]
      }
    },
    {
      "type": "Feature",
      "id": "way/421603253",
      "properties": {
        "role": "mapped_railway",
        "osm_way_id": "421603253",
        "gauge": "1520",
        "railway": "rail",
        "service": "yard",
        "source": "bing"
      },
      "geometry": {
        "type": "LineString",
        "coordinates": [
          [
            70.9387502,
            52.0162229
          ],
          [
            70.9383519,
            52.0168031
          ],
          [
            70.9381563,
            52.0171961
          ]
        ]
      }
    },
    {
      "type": "Feature",
      "id": "way/421603255",
      "properties": {
        "role": "mapped_railway",
        "osm_way_id": "421603255",
        "electrified": "no",
        "gauge": "1520",
        "railway": "rail",
        "service": "spur",
        "source": "bing"
      },
      "geometry": {
        "type": "LineString",
        "coordinates": [
          [
            70.9388594,
            52.0178368
          ],
          [
            70.9383445,
            52.0183518
          ],
          [
            70.9381567,
            52.0186027
          ],
          [
            70.938028,
            52.0189857
          ]
        ]
      }
    },
    {
      "type": "Feature",
      "id": "way/421603257",
      "properties": {
        "role": "mapped_railway",
        "osm_way_id": "421603257",
        "electrified": "no",
        "gauge": "1520",
        "railway": "rail",
        "service": "spur",
        "source": "bing"
      },
      "geometry": {
        "type": "LineString",
        "coordinates": [
          [
            70.9395675,
            52.0162357
          ],
          [
            70.9390043,
            52.016754
          ],
          [
            70.9385644,
            52.0173845
          ],
          [
            70.9381942,
            52.0181802
          ]
        ]
      }
    },
    {
      "type": "Feature",
      "id": "way/421603258",
      "properties": {
        "role": "mapped_railway",
        "osm_way_id": "421603258",
        "electrified": "contact_line",
        "frequency": "50",
        "gauge": "1520",
        "railway": "rail",
        "service": "siding",
        "source": "bing",
        "voltage": "25000"
      },
      "geometry": {
        "type": "LineString",
        "coordinates": [
          [
            70.9421579,
            52.005103
          ],
          [
            70.9420305,
            52.0057709
          ],
          [
            70.9391123,
            52.0153315
          ],
          [
            70.9388682,
            52.0158037
          ]
        ]
      }
    },
    {
      "type": "Feature",
      "id": "way/421603259",
      "properties": {
        "role": "mapped_railway",
        "osm_way_id": "421603259",
        "electrified": "no",
        "gauge": "1520",
        "railway": "rail",
        "service": "spur",
        "source": "bing"
      },
      "geometry": {
        "type": "LineString",
        "coordinates": [
          [
            70.9393637,
            52.0163182
          ],
          [
            70.9389292,
            52.0167309
          ],
          [
            70.9387468,
            52.0170148
          ],
          [
            70.9385644,
            52.0173845
          ]
        ]
      }
    },
    {
      "type": "Feature",
      "id": "way/421603260",
      "properties": {
        "role": "mapped_railway",
        "osm_way_id": "421603260",
        "gauge": "1520",
        "railway": "rail",
        "service": "yard",
        "source": "bing"
      },
      "geometry": {
        "type": "LineString",
        "coordinates": [
          [
            70.9423287,
            52.0052087
          ],
          [
            70.942229,
            52.0059178
          ],
          [
            70.9394288,
            52.0151334
          ],
          [
            70.9391796,
            52.0157144
          ]
        ]
      }
    },
    {
      "type": "Feature",
      "id": "way/421603261",
      "properties": {
        "role": "mapped_railway",
        "osm_way_id": "421603261",
        "gauge": "1520",
        "railway": "rail",
        "service": "siding",
        "source": "bing"
      },
      "geometry": {
        "type": "LineString",
        "coordinates": [
          [
            70.9373033,
            52.0187209
          ],
          [
            70.9374373,
            52.0183772
          ],
          [
            70.9376212,
            52.0179057
          ]
        ]
      }
    },
    {
      "type": "Feature",
      "id": "way/421603262",
      "properties": {
        "role": "mapped_railway",
        "osm_way_id": "421603262",
        "electrified": "no",
        "gauge": "1520",
        "railway": "rail",
        "service": "spur",
        "source": "bing"
      },
      "geometry": {
        "type": "LineString",
        "coordinates": [
          [
            70.9386176,
            52.0165138
          ],
          [
            70.9384149,
            52.0169005
          ],
          [
            70.938152,
            52.0173858
          ],
          [
            70.9372455,
            52.0192907
          ],
          [
            70.9369236,
            52.0198239
          ]
        ]
      }
    },
    {
      "type": "Feature",
      "id": "way/421603263",
      "properties": {
        "role": "mapped_railway",
        "osm_way_id": "421603263",
        "gauge": "1520",
        "railway": "rail",
        "service": "yard",
        "source": "bing"
      },
      "geometry": {
        "type": "LineString",
        "coordinates": [
          [
            70.9423216,
            52.0047364
          ],
          [
            70.9422545,
            52.0053085
          ],
          [
            70.9394568,
            52.0145735
          ],
          [
            70.9392947,
            52.0151103
          ],
          [
            70.9390425,
            52.0156749
          ],
          [
            70.9387502,
            52.0162229
          ]
        ]
      }
    },
    {
      "type": "Feature",
      "id": "way/421603264",
      "properties": {
        "role": "mapped_railway",
        "osm_way_id": "421603264",
        "gauge": "1520",
        "railway": "rail",
        "service": "yard",
        "source": "bing"
      },
      "geometry": {
        "type": "LineString",
        "coordinates": [
          [
            70.9422545,
            52.0053085
          ],
          [
            70.9421539,
            52.005898
          ],
          [
            70.9393644,
            52.0151202
          ],
          [
            70.9391123,
            52.0156914
          ],
          [
            70.9387502,
            52.0162229
          ]
        ]
      }
    },
    {
      "type": "Feature",
      "id": "way/421603265",
      "properties": {
        "role": "mapped_railway",
        "osm_way_id": "421603265",
        "electrified": "contact_line",
        "frequency": "50",
        "gauge": "1520",
        "railway": "rail",
        "service": "siding",
        "source": "bing",
        "voltage": "25000"
      },
      "geometry": {
        "type": "LineString",
        "coordinates": [
          [
            70.9423337,
            52.0042307
          ],
          [
            70.9421901,
            52.0049784
          ],
          [
            70.9421579,
            52.005103
          ],
          [
            70.939041,
            52.0153265
          ],
          [
            70.9388682,
            52.0158037
          ],
          [
            70.9387308,
            52.0160814
          ],
          [
            70.938293,
            52.016768
          ]
        ]
      }
    },
    {
      "type": "Feature",
      "id": "way/421603266",
      "properties": {
        "role": "mapped_railway",
        "osm_way_id": "421603266",
        "electrified": "no",
        "gauge": "1520",
        "railway": "rail",
        "service": "spur",
        "source": "bing"
      },
      "geometry": {
        "type": "LineString",
        "coordinates": [
          [
            70.9384149,
            52.0169005
          ],
          [
            70.9383069,
            52.0172921
          ],
          [
            70.9382533,
            52.0179227
          ],
          [
            70.9381942,
            52.0181802
          ],
          [
            70.9381352,
            52.0183882
          ],
          [
            70.938028,
            52.0189857
          ],
          [
            70.9379797,
            52.0195073
          ],
          [
            70.9378992,
            52.0201675
          ]
        ]
      }
    },
    {
      "type": "Feature",
      "id": "way/421603267",
      "properties": {
        "role": "mapped_railway",
        "osm_way_id": "421603267",
        "electrified": "no",
        "gauge": "1520",
        "railway": "rail",
        "service": "spur",
        "source": "bing"
      },
      "geometry": {
        "type": "LineString",
        "coordinates": [
          [
            70.9425153,
            52.0122176
          ],
          [
            70.9412707,
            52.0130661
          ],
          [
            70.9404875,
            52.0136901
          ],
          [
            70.940171,
            52.0141854
          ],
          [
            70.9392805,
            52.0160343
          ],
          [
            70.9388299,
            52.0166979
          ],
          [
            70.9386529,
            52.0169884
          ],
          [
            70.9384812,
            52.0173647
          ],
          [
            70.9382533,
            52.0179227
          ]
        ]
      }
    },
    {
      "type": "Feature",
      "id": "way/421653579",
      "properties": {
        "role": "mapped_railway",
        "osm_way_id": "421653579",
        "gauge": "1520",
        "railway": "rail",
        "service": "yard"
      },
      "geometry": {
        "type": "LineString",
        "coordinates": [
          [
            70.1672771,
            52.9228766
          ],
          [
            70.167856,
            52.9227739
          ],
          [
            70.1683889,
            52.9226407
          ],
          [
            70.1689495,
            52.9225073
          ],
          [
            70.1691037,
            52.9224699
          ],
          [
            70.1696724,
            52.9223171
          ],
          [
            70.1707292,
            52.9220754
          ],
          [
            70.171845,
            52.9218619
          ],
          [
            70.1851916,
            52.920138
          ],
          [
            70.185653,
            52.920096
          ],
          [
            70.1863343,
            52.9200927
          ],
          [
            70.1879663,
            52.9201624
          ]
        ]
      }
    },
    {
      "type": "Feature",
      "id": "way/421653580",
      "properties": {
        "role": "mapped_railway",
        "osm_way_id": "421653580",
        "gauge": "1520",
        "railway": "rail",
        "service": "yard"
      },
      "geometry": {
        "type": "LineString",
        "coordinates": [
          [
            70.1653004,
            52.9215668
          ],
          [
            70.1664135,
            52.9215458
          ],
          [
            70.1670465,
            52.9215312
          ],
          [
            70.167768,
            52.9214633
          ],
          [
            70.1689053,
            52.9211269
          ],
          [
            70.1715446,
            52.919893
          ],
          [
            70.1720703,
            52.9196133
          ],
          [
            70.172313,
            52.9194278
          ],
          [
            70.1725155,
            52.9192235
          ],
          [
            70.1727314,
            52.9188861
          ],
          [
            70.1728374,
            52.9185362
          ],
          [
            70.1728306,
            52.9182554
          ],
          [
            70.172765,
            52.9180025
          ]
        ]
      }
    },
    {
      "type": "Feature",
      "id": "way/421653581",
      "properties": {
        "role": "mapped_railway",
        "osm_way_id": "421653581",
        "gauge": "1520",
        "railway": "rail",
        "service": "spur"
      },
      "geometry": {
        "type": "LineString",
        "coordinates": [
          [
            70.17273,
            52.922402
          ],
          [
            70.172372,
            52.9224611
          ],
          [
            70.1719991,
            52.9225354
          ],
          [
            70.1716156,
            52.9226511
          ],
          [
            70.1711141,
            52.9228136
          ],
          [
            70.1708284,
            52.9229308
          ],
          [
            70.1699727,
            52.9233593
          ],
          [
            70.169667,
            52.9235543
          ],
          [
            70.1694175,
            52.9237134
          ],
          [
            70.1688864,
            52.9241323
          ],
          [
            70.1685243,
            52.9244767
          ],
          [
            70.1681461,
            52.9247516
          ],
          [
            70.1677841,
            52.9249391
          ],
          [
            70.1654774,
            52.9261842
          ],
          [
            70.164949,
            52.9265432
          ],
          [
            70.1647827,
            52.926658
          ]
        ]
      }
    },
    {
      "type": "Feature",
      "id": "way/421653582",
      "properties": {
        "role": "mapped_railway",
        "osm_way_id": "421653582",
        "gauge": "1520",
        "railway": "rail",
        "service": "spur"
      },
      "geometry": {
        "type": "LineString",
        "coordinates": [
          [
            70.1767406,
            52.9218318
          ],
          [
            70.176056,
            52.9220155
          ],
          [
            70.1756322,
            52.9220899
          ],
          [
            70.1723921,
            52.9224893
          ],
          [
            70.1719951,
            52.9225686
          ],
          [
            70.1716384,
            52.9226818
          ],
          [
            70.1711475,
            52.9228499
          ],
          [
            70.1706111,
            52.9230731
          ],
          [
            70.1701471,
            52.9233318
          ],
          [
            70.1698279,
            52.9235711
          ],
          [
            70.1696884,
            52.9237167
          ],
          [
            70.1695945,
            52.9238735
          ],
          [
            70.1695141,
            52.9241646
          ],
          [
            70.1698306,
            52.925096
          ]
        ]
      }
    },
    {
      "type": "Feature",
      "id": "way/421653585",
      "properties": {
        "role": "mapped_railway",
        "osm_way_id": "421653585",
        "gauge": "1520",
        "railway": "rail",
        "service": "spur"
      },
      "geometry": {
        "type": "LineString",
        "coordinates": [
          [
            70.1741382,
            52.9198308
          ],
          [
            70.1747873,
            52.9197855
          ],
          [
            70.1758334,
            52.919779
          ],
          [
            70.1766917,
            52.9198146
          ],
          [
            70.1769437,
            52.9198247
          ],
          [
            70.1799318,
            52.919944
          ],
          [
            70.1805487,
            52.9199698
          ],
          [
            70.181863,
            52.9200636
          ],
          [
            70.1829305,
            52.9201607
          ],
          [
            70.1833436,
            52.9201639
          ],
          [
            70.1840087,
            52.920096
          ],
          [
            70.1849207,
            52.9199957
          ],
          [
            70.1855537,
            52.9199504
          ],
          [
            70.1860419,
            52.9199537
          ],
          [
            70.1876244,
            52.9200345
          ],
          [
            70.1881554,
            52.9200507
          ]
        ]
      }
    },
    {
      "type": "Feature",
      "id": "way/421653586",
      "properties": {
        "role": "mapped_railway",
        "osm_way_id": "421653586",
        "gauge": "1520",
        "railway": "rail",
        "service": "spur"
      },
      "geometry": {
        "type": "LineString",
        "coordinates": [
          [
            70.1880562,
            52.9201687
          ],
          [
            70.1890942,
            52.920214
          ],
          [
            70.1912789,
            52.9202027
          ],
          [
            70.1929137,
            52.9201882
          ],
          [
            70.1931953,
            52.9201856
          ],
          [
            70.1936272,
            52.9201817
          ],
          [
            70.1948342,
            52.9201687
          ],
          [
            70.1950112,
            52.9201558
          ],
          [
            70.1955852,
            52.9200782
          ],
          [
            70.1962235,
            52.919927
          ],
          [
            70.1965829,
            52.919762
          ],
          [
            70.1971945,
            52.9194321
          ],
          [
            70.1977899,
            52.9192203
          ],
          [
            70.1987019,
            52.9190505
          ],
          [
            70.2001235,
            52.9189211
          ],
          [
            70.2008262,
            52.9189316
          ],
          [
            70.2176115,
            52.920907
          ]
        ]
      }
    },
    {
      "type": "Feature",
      "id": "way/421653587",
      "properties": {
        "role": "mapped_railway",
        "osm_way_id": "421653587",
        "electrified": "contact_line",
        "frequency": "50",
        "gauge": "1520",
        "railway": "rail",
        "service": "crossover",
        "voltage": "25000"
      },
      "geometry": {
        "type": "LineString",
        "coordinates": [
          [
            70.1884725,
            52.9203866
          ],
          [
            70.1896729,
            52.9203184
          ]
        ]
      }
    },
    {
      "type": "Feature",
      "id": "way/421653588",
      "properties": {
        "role": "mapped_railway",
        "osm_way_id": "421653588",
        "gauge": "1520",
        "railway": "rail",
        "service": "spur"
      },
      "geometry": {
        "type": "LineString",
        "coordinates": [
          [
            70.1741382,
            52.919889
          ],
          [
            70.1754803,
            52.919818
          ]
        ]
      }
    },
    {
      "type": "Feature",
      "id": "way/421653589",
      "properties": {
        "role": "mapped_railway",
        "osm_way_id": "421653589",
        "gauge": "1520",
        "railway": "rail",
        "service": "yard"
      },
      "geometry": {
        "type": "LineString",
        "coordinates": [
          [
            70.172443,
            52.921401
          ],
          [
            70.173186,
            52.9213786
          ]
        ]
      }
    },
    {
      "type": "Feature",
      "id": "way/421653592",
      "properties": {
        "role": "mapped_railway",
        "osm_way_id": "421653592",
        "electrified": "contact_line",
        "frequency": "50",
        "gauge": "1520",
        "railway": "rail",
        "service": "crossover",
        "voltage": "25000"
      },
      "geometry": {
        "type": "LineString",
        "coordinates": [
          [
            70.1689693,
            52.9226539
          ],
          [
            70.1701545,
            52.9225505
          ]
        ]
      }
    },
    {
      "type": "Feature",
      "id": "way/421653593",
      "properties": {
        "role": "mapped_railway",
        "osm_way_id": "421653593",
        "gauge": "1520",
        "railway": "rail",
        "service": "spur"
      },
      "geometry": {
        "type": "LineString",
        "coordinates": [
          [
            70.1783198,
            52.9217826
          ],
          [
            70.176756,
            52.9220414
          ]
        ]
      }
    },
    {
      "type": "Feature",
      "id": "way/421653594",
      "properties": {
        "role": "mapped_railway",
        "osm_way_id": "421653594",
        "gauge": "1520",
        "railway": "rail",
        "service": "yard"
      },
      "geometry": {
        "type": "LineString",
        "coordinates": [
          [
            70.1881072,
            52.9204495
          ],
          [
            70.1870688,
            52.9204824
          ]
        ]
      }
    },
    {
      "type": "Feature",
      "id": "way/421653597",
      "properties": {
        "role": "mapped_railway",
        "osm_way_id": "421653597",
        "electrified": "yes",
        "gauge": "1520",
        "railway": "rail",
        "service": "crossover"
      },
      "geometry": {
        "type": "LineString",
        "coordinates": [
          [
            70.1898534,
            52.9203178
          ],
          [
            70.1910602,
            52.9203303
          ]
        ]
      }
    },
    {
      "type": "Feature",
      "id": "way/421653600",
      "properties": {
        "role": "mapped_railway",
        "osm_way_id": "421653600",
        "gauge": "1520",
        "railway": "rail",
        "service": "yard"
      },
      "geometry": {
        "type": "LineString",
        "coordinates": [
          [
            70.1729849,
            52.9213202
          ],
          [
            70.1736769,
            52.9212458
          ]
        ]
      }
    },
    {
      "type": "Feature",
      "id": "way/421653601",
      "properties": {
        "role": "mapped_railway",
        "osm_way_id": "421653601",
        "gauge": "1520",
        "railway": "rail",
        "service": "yard"
      },
      "geometry": {
        "type": "LineString",
        "coordinates": [
          [
            70.1623566,
            52.9232059
          ],
          [
            70.1633168,
            52.9231509
          ],
          [
            70.1636467,
            52.9231169
          ],
          [
            70.1642167,
            52.9230442
          ],
          [
            70.1649946,
            52.9228857
          ],
          [
            70.1664429,
            52.9226528
          ],
          [
            70.1699835,
            52.921951
          ],
          [
            70.1712924,
            52.9216696
          ],
          [
            70.172317,
            52.9214853
          ],
          [
            70.173186,
            52.9213786
          ],
          [
            70.1751762,
            52.9211974
          ],
          [
            70.1763188,
            52.9211457
          ],
          [
            70.1769197,
            52.9211166
          ],
          [
            70.1850843,
            52.920046
          ],
          [
            70.1858139,
            52.9200007
          ],
          [
            70.1865542,
            52.9200234
          ],
          [
            70.1870209,
            52.9200719
          ],
          [
            70.1879663,
            52.9201624
          ],
          [
            70.1880562,
            52.9201687
          ],
          [
            70.1891131,
            52.9202618
          ],
          [
            70.1896763,
            52.920269
          ]
        ]
      }
    },
    {
      "type": "Feature",
      "id": "way/421653602",
      "properties": {
        "role": "mapped_railway",
        "osm_way_id": "421653602",
        "gauge": "1520",
        "railway": "rail",
        "service": "yard"
      },
      "geometry": {
        "type": "LineString",
        "coordinates": [
          [
            70.2190961,
            52.9217682
          ],
          [
            70.2147134,
            52.9228096
          ],
          [
            70.2130289,
            52.9231185
          ],
          [
            70.2112909,
            52.9233141
          ],
          [
            70.2095957,
            52.9233465
          ],
          [
            70.2078979,
            52.9232317
          ],
          [
            70.2062483,
            52.922981
          ],
          [
            70.2039631,
            52.9225347
          ],
          [
            70.2031638,
            52.9223665
          ],
          [
            70.2024396,
            52.9221692
          ],
          [
            70.2017959,
            52.9219429
          ],
          [
            70.2009429,
            52.9217229
          ],
          [
            70.2001651,
            52.9215192
          ],
          [
            70.1992464,
            52.9212637
          ],
          [
            70.1978544,
            52.9209419
          ],
          [
            70.1956201,
            52.9205101
          ],
          [
            70.1949294,
            52.920405
          ],
          [
            70.1944721,
            52.9203678
          ],
          [
            70.1938095,
            52.9203331
          ],
          [
            70.1909181,
            52.9203848
          ],
          [
            70.1881072,
            52.9204495
          ],
          [
            70.1870825,
            52.9205336
          ],
          [
            70.1860418,
            52.9206921
          ],
          [
            70.1858058,
            52.9207891
          ],
          [
            70.1856878,
            52.920912
          ],
          [
            70.1856395,
            52.9211028
          ],
          [
            70.1856234,
            52.9212516
          ],
          [
            70.185661,
            52.921368
          ]
        ]
      }
    },
    {
      "type": "Feature",
      "id": "way/421653603",
      "properties": {
        "role": "mapped_railway",
        "osm_way_id": "421653603",
        "gauge": "1520",
        "railway": "rail",
        "service": "spur"
      },
      "geometry": {
        "type": "LineString",
        "coordinates": [
          [
            70.1910634,
            52.9198683
          ],
          [
            70.1918783,
            52.9197653
          ],
          [
            70.1938954,
            52.9196391
          ]
        ]
      }
    },
    {
      "type": "Feature",
      "id": "way/421653605",
      "properties": {
        "role": "mapped_railway",
        "osm_way_id": "421653605",
        "gauge": "1520",
        "railway": "rail",
        "service": "spur"
      },
      "geometry": {
        "type": "LineString",
        "coordinates": [
          [
            70.1732906,
            52.9201768
          ],
          [
            70.1742991,
            52.9200766
          ],
          [
            70.1757046,
            52.9198631
          ]
        ]
      }
    },
    {
      "type": "Feature",
      "id": "way/421653608",
      "properties": {
        "role": "mapped_railway",
        "osm_way_id": "421653608",
        "gauge": "1520",
        "railway": "rail",
        "service": "spur"
      },
      "geometry": {
        "type": "LineString",
        "coordinates": [
          [
            70.1905802,
            52.9198979
          ],
          [
            70.1911005,
            52.9199043
          ],
          [
            70.1944801,
            52.9197329
          ]
        ]
      }
    },
    {
      "type": "Feature",
      "id": "way/421653609",
      "properties": {
        "role": "mapped_railway",
        "osm_way_id": "421653609",
        "gauge": "1520",
        "railway": "rail",
        "service": "yard"
      },
      "geometry": {
        "type": "LineString",
        "coordinates": [
          [
            70.1691037,
            52.9224699
          ],
          [
            70.171845,
            52.9219039
          ],
          [
            70.1852131,
            52.9201768
          ],
          [
            70.1863343,
            52.9200927
          ]
        ]
      }
    },
    {
      "type": "Feature",
      "id": "way/421653610",
      "properties": {
        "role": "mapped_railway",
        "osm_way_id": "421653610",
        "gauge": "1520",
        "railway": "rail",
        "service": "spur"
      },
      "geometry": {
        "type": "LineString",
        "coordinates": [
          [
            70.1896656,
            52.919978
          ],
          [
            70.1905802,
            52.9198979
          ],
          [
            70.1910634,
            52.9198683
          ],
          [
            70.1939061,
            52.9196941
          ]
        ]
      }
    },
    {
      "type": "Feature",
      "id": "way/421653611",
      "properties": {
        "role": "mapped_railway",
        "osm_way_id": "421653611",
        "gauge": "1520",
        "railway": "rail",
        "service": "spur"
      },
      "geometry": {
        "type": "LineString",
        "coordinates": [
          [
            70.1787811,
            52.9215287
          ],
          [
            70.1778852,
            52.9217729
          ],
          [
            70.176756,
            52.9220414
          ],
          [
            70.1758548,
            52.9222419
          ]
        ]
      }
    },
    {
      "type": "Feature",
      "id": "way/421653613",
      "properties": {
        "role": "mapped_railway",
        "osm_way_id": "421653613",
        "gauge": "1520",
        "railway": "rail",
        "service": "spur"
      },
      "geometry": {
        "type": "LineString",
        "coordinates": [
          [
            70.1741436,
            52.9199569
          ],
          [
            70.1749536,
            52.9198761
          ],
          [
            70.1754803,
            52.919818
          ],
          [
            70.1758334,
            52.919779
          ]
        ]
      }
    },
    {
      "type": "Feature",
      "id": "way/421653615",
      "properties": {
        "role": "mapped_railway",
        "osm_way_id": "421653615",
        "gauge": "1520",
        "railway": "rail",
        "service": "spur"
      },
      "geometry": {
        "type": "LineString",
        "coordinates": [
          [
            70.1907196,
            52.919817
          ],
          [
            70.1914331,
            52.9196812
          ],
          [
            70.1925864,
            52.919513
          ],
          [
            70.1948234,
            52.9192186
          ]
        ]
      }
    },
    {
      "type": "Feature",
      "id": "way/421653617",
      "properties": {
        "role": "mapped_railway",
        "osm_way_id": "421653617",
        "gauge": "1520",
        "railway": "rail",
        "service": "yard"
      },
      "geometry": {
        "type": "LineString",
        "coordinates": [
          [
            70.1696724,
            52.9223171
          ],
          [
            70.1706862,
            52.9220268
          ],
          [
            70.1718289,
            52.9218166
          ],
          [
            70.1742268,
            52.9214997
          ]
        ]
      }
    },
    {
      "type": "Feature",
      "id": "way/421653618",
      "properties": {
        "role": "mapped_railway",
        "osm_way_id": "421653618",
        "gauge": "1520",
        "railway": "rail",
        "service": "spur"
      },
      "geometry": {
        "type": "LineString",
        "coordinates": [
          [
            70.173296,
            52.9202609
          ],
          [
            70.1742938,
            52.9201445
          ],
          [
            70.1757046,
            52.9198631
          ],
          [
            70.1766917,
            52.9198146
          ]
        ]
      }
    },
    {
      "type": "Feature",
      "id": "way/421653619",
      "properties": {
        "role": "mapped_railway",
        "osm_way_id": "421653619",
        "gauge": "1520",
        "railway": "rail",
        "service": "yard"
      },
      "geometry": {
        "type": "LineString",
        "coordinates": [
          [
            70.1647907,
            52.9229795
          ],
          [
            70.1656544,
            52.9228372
          ],
          [
            70.1664108,
            52.9227143
          ],
          [
            70.1716464,
            52.9216858
          ],
          [
            70.1723706,
            52.9215694
          ]
        ]
      }
    },
    {
      "type": "Feature",
      "id": "way/421653620",
      "properties": {
        "role": "mapped_railway",
        "osm_way_id": "421653620",
        "gauge": "1520",
        "railway": "rail",
        "service": "spur"
      },
      "geometry": {
        "type": "LineString",
        "coordinates": [
          [
            70.1890513,
            52.9199957
          ],
          [
            70.1896789,
            52.9199334
          ],
          [
            70.1907196,
            52.919817
          ],
          [
            70.1918783,
            52.9196779
          ],
          [
            70.1936486,
            52.9195097
          ]
        ]
      }
    },
    {
      "type": "Feature",
      "id": "way/421653621",
      "properties": {
        "role": "mapped_railway",
        "osm_way_id": "421653621",
        "gauge": "1520",
        "railway": "rail",
        "service": "yard"
      },
      "geometry": {
        "type": "LineString",
        "coordinates": [
          [
            70.1712924,
            52.9216696
          ],
          [
            70.1722768,
            52.9214398
          ],
          [
            70.172443,
            52.921401
          ],
          [
            70.1729849,
            52.9213202
          ],
          [
            70.1738485,
            52.9210938
          ]
        ]
      }
    },
    {
      "type": "Feature",
      "id": "way/421653622",
      "properties": {
        "role": "mapped_railway",
        "osm_way_id": "421653622",
        "gauge": "1520",
        "railway": "rail",
        "service": "yard"
      },
      "geometry": {
        "type": "LineString",
        "coordinates": [
          [
            70.1698607,
            52.9223659
          ],
          [
            70.1719174,
            52.9220648
          ],
          [
            70.1785733,
            52.9211666
          ],
          [
            70.1852506,
            52.9203224
          ],
          [
            70.1862431,
            52.9202124
          ],
          [
            70.1868653,
            52.9201898
          ]
        ]
      }
    },
    {
      "type": "Feature",
      "id": "way/421653623",
      "properties": {
        "role": "mapped_railway",
        "osm_way_id": "421653623",
        "gauge": "1520",
        "railway": "rail",
        "service": "yard"
      },
      "geometry": {
        "type": "LineString",
        "coordinates": [
          [
            70.1649262,
            52.9230393
          ],
          [
            70.165708,
            52.9229374
          ],
          [
            70.1664376,
            52.9228048
          ],
          [
            70.1717215,
            52.9217699
          ],
          [
            70.1724511,
            52.9216599
          ]
        ]
      }
    },
    {
      "type": "Feature",
      "id": "way/421653624",
      "properties": {
        "role": "mapped_railway",
        "osm_way_id": "421653624",
        "electrified": "contact_line",
        "frequency": "50",
        "gauge": "1520",
        "maxspeed": "230",
        "name": "Трансказахстанская железнодорожная магистраль",
        "passenger_lines": "2",
        "railway": "rail",
        "usage": "main",
        "voltage": "25000"
      },
      "geometry": {
        "type": "LineString",
        "coordinates": [
          [
            70.1882847,
            52.9203913
          ],
          [
            70.1868465,
            52.9204301
          ],
          [
            70.1862913,
            52.9204696
          ],
          [
            70.18572,
            52.9205254
          ],
          [
            70.1852416,
            52.9205864
          ],
          [
            70.1816644,
            52.9210466
          ],
          [
            70.1702363,
            52.9225388
          ]
        ]
      }
    },
    {
      "type": "Feature",
      "id": "way/421653628",
      "properties": {
        "role": "mapped_railway",
        "osm_way_id": "421653628",
        "gauge": "1520",
        "railway": "rail",
        "service": "spur"
      },
      "geometry": {
        "type": "LineString",
        "coordinates": [
          [
            70.1860419,
            52.9199537
          ],
          [
            70.1887241,
            52.9198979
          ],
          [
            70.1898399,
            52.9198202
          ],
          [
            70.1906928,
            52.919762
          ],
          [
            70.1911434,
            52.9197006
          ],
          [
            70.1914331,
            52.9196812
          ]
        ]
      }
    },
    {
      "type": "Feature",
      "id": "way/421653629",
      "properties": {
        "role": "mapped_railway",
        "osm_way_id": "421653629",
        "gauge": "1520",
        "railway": "rail",
        "service": "siding"
      },
      "geometry": {
        "type": "LineString",
        "coordinates": [
          [
            70.1782296,
            52.9215673
          ],
          [
            70.1771984,
            52.9217392
          ],
          [
            70.1753157,
            52.9219961
          ],
          [
            70.1694041,
            52.9227335
          ],
          [
            70.1680845,
            52.9228548
          ],
          [
            70.1670814,
            52.9229501
          ]
        ]
      }
    },
    {
      "type": "Feature",
      "id": "way/421653630",
      "properties": {
        "role": "mapped_railway",
        "osm_way_id": "421653630",
        "gauge": "1520",
        "railway": "rail",
        "service": "yard"
      },
      "geometry": {
        "type": "LineString",
        "coordinates": [
          [
            70.1770196,
            52.9207184
          ],
          [
            70.1788864,
            52.9204661
          ],
          [
            70.1802061,
            52.9201944
          ],
          [
            70.1807104,
            52.9200974
          ],
          [
            70.1811717,
            52.9200489
          ],
          [
            70.181863,
            52.9200636
          ]
        ]
      }
    },
    {
      "type": "Feature",
      "id": "way/421653631",
      "properties": {
        "role": "mapped_railway",
        "osm_way_id": "421653631",
        "gauge": "1520",
        "railway": "rail",
        "service": "spur"
      },
      "geometry": {
        "type": "LineString",
        "coordinates": [
          [
            70.1795771,
            52.9213838
          ],
          [
            70.1787811,
            52.9215287
          ],
          [
            70.1744762,
            52.9225103
          ],
          [
            70.1734167,
            52.9226915
          ],
          [
            70.1709759,
            52.9230488
          ],
          [
            70.1706379,
            52.9231394
          ]
        ]
      }
    },
    {
      "type": "Feature",
      "id": "way/421653632",
      "properties": {
        "role": "mapped_railway",
        "osm_way_id": "421653632",
        "gauge": "1520",
        "railway": "rail",
        "service": "yard"
      },
      "geometry": {
        "type": "LineString",
        "coordinates": [
          [
            70.1642167,
            52.9230442
          ],
          [
            70.1647907,
            52.9229795
          ],
          [
            70.1656758,
            52.9228857
          ],
          [
            70.1664215,
            52.922766
          ],
          [
            70.1716893,
            52.9217279
          ],
          [
            70.1724189,
            52.9216244
          ]
        ]
      }
    },
    {
      "type": "Feature",
      "id": "way/421653634",
      "properties": {
        "role": "mapped_railway",
        "osm_way_id": "421653634",
        "gauge": "1520",
        "railway": "rail",
        "service": "yard"
      },
      "geometry": {
        "type": "LineString",
        "coordinates": [
          [
            70.169538,
            52.9225793
          ],
          [
            70.1705394,
            52.9223812
          ],
          [
            70.186005,
            52.9203889
          ],
          [
            70.1868043,
            52.9203274
          ],
          [
            70.1877189,
            52.9203113
          ],
          [
            70.187906,
            52.9203072
          ],
          [
            70.1890822,
            52.9203271
          ]
        ]
      }
    },
    {
      "type": "Feature",
      "id": "way/421653636",
      "properties": {
        "role": "mapped_railway",
        "osm_way_id": "421653636",
        "gauge": "1520",
        "railway": "rail",
        "service": "yard"
      },
      "geometry": {
        "type": "LineString",
        "coordinates": [
          [
            70.1691748,
            52.9225103
          ],
          [
            70.1698607,
            52.9223659
          ],
          [
            70.1718758,
            52.9219791
          ],
          [
            70.1852238,
            52.9202318
          ],
          [
            70.1856637,
            52.9201898
          ],
          [
            70.1862484,
            52.9201736
          ],
          [
            70.1868653,
            52.9201898
          ],
          [
            70.1878148,
            52.9202197
          ]
        ]
      }
    },
    {
      "type": "Feature",
      "id": "way/421653637",
      "properties": {
        "role": "mapped_railway",
        "osm_way_id": "421653637",
        "gauge": "1520",
        "railway": "rail",
        "service": "yard"
      },
      "geometry": {
        "type": "LineString",
        "coordinates": [
          [
            70.167856,
            52.9227739
          ],
          [
            70.168995,
            52.9225526
          ],
          [
            70.1691748,
            52.9225103
          ],
          [
            70.1719281,
            52.9221093
          ],
          [
            70.178588,
            52.9212199
          ],
          [
            70.1852587,
            52.9203757
          ],
          [
            70.1862565,
            52.9202561
          ],
          [
            70.1878148,
            52.9202197
          ],
          [
            70.1891131,
            52.9202618
          ]
        ]
      }
    },
    {
      "type": "Feature",
      "id": "way/421653640",
      "properties": {
        "role": "mapped_railway",
        "osm_way_id": "421653640",
        "gauge": "1520",
        "railway": "rail",
        "service": "yard"
      },
      "geometry": {
        "type": "LineString",
        "coordinates": [
          [
            70.1725075,
            52.9173556
          ],
          [
            70.172765,
            52.9180025
          ],
          [
            70.1728521,
            52.9182068
          ],
          [
            70.1729742,
            52.9184003
          ],
          [
            70.1734194,
            52.9188111
          ],
          [
            70.17411,
            52.9191707
          ],
          [
            70.1748749,
            52.9195085
          ],
          [
            70.1755343,
            52.9196462
          ],
          [
            70.1769437,
            52.9198247
          ]
        ]
      }
    },
    {
      "type": "Feature",
      "id": "way/421653641",
      "properties": {
        "role": "mapped_railway",
        "osm_way_id": "421653641",
        "gauge": "1520",
        "railway": "rail",
        "service": "yard"
      },
      "geometry": {
        "type": "LineString",
        "coordinates": [
          [
            70.1664135,
            52.9215458
          ],
          [
            70.1670894,
            52.9215668
          ],
          [
            70.1677975,
            52.9215247
          ],
          [
            70.1704174,
            52.9211839
          ],
          [
            70.1708251,
            52.9211839
          ],
          [
            70.1717846,
            52.9210574
          ],
          [
            70.1775118,
            52.9202411
          ],
          [
            70.1792713,
            52.9199824
          ],
          [
            70.1799318,
            52.919944
          ]
        ]
      }
    },
    {
      "type": "Feature",
      "id": "way/421653642",
      "properties": {
        "role": "mapped_railway",
        "osm_way_id": "421653642",
        "gauge": "1520",
        "railway": "rail",
        "service": "spur"
      },
      "geometry": {
        "type": "LineString",
        "coordinates": [
          [
            70.1870209,
            52.9200719
          ],
          [
            70.187619,
            52.9200798
          ],
          [
            70.1881554,
            52.9200507
          ],
          [
            70.1890513,
            52.9199957
          ],
          [
            70.1896656,
            52.919978
          ],
          [
            70.190843,
            52.919944
          ],
          [
            70.191594,
            52.9199698
          ],
          [
            70.193139,
            52.9201477
          ],
          [
            70.1936272,
            52.9201817
          ]
        ]
      }
    },
    {
      "type": "Feature",
      "id": "way/421653643",
      "properties": {
        "role": "mapped_railway",
        "osm_way_id": "421653643",
        "electrified": "contact_line",
        "frequency": "50",
        "gauge": "1520",
        "name": "Kurort Borowoe - Astana",
        "passenger_lines": "2",
        "railway": "rail",
        "usage": "main",
        "voltage": "25000"
      },
      "geometry": {
        "type": "LineString",
        "coordinates": [
          [
            70.1884725,
            52.9203866
          ],
          [
            70.1882847,
            52.9203913
          ]
        ]
      }
    },
    {
      "type": "Feature",
      "id": "way/421653644",
      "properties": {
        "role": "mapped_railway",
        "osm_way_id": "421653644",
        "electrified": "contact_line",
        "frequency": "50",
        "gauge": "1520",
        "name": "Kurort Borowoe - Astana",
        "passenger_lines": "2",
        "railway": "rail",
        "usage": "main",
        "voltage": "25000"
      },
      "geometry": {
        "type": "LineString",
        "coordinates": [
          [
            70.1896729,
            52.9203184
          ],
          [
            70.1898534,
            52.9203178
          ],
          [
            70.1910615,
            52.92028
          ],
          [
            70.1912391,
            52.9202765
          ]
        ]
      }
    },
    {
      "type": "Feature",
      "id": "way/426105037",
      "properties": {
        "role": "mapped_railway",
        "osm_way_id": "426105037",
        "electrified": "no",
        "gauge": "1520",
        "railway": "rail",
        "service": "spur"
      },
      "geometry": {
        "type": "LineString",
        "coordinates": [
          [
            71.5345803,
            51.1606189
          ],
          [
            71.5351234,
            51.1603896
          ],
          [
            71.5357168,
            51.1601468
          ],
          [
            71.5360615,
            51.1600139
          ],
          [
            71.5364656,
            51.1598101
          ],
          [
            71.5368131,
            51.1595319
          ],
          [
            71.5369459,
            51.1593884
          ],
          [
            71.5371607,
            51.1590428
          ],
          [
            71.5371918,
            51.1588816
          ],
          [
            71.5372285,
            51.1585768
          ],
          [
            71.5371324,
            51.1582223
          ],
          [
            71.5369883,
            51.1579973
          ],
          [
            71.5366295,
            51.1576216
          ],
          [
            71.5362763,
            51.1572689
          ],
          [
            71.535892,
            51.1568383
          ]
        ]
      }
    },
    {
      "type": "Feature",
      "id": "way/429316686",
      "properties": {
        "role": "mapped_railway",
        "osm_way_id": "429316686",
        "electrified": "contact_line",
        "frequency": "50",
        "gauge": "1520",
        "name": "Astana - Kurort Borowoe",
        "passenger_lines": "2",
        "railway": "rail",
        "source": "bing",
        "usage": "main",
        "voltage": "25000"
      },
      "geometry": {
        "type": "LineString",
        "coordinates": [
          [
            71.3549803,
            51.244034
          ],
          [
            71.3546356,
            51.2445369
          ]
        ]
      }
    },
    {
      "type": "Feature",
      "id": "way/429316688",
      "properties": {
        "role": "mapped_railway",
        "osm_way_id": "429316688",
        "electrified": "contact_line",
        "frequency": "50",
        "gauge": "1520",
        "name": "Astana - Kurort Borowoe",
        "railway": "rail",
        "service": "siding",
        "source": "bing",
        "voltage": "25000"
      },
      "geometry": {
        "type": "LineString",
        "coordinates": [
          [
            71.3634018,
            51.2311093
          ],
          [
            71.3630361,
            51.2318088
          ],
          [
            71.3629495,
            51.231934
          ]
        ]
      }
    },
    {
      "type": "Feature",
      "id": "way/429316690",
      "properties": {
        "role": "mapped_railway",
        "osm_way_id": "429316690",
        "electrified": "contact_line",
        "frequency": "50",
        "gauge": "1520",
        "name": "Astana - Kurort Borowoe",
        "railway": "rail",
        "service": "siding",
        "source": "bing",
        "voltage": "25000"
      },
      "geometry": {
        "type": "LineString",
        "coordinates": [
          [
            71.3629495,
            51.231934
          ],
          [
            71.3627118,
            51.2323205
          ],
          [
            71.356861,
            51.24132
          ],
          [
            71.3564993,
            51.2418606
          ],
          [
            71.3563695,
            51.2420351
          ],
          [
            71.3558392,
            51.2426963
          ]
        ]
      }
    },
    {
      "type": "Feature",
      "id": "way/429316694",
      "properties": {
        "role": "mapped_railway",
        "osm_way_id": "429316694",
        "electrified": "contact_line",
        "frequency": "50",
        "gauge": "1520",
        "railway": "rail",
        "service": "siding",
        "voltage": "25000"
      },
      "geometry": {
        "type": "LineString",
        "coordinates": [
          [
            71.3559449,
            51.2426858
          ],
          [
            71.3563695,
            51.2420351
          ]
        ]
      }
    },
    {
      "type": "Feature",
      "id": "way/429316695",
      "properties": {
        "role": "mapped_railway",
        "osm_way_id": "429316695",
        "electrified": "contact_line",
        "frequency": "50",
        "gauge": "1520",
        "name": "Kurort Borowoe - Astana",
        "passenger_lines": "2",
        "railway": "rail",
        "source": "bing",
        "usage": "main",
        "voltage": "25000"
      },
      "geometry": {
        "type": "LineString",
        "coordinates": [
          [
            71.3539746,
            51.2453694
          ],
          [
            71.3558334,
            51.2425259
          ],
          [
            71.3559274,
            51.2423962
          ],
          [
            71.3564611,
            51.2416337
          ],
          [
            71.3566997,
            51.2412857
          ],
          [
            71.3628586,
            51.2318259
          ],
          [
            71.363097,
            51.2314497
          ],
          [
            71.3631923,
            51.2312961
          ],
          [
            71.3637308,
            51.2305364
          ],
          [
            71.3642223,
            51.2297344
          ]
        ]
      }
    },
    {
      "type": "Feature",
      "id": "way/429316697",
      "properties": {
        "role": "mapped_railway",
        "osm_way_id": "429316697",
        "electrified": "contact_line",
        "frequency": "50",
        "gauge": "1520",
        "name": "Kurort Borowoe - Astana",
        "railway": "rail",
        "service": "crossover",
        "source": "mapbox",
        "voltage": "25000"
      },
      "geometry": {
        "type": "LineString",
        "coordinates": [
          [
            71.3539746,
            51.2453694
          ],
          [
            71.3546356,
            51.2445369
          ]
        ]
      }
    },
    {
      "type": "Feature",
      "id": "way/429463187",
      "properties": {
        "role": "mapped_railway",
        "osm_way_id": "429463187",
        "electrified": "contact_line",
        "frequency": "50",
        "gauge": "1520",
        "railway": "rail",
        "service": "siding",
        "source": "mapbox",
        "voltage": "25000"
      },
      "geometry": {
        "type": "LineString",
        "coordinates": [
          [
            71.000718,
            51.6962411
          ],
          [
            71.000445,
            51.6966437
          ],
          [
            71.0003073,
            51.6968621
          ],
          [
            71.0002398,
            51.696977
          ],
          [
            71.0000217,
            51.6972872
          ],
          [
            70.9997745,
            51.6976163
          ],
          [
            70.9995513,
            51.6979679
          ],
          [
            70.9991844,
            51.6985555
          ],
          [
            70.9987311,
            51.6992937
          ],
          [
            70.9985102,
            51.6996837
          ],
          [
            70.9983261,
            51.7000342
          ],
          [
            70.9981156,
            51.7005396
          ],
          [
            70.9980073,
            51.700869
          ],
          [
            70.9979345,
            51.7011223
          ]
        ]
      }
    },
    {
      "type": "Feature",
      "id": "way/429463188",
      "properties": {
        "role": "mapped_railway",
        "osm_way_id": "429463188",
        "electrified": "contact_line",
        "frequency": "50",
        "gauge": "1520",
        "railway": "rail",
        "service": "crossover",
        "source": "bing",
        "voltage": "25000"
      },
      "geometry": {
        "type": "LineString",
        "coordinates": [
          [
            71.1893401,
            51.4606854
          ],
          [
            71.1895071,
            51.4604546
          ]
        ]
      }
    },
    {
      "type": "Feature",
      "id": "way/429463189",
      "properties": {
        "role": "mapped_railway",
        "osm_way_id": "429463189",
        "electrified": "contact_line",
        "frequency": "50",
        "gauge": "1520",
        "railway": "rail",
        "service": "crossover",
        "source": "bing",
        "voltage": "25000"
      },
      "geometry": {
        "type": "LineString",
        "coordinates": [
          [
            71.193128,
            51.4448795
          ],
          [
            71.1928798,
            51.4453043
          ]
        ]
      }
    },
    {
      "type": "Feature",
      "id": "way/429463191",
      "properties": {
        "role": "mapped_railway",
        "osm_way_id": "429463191",
        "electrified": "contact_line",
        "frequency": "50",
        "gauge": "1520",
        "railway": "rail",
        "service": "crossover",
        "source": "bing",
        "voltage": "25000"
      },
      "geometry": {
        "type": "LineString",
        "coordinates": [
          [
            71.192617,
            51.4462183
          ],
          [
            71.1926516,
            51.4458695
          ]
        ]
      }
    },
    {
      "type": "Feature",
      "id": "way/429463194",
      "properties": {
        "role": "mapped_railway",
        "osm_way_id": "429463194",
        "electrified": "contact_line",
        "frequency": "50",
        "gauge": "1520",
        "railway": "rail",
        "service": "crossover",
        "voltage": "25000"
      },
      "geometry": {
        "type": "LineString",
        "coordinates": [
          [
            71.0008036,
            51.6961388
          ],
          [
            71.0012653,
            51.6954704
          ]
        ]
      }
    },
    {
      "type": "Feature",
      "id": "way/429463195",
      "properties": {
        "role": "mapped_railway",
        "osm_way_id": "429463195",
        "electrified": "contact_line",
        "frequency": "50",
        "gauge": "1520",
        "railway": "rail",
        "service": "siding",
        "source": "bing",
        "voltage": "25000"
      },
      "geometry": {
        "type": "LineString",
        "coordinates": [
          [
            71.1899405,
            51.4582923
          ],
          [
            71.189891,
            51.4588327
          ]
        ]
      }
    },
    {
      "type": "Feature",
      "id": "way/429463196",
      "properties": {
        "role": "mapped_railway",
        "osm_way_id": "429463196",
        "electrified": "contact_line",
        "frequency": "50",
        "gauge": "1520",
        "railway": "rail",
        "service": "siding",
        "source": "bing",
        "voltage": "25000"
      },
      "geometry": {
        "type": "LineString",
        "coordinates": [
          [
            70.9985009,
            51.7056355
          ],
          [
            70.9989179,
            51.7068521
          ],
          [
            70.9990822,
            51.7075711
          ]
        ]
      }
    },
    {
      "type": "Feature",
      "id": "way/429463197",
      "properties": {
        "role": "mapped_railway",
        "osm_way_id": "429463197",
        "gauge": "1520",
        "railway": "rail",
        "service": "spur",
        "source": "bing"
      },
      "geometry": {
        "type": "LineString",
        "coordinates": [
          [
            70.2900717,
            52.7914705
          ],
          [
            70.2905055,
            52.7909296
          ],
          [
            70.2910308,
            52.7902695
          ],
          [
            70.2913352,
            52.7898803
          ]
        ]
      }
    },
    {
      "type": "Feature",
      "id": "way/429463198",
      "properties": {
        "role": "mapped_railway",
        "osm_way_id": "429463198",
        "electrified": "contact_line",
        "frequency": "50",
        "gauge": "1520",
        "railway": "rail",
        "service": "siding",
        "source": "bing",
        "voltage": "25000"
      },
      "geometry": {
        "type": "LineString",
        "coordinates": [
          [
            71.1924614,
            51.4466475
          ],
          [
            71.1923263,
            51.4470592
          ],
          [
            71.1921654,
            51.4476644
          ],
          [
            71.19194,
            51.4486874
          ],
          [
            71.1917826,
            51.4494065
          ],
          [
            71.1911717,
            51.4525445
          ],
          [
            71.1907112,
            51.4546284
          ],
          [
            71.1902882,
            51.4567107
          ],
          [
            71.1899405,
            51.4582923
          ]
        ]
      }
    },
    {
      "type": "Feature",
      "id": "way/429587445",
      "properties": {
        "role": "mapped_railway",
        "osm_way_id": "429587445",
        "electrified": "contact_line",
        "frequency": "50",
        "gauge": "1520",
        "railway": "rail",
        "service": "crossover",
        "source": "bing",
        "voltage": "25000"
      },
      "geometry": {
        "type": "LineString",
        "coordinates": [
          [
            69.8610196,
            53.0886849
          ],
          [
            69.860104,
            53.0890062
          ]
        ]
      }
    },
    {
      "type": "Feature",
      "id": "way/429587449",
      "properties": {
        "role": "mapped_railway",
        "osm_way_id": "429587449",
        "electrified": "contact_line",
        "frequency": "50",
        "gauge": "1520",
        "railway": "rail",
        "service": "crossover",
        "source": "bing",
        "voltage": "25000"
      },
      "geometry": {
        "type": "LineString",
        "coordinates": [
          [
            69.8581738,
            53.0894642
          ],
          [
            69.8593494,
            53.0892114
          ]
        ]
      }
    },
    {
      "type": "Feature",
      "id": "way/429587451",
      "properties": {
        "role": "mapped_railway",
        "osm_way_id": "429587451",
        "electrified": "contact_line",
        "frequency": "50",
        "gauge": "1520",
        "railway": "rail",
        "service": "yard",
        "source": "bing",
        "voltage": "25000"
      },
      "geometry": {
        "type": "LineString",
        "coordinates": [
          [
            69.8655812,
            53.0876854
          ],
          [
            69.8631619,
            53.0883491
          ]
        ]
      }
    },
    {
      "type": "Feature",
      "id": "way/429587454",
      "properties": {
        "role": "mapped_railway",
        "osm_way_id": "429587454",
        "electrified": "contact_line",
        "frequency": "50",
        "gauge": "1520",
        "railway": "rail",
        "service": "crossover",
        "source": "bing",
        "voltage": "25000"
      },
      "geometry": {
        "type": "LineString",
        "coordinates": [
          [
            69.8804525,
            53.0834175
          ],
          [
            69.8815133,
            53.0830425
          ]
        ]
      }
    },
    {
      "type": "Feature",
      "id": "way/429587463",
      "properties": {
        "role": "mapped_railway",
        "osm_way_id": "429587463",
        "electrified": "contact_line",
        "frequency": "50",
        "gauge": "1520",
        "railway": "rail",
        "service": "siding",
        "source": "bing",
        "voltage": "25000"
      },
      "geometry": {
        "type": "LineString",
        "coordinates": [
          [
            69.8787677,
            53.0839423
          ],
          [
            69.866756,
            53.0872376
          ],
          [
            69.8626292,
            53.0883843
          ]
        ]
      }
    },
    {
      "type": "Feature",
      "id": "way/429587465",
      "properties": {
        "role": "mapped_railway",
        "osm_way_id": "429587465",
        "gauge": "1520",
        "railway": "rail",
        "service": "spur",
        "source": "bing"
      },
      "geometry": {
        "type": "LineString",
        "coordinates": [
          [
            69.8637734,
            53.0881332
          ],
          [
            69.8631619,
            53.0883491
          ],
          [
            69.8623787,
            53.0886616
          ],
          [
            69.8622144,
            53.0887774
          ],
          [
            69.8549972,
            53.0938676
          ]
        ]
      }
    },
    {
      "type": "Feature",
      "id": "way/429587467",
      "properties": {
        "role": "mapped_railway",
        "osm_way_id": "429587467",
        "electrified": "no",
        "gauge": "1520",
        "railway": "rail",
        "service": "spur",
        "source": "bing"
      },
      "geometry": {
        "type": "LineString",
        "coordinates": [
          [
            69.4280222,
            53.2859631
          ],
          [
            69.4295959,
            53.2851007
          ],
          [
            69.4301069,
            53.2848245
          ],
          [
            69.4308163,
            53.2844653
          ],
          [
            69.4316801,
            53.2840311
          ],
          [
            69.4331495,
            53.2832152
          ],
          [
            69.433685,
            53.2829127
          ]
        ]
      }
    },
    {
      "type": "Feature",
      "id": "way/429587478",
      "properties": {
        "role": "mapped_railway",
        "osm_way_id": "429587478",
        "electrified": "contact_line",
        "frequency": "50",
        "gauge": "1520",
        "railway": "rail",
        "service": "siding",
        "source": "bing",
        "voltage": "25000"
      },
      "geometry": {
        "type": "LineString",
        "coordinates": [
          [
            69.861536,
            53.0885435
          ],
          [
            69.8627971,
            53.0881252
          ],
          [
            69.866617,
            53.0870755
          ],
          [
            69.876479,
            53.0843652
          ],
          [
            69.8773248,
            53.0841972
          ]
        ]
      }
    },
    {
      "type": "Feature",
      "id": "way/429587488",
      "properties": {
        "role": "mapped_railway",
        "osm_way_id": "429587488",
        "electrified": "contact_line",
        "frequency": "50",
        "gauge": "1520",
        "railway": "rail",
        "service": "siding",
        "source": "bing",
        "voltage": "25000"
      },
      "geometry": {
        "type": "LineString",
        "coordinates": [
          [
            69.8796386,
            53.0836418
          ],
          [
            69.8787677,
            53.0839423
          ],
          [
            69.8780508,
            53.0841896
          ],
          [
            69.8667936,
            53.0872827
          ],
          [
            69.8637734,
            53.0881332
          ],
          [
            69.8626292,
            53.0883843
          ],
          [
            69.8613942,
            53.0886554
          ]
        ]
      }
    },
    {
      "type": "Feature",
      "id": "way/429587490",
      "properties": {
        "role": "mapped_railway",
        "osm_way_id": "429587490",
        "electrified": "contact_line",
        "frequency": "50",
        "gauge": "1520",
        "railway": "rail",
        "service": "siding",
        "source": "bing",
        "voltage": "25000"
      },
      "geometry": {
        "type": "LineString",
        "coordinates": [
          [
            69.4184997,
            53.2914971
          ],
          [
            69.417869,
            53.2919099
          ],
          [
            69.4171169,
            53.2923262
          ],
          [
            69.4167356,
            53.2925343
          ],
          [
            69.4162827,
            53.2927956
          ],
          [
            69.4156009,
            53.2932289
          ],
          [
            69.415426,
            53.2933509
          ],
          [
            69.4153531,
            53.2933995
          ],
          [
            69.4145746,
            53.2939853
          ],
          [
            69.4144064,
            53.2941451
          ],
          [
            69.4141875,
            53.2943553
          ],
          [
            69.413753,
            53.2947571
          ],
          [
            69.413635,
            53.2948468
          ]
        ]
      }
    },
    {
      "type": "Feature",
      "id": "way/429611571",
      "properties": {
        "role": "mapped_railway",
        "osm_way_id": "429611571",
        "electrified": "contact_line",
        "frequency": "50",
        "gauge": "1520",
        "name": "Astana - Kurort Borowoe",
        "passenger_lines": "2",
        "railway": "rail",
        "source": "bing",
        "usage": "main",
        "voltage": "25000"
      },
      "geometry": {
        "type": "LineString",
        "coordinates": [
          [
            71.192617,
            51.4462183
          ],
          [
            71.1924614,
            51.4466475
          ]
        ]
      }
    },
    {
      "type": "Feature",
      "id": "way/429611573",
      "properties": {
        "role": "mapped_railway",
        "osm_way_id": "429611573",
        "electrified": "contact_line",
        "frequency": "50",
        "gauge": "1520",
        "name": "Astana - Kurort Borowoe",
        "passenger_lines": "2",
        "railway": "rail",
        "source": "bing",
        "usage": "main",
        "voltage": "25000"
      },
      "geometry": {
        "type": "LineString",
        "coordinates": [
          [
            71.0008036,
            51.6961388
          ],
          [
            71.000718,
            51.6962411
          ]
        ]
      }
    },
    {
      "type": "Feature",
      "id": "way/429611574",
      "properties": {
        "role": "mapped_railway",
        "osm_way_id": "429611574",
        "electrified": "contact_line",
        "frequency": "50",
        "gauge": "1520",
        "name": "Трансказахстанская железнодорожная магистраль",
        "passenger_lines": "2",
        "railway": "rail",
        "source": "bing",
        "usage": "main",
        "voltage": "25000"
      },
      "geometry": {
        "type": "LineString",
        "coordinates": [
          [
            71.000718,
            51.6962411
          ],
          [
            71.0002709,
            51.6967816
          ],
          [
            70.9999184,
            51.6972408
          ],
          [
            70.9996833,
            51.6975988
          ],
          [
            70.9994621,
            51.6979486
          ],
          [
            70.9990986,
            51.6985364
          ],
          [
            70.9986425,
            51.6992693
          ],
          [
            70.9984228,
            51.6996682
          ],
          [
            70.9982456,
            51.7000176
          ],
          [
            70.998033,
            51.7005327
          ],
          [
            70.9979184,
            51.7008642
          ],
          [
            70.99785,
            51.7011135
          ],
          [
            70.9977929,
            51.7013683
          ],
          [
            70.9977175,
            51.7017759
          ],
          [
            70.9976828,
            51.7021329
          ],
          [
            70.9976601,
            51.7024152
          ],
          [
            70.9976408,
            51.7026882
          ],
          [
            70.9976453,
            51.7029608
          ],
          [
            70.9976825,
            51.7033357
          ],
          [
            70.9977802,
            51.7038944
          ],
          [
            70.9978883,
            51.7042783
          ],
          [
            70.9980678,
            51.7048161
          ],
          [
            70.9985164,
            51.7061959
          ],
          [
            70.998707,
            51.7067132
          ],
          [
            70.9990245,
            51.7075974
          ],
          [
            70.9993241,
            51.7084648
          ]
        ]
      }
    },
    {
      "type": "Feature",
      "id": "way/429611577",
      "properties": {
        "role": "mapped_railway",
        "osm_way_id": "429611577",
        "electrified": "contact_line",
        "frequency": "50",
        "gauge": "1520",
        "name": "Astana - Kurort Borowoe",
        "passenger_lines": "2",
        "railway": "rail",
        "source": "bing",
        "usage": "main",
        "voltage": "25000"
      },
      "geometry": {
        "type": "LineString",
        "coordinates": [
          [
            70.9993241,
            51.7084648
          ],
          [
            70.9993884,
            51.7086398
          ]
        ]
      }
    },
    {
      "type": "Feature",
      "id": "way/429611578",
      "properties": {
        "role": "mapped_railway",
        "osm_way_id": "429611578",
        "electrified": "contact_line",
        "frequency": "50",
        "gauge": "1520",
        "name": "Astana - Kurort Borowoe",
        "passenger_lines": "2",
        "railway": "rail",
        "source": "bing",
        "usage": "main",
        "voltage": "25000"
      },
      "geometry": {
        "type": "LineString",
        "coordinates": [
          [
            71.189891,
            51.4588327
          ],
          [
            71.1897469,
            51.4594169
          ],
          [
            71.1895789,
            51.4601158
          ],
          [
            71.1895071,
            51.4604546
          ]
        ]
      }
    },
    {
      "type": "Feature",
      "id": "way/429611580",
      "properties": {
        "role": "mapped_railway",
        "osm_way_id": "429611580",
        "electrified": "contact_line",
        "frequency": "50",
        "gauge": "1520",
        "name": "Astana - Kurort Borowoe",
        "passenger_lines": "2",
        "railway": "rail",
        "source": "bing",
        "usage": "main",
        "voltage": "25000"
      },
      "geometry": {
        "type": "LineString",
        "coordinates": [
          [
            71.1924614,
            51.4466475
          ],
          [
            71.1922208,
            51.4472079
          ],
          [
            71.1921126,
            51.4476445
          ],
          [
            71.1919711,
            51.4481647
          ],
          [
            71.1911064,
            51.452526
          ],
          [
            71.1906345,
            51.4546349
          ],
          [
            71.1904292,
            51.4556578
          ],
          [
            71.1902882,
            51.4567107
          ],
          [
            71.189891,
            51.4588327
          ]
        ]
      }
    },
    {
      "type": "Feature",
      "id": "way/429611582",
      "properties": {
        "role": "mapped_railway",
        "osm_way_id": "429611582",
        "electrified": "contact_line",
        "frequency": "50",
        "gauge": "1520",
        "maxspeed": "230",
        "name": "Трансказахстанская железнодорожная магистраль",
        "passenger_lines": "2",
        "railway": "rail",
        "source": "bing",
        "usage": "main",
        "voltage": "25000"
      },
      "geometry": {
        "type": "LineString",
        "coordinates": [
          [
            71.0273459,
            51.6793275
          ],
          [
            71.0273297,
            51.6798686
          ],
          [
            71.0273525,
            51.6802682
          ],
          [
            71.027311,
            51.680714
          ],
          [
            71.0272938,
            51.6809441
          ],
          [
            71.0272605,
            51.6811302
          ],
          [
            71.0272112,
            51.6813446
          ],
          [
            71.0270177,
            51.6819112
          ],
          [
            71.026947,
            51.682089
          ],
          [
            71.0268216,
            51.6823488
          ],
          [
            71.0266736,
            51.6826119
          ],
          [
            71.0265496,
            51.6828279
          ],
          [
            71.0263214,
            51.6831464
          ],
          [
            71.0261813,
            51.6833483
          ],
          [
            71.025825,
            51.6837643
          ],
          [
            71.0255634,
            51.6840373
          ],
          [
            71.0251859,
            51.6843996
          ],
          [
            71.0248884,
            51.6846379
          ],
          [
            71.0246829,
            51.6847943
          ],
          [
            71.0244214,
            51.6849854
          ],
          [
            71.0241879,
            51.6851591
          ],
          [
            71.0239077,
            51.6853154
          ],
          [
            71.023366,
            51.6856339
          ],
          [
            71.0230017,
            51.6858134
          ],
          [
            71.0226281,
            51.6859871
          ],
          [
            71.0224133,
            51.6860914
          ],
          [
            71.021993,
            51.6862419
          ],
          [
            71.0215167,
            51.686433
          ],
          [
            71.020153,
            51.6868499
          ],
          [
            71.0190229,
            51.6871742
          ],
          [
            71.016389,
            51.6879443
          ],
          [
            71.0127651,
            51.6890097
          ],
          [
            71.0092533,
            51.6900461
          ],
          [
            71.0079457,
            51.6904456
          ],
          [
            71.0073932,
            51.690611
          ],
          [
            71.0066599,
            51.6908984
          ],
          [
            71.0061939,
            51.6910998
          ],
          [
            71.0057837,
            51.6913002
          ],
          [
            71.0054291,
            51.6914936
          ],
          [
            71.0050221,
            51.6917368
          ],
          [
            71.0047517,
            51.6919126
          ],
          [
            71.0043169,
            51.6922204
          ],
          [
            71.0037357,
            51.6926865
          ],
          [
            71.0034246,
            51.692989
          ],
          [
            71.0031922,
            51.6932307
          ],
          [
            71.0029803,
            51.6934716
          ],
          [
            71.002515,
            51.6940299
          ],
          [
            71.0022859,
            51.6943294
          ],
          [
            71.002199,
            51.69443
          ],
          [
            71.0016785,
            51.6950772
          ],
          [
            71.0013302,
            51.6954972
          ],
          [
            71.0008036,
            51.6961388
          ]
        ]
      }
    },
    {
      "type": "Feature",
      "id": "way/429611585",
      "properties": {
        "role": "mapped_railway",
        "osm_way_id": "429611585",
        "electrified": "contact_line",
        "frequency": "50",
        "gauge": "1520",
        "maxspeed": "230",
        "name": "Трансказахстанская железнодорожная магистраль",
        "passenger_lines": "2",
        "railway": "rail",
        "source": "bing",
        "usage": "main",
        "voltage": "25000"
      },
      "geometry": {
        "type": "LineString",
        "coordinates": [
          [
            71.3546356,
            51.2445369
          ],
          [
            71.351662,
            51.2491588
          ],
          [
            71.3501024,
            51.251483
          ],
          [
            71.3498428,
            51.2519321
          ],
          [
            71.3492176,
            51.2529164
          ],
          [
            71.3478159,
            51.2550596
          ],
          [
            71.3464079,
            51.2571983
          ],
          [
            71.345062,
            51.2592374
          ],
          [
            71.3426499,
            51.2628999
          ],
          [
            71.3409918,
            51.2654451
          ],
          [
            71.3393124,
            51.2680271
          ],
          [
            71.3374035,
            51.2709168
          ],
          [
            71.335897,
            51.2732215
          ],
          [
            71.3319473,
            51.2792202
          ],
          [
            71.3305725,
            51.2813147
          ],
          [
            71.3295486,
            51.2828693
          ],
          [
            71.3284579,
            51.2845235
          ],
          [
            71.3272554,
            51.2863667
          ],
          [
            71.3260916,
            51.2881307
          ],
          [
            71.3248092,
            51.2900823
          ],
          [
            71.3223015,
            51.293758
          ],
          [
            71.3213452,
            51.2952183
          ],
          [
            71.3208417,
            51.295985
          ],
          [
            71.3201874,
            51.2969815
          ],
          [
            71.3193985,
            51.2981551
          ],
          [
            71.3185502,
            51.2994529
          ],
          [
            71.3177035,
            51.3007239
          ],
          [
            71.3168902,
            51.3019699
          ],
          [
            71.3155719,
            51.3039856
          ],
          [
            71.3136652,
            51.3068721
          ],
          [
            71.3124062,
            51.3087921
          ],
          [
            71.3107387,
            51.3113122
          ],
          [
            71.3073189,
            51.3164806
          ],
          [
            71.3062515,
            51.3181013
          ],
          [
            71.3047106,
            51.3204249
          ],
          [
            71.3031944,
            51.3226996
          ],
          [
            71.30008,
            51.3274081
          ],
          [
            71.2989688,
            51.3290774
          ],
          [
            71.2954638,
            51.3343729
          ],
          [
            71.2907544,
            51.3414802
          ],
          [
            71.2783064,
            51.3601715
          ],
          [
            71.2742256,
            51.36629
          ],
          [
            71.2688825,
            51.3743088
          ],
          [
            71.2665957,
            51.3777293
          ],
          [
            71.2640788,
            51.3815011
          ],
          [
            71.2591323,
            51.3889002
          ],
          [
            71.2569302,
            51.3922145
          ],
          [
            71.256578,
            51.3927347
          ],
          [
            71.2562892,
            51.393134
          ],
          [
            71.255984,
            51.3935222
          ],
          [
            71.2556433,
            51.3939455
          ],
          [
            71.2553634,
            51.3942709
          ],
          [
            71.2549767,
            51.3946979
          ],
          [
            71.254351,
            51.3953316
          ],
          [
            71.2538151,
            51.3958534
          ],
          [
            71.2524804,
            51.3971364
          ],
          [
            71.2487317,
            51.4007815
          ],
          [
            71.2432777,
            51.4060796
          ],
          [
            71.2411453,
            51.4081303
          ],
          [
            71.2401893,
            51.4090579
          ],
          [
            71.2389569,
            51.4102601
          ],
          [
            71.2377461,
            51.411433
          ],
          [
            71.2372112,
            51.4119266
          ],
          [
            71.2366957,
            51.4123708
          ],
          [
            71.2363,
            51.4127003
          ],
          [
            71.2357275,
            51.4131425
          ],
          [
            71.2349288,
            51.4137184
          ],
          [
            71.2323711,
            51.4155223
          ],
          [
            71.231076,
            51.4164352
          ],
          [
            71.2240074,
            51.4214375
          ],
          [
            71.2186385,
            51.4252266
          ],
          [
            71.2093515,
            51.431793
          ],
          [
            71.2070888,
            51.4333897
          ],
          [
            71.204119,
            51.4354848
          ],
          [
            71.202161,
            51.4368685
          ],
          [
            71.1955472,
            51.4415316
          ],
          [
            71.1950492,
            51.4419154
          ],
          [
            71.1944281,
            51.4424995
          ],
          [
            71.19411,
            51.4429506
          ],
          [
            71.1937585,
            51.4434822
          ],
          [
            71.1934439,
            51.444102
          ],
          [
            71.193128,
            51.4448795
          ],
          [
            71.192617,
            51.4462183
          ]
        ]
      }
    },
    {
      "type": "Feature",
      "id": "way/429611597",
      "properties": {
        "role": "mapped_railway",
        "osm_way_id": "429611597",
        "electrified": "contact_line",
        "frequency": "50",
        "gauge": "1520",
        "maxspeed": "230",
        "name": "Трансказахстанская железнодорожная магистраль",
        "passenger_lines": "2",
        "railway": "rail",
        "source": "bing",
        "usage": "main",
        "voltage": "25000"
      },
      "geometry": {
        "type": "LineString",
        "coordinates": [
          [
            69.8815133,
            53.0830425
          ],
          [
            69.8886181,
            53.0810838
          ],
          [
            69.9077457,
            53.0759704
          ],
          [
            69.9085119,
            53.0757485
          ],
          [
            69.9133432,
            53.0743491
          ],
          [
            69.9249882,
            53.0702954
          ],
          [
            69.9361334,
            53.0660611
          ],
          [
            69.9423806,
            53.0638387
          ],
          [
            69.9459291,
            53.0629377
          ],
          [
            69.9490278,
            53.0624872
          ],
          [
            69.9524263,
            53.0618565
          ],
          [
            69.9548752,
            53.0607152
          ],
          [
            69.9562849,
            53.0588353
          ],
          [
            69.9564313,
            53.0586759
          ],
          [
            69.9566235,
            53.0583552
          ],
          [
            69.9567879,
            53.0580406
          ],
          [
            69.9569624,
            53.0575679
          ],
          [
            69.9570635,
            53.0570649
          ],
          [
            69.9570863,
            53.0566682
          ],
          [
            69.9570588,
            53.0562225
          ],
          [
            69.9566102,
            53.0527432
          ],
          [
            69.9560728,
            53.0492689
          ],
          [
            69.9560021,
            53.0489116
          ],
          [
            69.9559156,
            53.0485645
          ],
          [
            69.955757,
            53.0481087
          ],
          [
            69.9555672,
            53.047688
          ],
          [
            69.9553532,
            53.0472779
          ],
          [
            69.9551043,
            53.0468781
          ],
          [
            69.9548506,
            53.0465123
          ],
          [
            69.9545783,
            53.0461661
          ],
          [
            69.9540987,
            53.0456486
          ],
          [
            69.9527005,
            53.0442412
          ],
          [
            69.9500273,
            53.0416385
          ],
          [
            69.9488374,
            53.0404975
          ],
          [
            69.9485318,
            53.0402158
          ],
          [
            69.9482483,
            53.0399071
          ],
          [
            69.9480058,
            53.0395948
          ],
          [
            69.9477517,
            53.0392892
          ],
          [
            69.9475436,
            53.0389208
          ],
          [
            69.9473545,
            53.0384432
          ],
          [
            69.9471881,
            53.0378952
          ],
          [
            69.9471506,
            53.0375093
          ],
          [
            69.9471453,
            53.0371587
          ],
          [
            69.9471747,
            53.0367905
          ],
          [
            69.9472636,
            53.036458
          ],
          [
            69.947447,
            53.0359332
          ],
          [
            69.9477466,
            53.0353639
          ],
          [
            69.948182,
            53.0347893
          ],
          [
            69.9486377,
            53.0342926
          ],
          [
            69.9493759,
            53.033688
          ],
          [
            69.9502333,
            53.0331605
          ],
          [
            69.9510821,
            53.0327231
          ],
          [
            69.9517881,
            53.0324271
          ],
          [
            69.9527232,
            53.0321275
          ],
          [
            69.9541954,
            53.0317996
          ]
        ]
      }
    },
    {
      "type": "Feature",
      "id": "way/429611600",
      "properties": {
        "role": "mapped_railway",
        "osm_way_id": "429611600",
        "electrified": "contact_line",
        "frequency": "50",
        "gauge": "1520",
        "maxspeed": "230",
        "name": "Kokchetau - Kurort Borowoe",
        "passenger_lines": "2",
        "railway": "rail",
        "source": "bing",
        "usage": "main",
        "voltage": "25000"
      },
      "geometry": {
        "type": "LineString",
        "coordinates": [
          [
            69.8581738,
            53.0894642
          ],
          [
            69.8610196,
            53.0886849
          ],
          [
            69.861536,
            53.0885435
          ],
          [
            69.8649411,
            53.087611
          ],
          [
            69.8666669,
            53.0871352
          ],
          [
            69.8773248,
            53.0841972
          ],
          [
            69.8782454,
            53.0839434
          ],
          [
            69.8815133,
            53.0830425
          ]
        ]
      }
    },
    {
      "type": "Feature",
      "id": "way/429611616",
      "properties": {
        "role": "mapped_railway",
        "osm_way_id": "429611616",
        "electrified": "contact_line",
        "frequency": "50",
        "gauge": "1520",
        "maxspeed": "230",
        "name": "Трансказахстанская железнодорожная магистраль",
        "passenger_lines": "2",
        "railway": "rail",
        "source": "bing",
        "usage": "main",
        "voltage": "25000"
      },
      "geometry": {
        "type": "LineString",
        "coordinates": [
          [
            71.1926516,
            51.4458695
          ],
          [
            71.1928798,
            51.4453043
          ],
          [
            71.1930794,
            51.4448228
          ],
          [
            71.193359,
            51.4441067
          ],
          [
            71.1935094,
            51.4437548
          ],
          [
            71.1936744,
            51.4434539
          ],
          [
            71.1938189,
            51.4432146
          ],
          [
            71.1940294,
            51.4429181
          ],
          [
            71.1943631,
            51.4424774
          ],
          [
            71.1947326,
            51.4421151
          ],
          [
            71.1949887,
            51.4418936
          ],
          [
            71.1951879,
            51.4417348
          ],
          [
            71.1955052,
            51.4415017
          ],
          [
            71.1964085,
            51.4408627
          ],
          [
            71.1971959,
            51.4403068
          ],
          [
            71.1992701,
            51.4388475
          ],
          [
            71.2021069,
            51.4368458
          ],
          [
            71.204069,
            51.4354641
          ],
          [
            71.2093152,
            51.4317607
          ],
          [
            71.2186076,
            51.4251926
          ],
          [
            71.2310214,
            51.4164121
          ],
          [
            71.2323285,
            51.4154931
          ],
          [
            71.2330923,
            51.4149567
          ],
          [
            71.2348782,
            51.4136955
          ],
          [
            71.235677,
            51.4131139
          ],
          [
            71.2362401,
            51.4126795
          ],
          [
            71.2366382,
            51.4123509
          ],
          [
            71.2370753,
            51.4119752
          ],
          [
            71.2376934,
            51.4114056
          ],
          [
            71.2389058,
            51.4102381
          ],
          [
            71.2405242,
            51.4086591
          ],
          [
            71.2429181,
            51.4063523
          ],
          [
            71.2441157,
            51.4051904
          ],
          [
            71.2448778,
            51.4044437
          ],
          [
            71.2473211,
            51.4020772
          ],
          [
            71.2486873,
            51.4007557
          ],
          [
            71.2500763,
            51.3994091
          ],
          [
            71.2516375,
            51.3978881
          ],
          [
            71.2528318,
            51.3967283
          ],
          [
            71.2537667,
            51.3958305
          ],
          [
            71.2542989,
            51.3953122
          ],
          [
            71.2549165,
            51.3946816
          ],
          [
            71.2553057,
            51.3942606
          ],
          [
            71.2555876,
            51.3939328
          ],
          [
            71.2559335,
            51.3935038
          ],
          [
            71.2562329,
            51.3931186
          ],
          [
            71.2565208,
            51.3927271
          ],
          [
            71.2568719,
            51.3922002
          ],
          [
            71.2590782,
            51.3888819
          ],
          [
            71.2613681,
            51.3854501
          ],
          [
            71.2640242,
            51.3814802
          ],
          [
            71.2665406,
            51.3777085
          ],
          [
            71.2694224,
            51.373392
          ],
          [
            71.2729495,
            51.3680951
          ],
          [
            71.2757555,
            51.3639094
          ],
          [
            71.277931,
            51.3606385
          ],
          [
            71.2792897,
            51.3585968
          ],
          [
            71.282473,
            51.3538021
          ],
          [
            71.2834595,
            51.3523353
          ],
          [
            71.2906969,
            51.3414653
          ],
          [
            71.2954098,
            51.3343608
          ],
          [
            71.3000246,
            51.327395
          ],
          [
            71.3031389,
            51.322684
          ],
          [
            71.3052259,
            51.3195393
          ],
          [
            71.3061983,
            51.3180839
          ],
          [
            71.3072652,
            51.3164602
          ],
          [
            71.3106824,
            51.3112962
          ],
          [
            71.3123587,
            51.3087658
          ],
          [
            71.3136229,
            51.3068385
          ],
          [
            71.3155287,
            51.3039542
          ],
          [
            71.3167963,
            51.3019495
          ],
          [
            71.3176,
            51.300704
          ],
          [
            71.3184914,
            51.2994315
          ],
          [
            71.319364,
            51.2981074
          ],
          [
            71.3201348,
            51.2969594
          ],
          [
            71.3207781,
            51.2959783
          ],
          [
            71.3212871,
            51.2952039
          ],
          [
            71.3224412,
            51.293444
          ],
          [
            71.3244305,
            51.2905824
          ],
          [
            71.3260072,
            51.2881866
          ],
          [
            71.3271014,
            51.286504
          ],
          [
            71.331158,
            51.280331
          ],
          [
            71.3318925,
            51.2792148
          ],
          [
            71.3332667,
            51.2771278
          ],
          [
            71.3354581,
            51.2738091
          ],
          [
            71.3358464,
            51.2732141
          ],
          [
            71.3373552,
            51.2709048
          ],
          [
            71.3386164,
            51.2689767
          ],
          [
            71.3398529,
            51.2670681
          ],
          [
            71.3412246,
            51.264987
          ],
          [
            71.342593,
            51.2628955
          ],
          [
            71.3440214,
            51.2607406
          ],
          [
            71.3462241,
            51.2573807
          ],
          [
            71.3480414,
            51.2545901
          ],
          [
            71.3488581,
            51.2533492
          ],
          [
            71.3496475,
            51.2521389
          ],
          [
            71.3505461,
            51.2507281
          ],
          [
            71.3513653,
            51.2495208
          ],
          [
            71.3521498,
            51.2482638
          ],
          [
            71.3526047,
            51.2475849
          ],
          [
            71.3539746,
            51.2453694
          ]
        ]
      }
    },
    {
      "type": "Feature",
      "id": "way/429611619",
      "properties": {
        "role": "mapped_railway",
        "osm_way_id": "429611619",
        "electrified": "contact_line",
        "frequency": "50",
        "gauge": "1520",
        "name": "Kurort Borowoe - Astana",
        "passenger_lines": "2",
        "railway": "rail",
        "source": "bing",
        "usage": "main",
        "voltage": "25000"
      },
      "geometry": {
        "type": "LineString",
        "coordinates": [
          [
            71.1893401,
            51.4606854
          ],
          [
            71.1894998,
            51.459847
          ],
          [
            71.1897441,
            51.4588906
          ],
          [
            71.1898565,
            51.4582317
          ],
          [
            71.1899687,
            51.4577516
          ],
          [
            71.190299,
            51.4559583
          ],
          [
            71.1903961,
            51.4555065
          ],
          [
            71.1908822,
            51.4531227
          ],
          [
            71.1913119,
            51.4508935
          ],
          [
            71.1914312,
            51.4502342
          ],
          [
            71.1919518,
            51.4477825
          ],
          [
            71.1921231,
            51.4472444
          ],
          [
            71.1924888,
            51.4463008
          ],
          [
            71.1926516,
            51.4458695
          ]
        ]
      }
    },
    {
      "type": "Feature",
      "id": "way/429611622",
      "properties": {
        "role": "mapped_railway",
        "osm_way_id": "429611622",
        "electrified": "contact_line",
        "frequency": "50",
        "gauge": "1520",
        "name": "Трансказахстанская железнодорожная магистраль",
        "passenger_lines": "2",
        "railway": "rail",
        "source": "bing",
        "usage": "main",
        "voltage": "25000"
      },
      "geometry": {
        "type": "LineString",
        "coordinates": [
          [
            70.9995409,
            51.7093531
          ],
          [
            70.9993052,
            51.7086499
          ],
          [
            70.9989183,
            51.7075105
          ],
          [
            70.9986952,
            51.706895
          ],
          [
            70.9986352,
            51.7067307
          ],
          [
            70.9984413,
            51.7062069
          ],
          [
            70.9979872,
            51.7048254
          ],
          [
            70.9978057,
            51.7042914
          ],
          [
            70.997691,
            51.703905
          ],
          [
            70.9975952,
            51.7033439
          ],
          [
            70.9975472,
            51.7029646
          ],
          [
            70.9975348,
            51.7026915
          ],
          [
            70.9975402,
            51.7024155
          ],
          [
            70.9975657,
            51.7021296
          ],
          [
            70.9976006,
            51.7017692
          ],
          [
            70.9976703,
            51.7013624
          ],
          [
            70.9977313,
            51.7011015
          ],
          [
            70.9978064,
            51.7008508
          ],
          [
            70.9979251,
            51.7005238
          ],
          [
            70.998137,
            51.6999977
          ],
          [
            70.9983154,
            51.6996473
          ],
          [
            70.9985477,
            51.6992461
          ],
          [
            70.999006,
            51.6985156
          ],
          [
            70.9993654,
            51.6979271
          ],
          [
            70.9995867,
            51.6975772
          ],
          [
            70.9998335,
            51.6972223
          ],
          [
            71.0001992,
            51.6967623
          ],
          [
            71.0007354,
            51.6961145
          ],
          [
            71.0012653,
            51.6954704
          ]
        ]
      }
    },
    {
      "type": "Feature",
      "id": "way/429611624",
      "properties": {
        "role": "mapped_railway",
        "osm_way_id": "429611624",
        "electrified": "contact_line",
        "frequency": "50",
        "gauge": "1520",
        "maxspeed": "230",
        "name": "Трансказахстанская железнодорожная магистраль",
        "passenger_lines": "2",
        "railway": "rail",
        "source": "bing",
        "usage": "main",
        "voltage": "25000"
      },
      "geometry": {
        "type": "LineString",
        "coordinates": [
          [
            71.0012653,
            51.6954704
          ],
          [
            71.0015197,
            51.69516
          ],
          [
            71.0016064,
            51.6950542
          ],
          [
            71.0022113,
            51.6943087
          ],
          [
            71.0024473,
            51.6940119
          ],
          [
            71.0029018,
            51.6934406
          ],
          [
            71.003113,
            51.6932029
          ],
          [
            71.0033452,
            51.6929619
          ],
          [
            71.0036573,
            51.6926564
          ],
          [
            71.0042482,
            51.6921771
          ],
          [
            71.004687,
            51.6918746
          ],
          [
            71.0049672,
            51.6916884
          ],
          [
            71.0053672,
            51.6914489
          ],
          [
            71.0057293,
            51.6912557
          ],
          [
            71.0061462,
            51.691057
          ],
          [
            71.0066141,
            51.6908528
          ],
          [
            71.0073578,
            51.6905712
          ],
          [
            71.0097807,
            51.689852
          ],
          [
            71.0144885,
            51.6884507
          ],
          [
            71.0191232,
            51.6870998
          ],
          [
            71.0202778,
            51.6867721
          ],
          [
            71.0213836,
            51.6864192
          ],
          [
            71.021969,
            51.6862025
          ],
          [
            71.0224812,
            51.6859958
          ],
          [
            71.0229935,
            51.6857438
          ],
          [
            71.0234488,
            51.6855169
          ],
          [
            71.023831,
            51.6853002
          ],
          [
            71.0242294,
            51.6850683
          ],
          [
            71.0250018,
            51.6844885
          ],
          [
            71.0253164,
            51.6842113
          ],
          [
            71.0256282,
            51.6838988
          ],
          [
            71.0261837,
            51.6832686
          ],
          [
            71.0264332,
            51.6828938
          ],
          [
            71.0266446,
            51.6825611
          ],
          [
            71.0268372,
            51.6821897
          ],
          [
            71.0270078,
            51.6818117
          ],
          [
            71.027108,
            51.6815243
          ],
          [
            71.0272275,
            51.6811075
          ],
          [
            71.0273035,
            51.680395
          ],
          [
            71.0272791,
            51.679437
          ],
          [
            71.0272708,
            51.6792869
          ]
        ]
      }
    },
    {
      "type": "Feature",
      "id": "way/429611627",
      "properties": {
        "role": "mapped_railway",
        "osm_way_id": "429611627",
        "electrified": "contact_line",
        "frequency": "50",
        "gauge": "1520",
        "maxspeed": "230",
        "name": "Kurort Borowoe - Kokchetau",
        "passenger_lines": "2",
        "railway": "rail",
        "source": "bing",
        "usage": "main",
        "voltage": "25000"
      },
      "geometry": {
        "type": "LineString",
        "coordinates": [
          [
            69.8804525,
            53.0834175
          ],
          [
            69.8796386,
            53.0836418
          ]
        ]
      }
    },
    {
      "type": "Feature",
      "id": "way/429611629",
      "properties": {
        "role": "mapped_railway",
        "osm_way_id": "429611629",
        "electrified": "contact_line",
        "frequency": "50",
        "gauge": "1520",
        "maxspeed": "230",
        "name": "Kurort Borowoe - Kokchetau",
        "passenger_lines": "2",
        "railway": "rail",
        "source": "bing",
        "usage": "main",
        "voltage": "25000"
      },
      "geometry": {
        "type": "LineString",
        "coordinates": [
          [
            69.8613942,
            53.0886554
          ],
          [
            69.860104,
            53.0890062
          ],
          [
            69.8593494,
            53.0892114
          ]
        ]
      }
    },
    {
      "type": "Feature",
      "id": "way/429611631",
      "properties": {
        "role": "mapped_railway",
        "osm_way_id": "429611631",
        "electrified": "contact_line",
        "frequency": "50",
        "gauge": "1520",
        "maxspeed": "230",
        "name": "Kurort Borowoe - Kokchetau",
        "passenger_lines": "2",
        "railway": "rail",
        "source": "bing",
        "usage": "main",
        "voltage": "25000"
      },
      "geometry": {
        "type": "LineString",
        "coordinates": [
          [
            69.8796386,
            53.0836418
          ],
          [
            69.8790774,
            53.0837964
          ],
          [
            69.8667223,
            53.0872004
          ],
          [
            69.8650087,
            53.0876724
          ],
          [
            69.8613942,
            53.0886554
          ]
        ]
      }
    },
    {
      "type": "Feature",
      "id": "way/429611633",
      "properties": {
        "role": "mapped_railway",
        "osm_way_id": "429611633",
        "electrified": "contact_line",
        "frequency": "50",
        "gauge": "1520",
        "maxspeed": "230",
        "name": "Трансказахстанская железнодорожная магистраль",
        "passenger_lines": "2",
        "railway": "rail",
        "source": "bing",
        "usage": "main",
        "voltage": "25000"
      },
      "geometry": {
        "type": "LineString",
        "coordinates": [
          [
            69.9542515,
            53.0318661
          ],
          [
            69.9527476,
            53.0321602
          ],
          [
            69.9518192,
            53.0324576
          ],
          [
            69.9511185,
            53.0327514
          ],
          [
            69.950274,
            53.0331866
          ],
          [
            69.9494213,
            53.0337112
          ],
          [
            69.9486879,
            53.0343119
          ],
          [
            69.9482351,
            53.0348054
          ],
          [
            69.9478022,
            53.0353767
          ],
          [
            69.9475045,
            53.0359423
          ],
          [
            69.947322,
            53.0364645
          ],
          [
            69.9472339,
            53.0367942
          ],
          [
            69.9472047,
            53.0371594
          ],
          [
            69.94721,
            53.0375081
          ],
          [
            69.9472472,
            53.0378909
          ],
          [
            69.9474127,
            53.0384359
          ],
          [
            69.9476007,
            53.0389109
          ],
          [
            69.9478067,
            53.0392754
          ],
          [
            69.9480593,
            53.0395793
          ],
          [
            69.9483013,
            53.0398909
          ],
          [
            69.9485828,
            53.0401974
          ],
          [
            69.9488875,
            53.0404783
          ],
          [
            69.9500777,
            53.0416196
          ],
          [
            69.9527513,
            53.0442227
          ],
          [
            69.9541502,
            53.0456307
          ],
          [
            69.9546312,
            53.0461498
          ],
          [
            69.9549049,
            53.0464978
          ],
          [
            69.9551596,
            53.046865
          ],
          [
            69.9554094,
            53.0472663
          ],
          [
            69.9556242,
            53.047678
          ],
          [
            69.9558148,
            53.0481004
          ],
          [
            69.9559741,
            53.0485582
          ],
          [
            69.956061,
            53.0489068
          ],
          [
            69.9561319,
            53.0492651
          ],
          [
            69.9566694,
            53.0527402
          ],
          [
            69.9571181,
            53.0562205
          ],
          [
            69.9571457,
            53.0566682
          ],
          [
            69.9571228,
            53.0570677
          ],
          [
            69.957021,
            53.0575739
          ],
          [
            69.9568453,
            53.0580498
          ],
          [
            69.9566798,
            53.0583666
          ],
          [
            69.9564856,
            53.0586907
          ],
          [
            69.9563381,
            53.0588513
          ],
          [
            69.9549233,
            53.060738
          ],
          [
            69.9524542,
            53.0618887
          ],
          [
            69.9490436,
            53.0625216
          ],
          [
            69.9459478,
            53.0629717
          ],
          [
            69.9424074,
            53.0638706
          ],
          [
            69.9361644,
            53.0660916
          ],
          [
            69.925019,
            53.0703259
          ],
          [
            69.913371,
            53.0743807
          ],
          [
            69.9077709,
            53.0760027
          ],
          [
            69.888664,
            53.081155
          ],
          [
            69.8804525,
            53.0834175
          ]
        ]
      }
    },
    {
      "type": "Feature",
      "id": "way/429623541",
      "properties": {
        "role": "mapped_railway",
        "osm_way_id": "429623541",
        "electrified": "contact_line",
        "frequency": "50",
        "gauge": "1520",
        "railway": "rail",
        "service": "crossover",
        "voltage": "25000"
      },
      "geometry": {
        "type": "LineString",
        "coordinates": [
          [
            70.282168,
            52.8015067
          ],
          [
            70.2826521,
            52.8010442
          ]
        ]
      }
    },
    {
      "type": "Feature",
      "id": "way/429623563",
      "properties": {
        "role": "mapped_railway",
        "osm_way_id": "429623563",
        "electrified": "contact_line",
        "frequency": "50",
        "gauge": "1520",
        "maxspeed": "230",
        "name": "Kurort Borowoe - Astana",
        "passenger_lines": "2",
        "railway": "rail",
        "usage": "main",
        "voltage": "25000"
      },
      "geometry": {
        "type": "LineString",
        "coordinates": [
          [
            70.282168,
            52.8015067
          ],
          [
            70.2827111,
            52.8008141
          ],
          [
            70.2827475,
            52.8007677
          ],
          [
            70.2829507,
            52.8005129
          ],
          [
            70.2880726,
            52.7940884
          ],
          [
            70.2883314,
            52.7937638
          ],
          [
            70.2894582,
            52.7923585
          ],
          [
            70.2904953,
            52.7910548
          ],
          [
            70.2905708,
            52.7909599
          ],
          [
            70.2910172,
            52.7904017
          ],
          [
            70.2922929,
            52.7888064
          ]
        ]
      }
    },
    {
      "type": "Feature",
      "id": "way/429623571",
      "properties": {
        "role": "mapped_railway",
        "osm_way_id": "429623571",
        "electrified": "contact_line",
        "frequency": "50",
        "gauge": "1520",
        "maxspeed": "230",
        "name": "Kurort Borowoe - Astana",
        "passenger_lines": "2",
        "railway": "rail",
        "source": "bing",
        "usage": "main",
        "voltage": "25000"
      },
      "geometry": {
        "type": "LineString",
        "coordinates": [
          [
            70.5980754,
            52.2694817
          ],
          [
            70.5991151,
            52.2681991
          ],
          [
            70.6044618,
            52.2616698
          ],
          [
            70.6371425,
            52.2214071
          ],
          [
            70.648053,
            52.2079981
          ],
          [
            70.6550977,
            52.1992997
          ],
          [
            70.6573245,
            52.196211
          ],
          [
            70.6604068,
            52.1918073
          ],
          [
            70.6626796,
            52.1889417
          ],
          [
            70.6649648,
            52.1861357
          ],
          [
            70.6985744,
            52.1441251
          ],
          [
            70.7015504,
            52.1400284
          ]
        ]
      }
    },
    {
      "type": "Feature",
      "id": "way/429623574",
      "properties": {
        "role": "mapped_railway",
        "osm_way_id": "429623574",
        "electrified": "contact_line",
        "frequency": "50",
        "gauge": "1520",
        "maxspeed": "230",
        "name": "Kurort Borowoe - Astana",
        "passenger_lines": "2",
        "railway": "rail",
        "source": "bing",
        "usage": "main",
        "voltage": "25000"
      },
      "geometry": {
        "type": "LineString",
        "coordinates": [
          [
            70.7017295,
            52.1400847
          ],
          [
            70.6986274,
            52.1441403
          ],
          [
            70.6650162,
            52.1861511
          ],
          [
            70.662732,
            52.1889575
          ],
          [
            70.66046,
            52.1918222
          ],
          [
            70.6573781,
            52.1962253
          ],
          [
            70.6551506,
            52.1993149
          ],
          [
            70.6481053,
            52.2080141
          ],
          [
            70.6371949,
            52.221423
          ],
          [
            70.6045141,
            52.2616858
          ],
          [
            70.5988683,
            52.2686139
          ],
          [
            70.5984783,
            52.2691007
          ]
        ]
      }
    },
    {
      "type": "Feature",
      "id": "way/429623577",
      "properties": {
        "role": "mapped_railway",
        "osm_way_id": "429623577",
        "electrified": "contact_line",
        "frequency": "50",
        "gauge": "1520",
        "name": "Kurort Borowoe - Astana",
        "passenger_lines": "2",
        "railway": "rail",
        "source": "bing",
        "usage": "main",
        "voltage": "25000"
      },
      "geometry": {
        "type": "LineString",
        "coordinates": [
          [
            70.5977367,
            52.2698995
          ],
          [
            70.5980754,
            52.2694817
          ]
        ]
      }
    },
    {
      "type": "Feature",
      "id": "way/429623580",
      "properties": {
        "role": "mapped_railway",
        "osm_way_id": "429623580",
        "electrified": "contact_line",
        "frequency": "50",
        "gauge": "1520",
        "maxspeed": "230",
        "name": "Kurort Borowoe - Astana",
        "passenger_lines": "2",
        "railway": "rail",
        "usage": "main",
        "voltage": "25000"
      },
      "geometry": {
        "type": "LineString",
        "coordinates": [
          [
            70.2922929,
            52.7888064
          ],
          [
            70.2954782,
            52.784816
          ],
          [
            70.2970108,
            52.7829014
          ]
        ]
      }
    },
    {
      "type": "Feature",
      "id": "way/429623583",
      "properties": {
        "role": "mapped_railway",
        "osm_way_id": "429623583",
        "electrified": "contact_line",
        "frequency": "50",
        "gauge": "1520",
        "name": "Kurort Borowoe - Astana",
        "passenger_lines": "2",
        "railway": "rail",
        "usage": "main",
        "voltage": "25000"
      },
      "geometry": {
        "type": "LineString",
        "coordinates": [
          [
            70.2918967,
            52.7894586
          ],
          [
            70.2915867,
            52.789847
          ],
          [
            70.2913384,
            52.7901631
          ]
        ]
      }
    },
    {
      "type": "Feature",
      "id": "way/429623586",
      "properties": {
        "role": "mapped_railway",
        "osm_way_id": "429623586",
        "electrified": "contact_line",
        "frequency": "50",
        "gauge": "1520",
        "name": "Kurort Borowoe - Astana",
        "passenger_lines": "2",
        "railway": "rail",
        "source": "bing",
        "usage": "main",
        "voltage": "25000"
      },
      "geometry": {
        "type": "LineString",
        "coordinates": [
          [
            70.5883956,
            52.2813354
          ],
          [
            70.591123,
            52.2780022
          ],
          [
            70.5977367,
            52.2698995
          ]
        ]
      }
    },
    {
      "type": "Feature",
      "id": "way/429623589",
      "properties": {
        "role": "mapped_railway",
        "osm_way_id": "429623589",
        "electrified": "contact_line",
        "frequency": "50",
        "gauge": "1520",
        "name": "Kurort Borowoe - Astana",
        "passenger_lines": "2",
        "railway": "rail",
        "usage": "main",
        "voltage": "25000"
      },
      "geometry": {
        "type": "LineString",
        "coordinates": [
          [
            70.283059,
            52.8005341
          ],
          [
            70.2828405,
            52.8008081
          ],
          [
            70.282809,
            52.8008476
          ],
          [
            70.2826521,
            52.8010442
          ]
        ]
      }
    },
    {
      "type": "Feature",
      "id": "way/429623592",
      "properties": {
        "role": "mapped_railway",
        "osm_way_id": "429623592",
        "electrified": "contact_line",
        "frequency": "50",
        "gauge": "1520",
        "maxspeed": "230",
        "name": "Kurort Borowoe - Astana",
        "passenger_lines": "2",
        "railway": "rail",
        "usage": "main",
        "voltage": "25000"
      },
      "geometry": {
        "type": "LineString",
        "coordinates": [
          [
            70.2971173,
            52.782931
          ],
          [
            70.2955823,
            52.7848445
          ],
          [
            70.2918967,
            52.7894586
          ]
        ]
      }
    },
    {
      "type": "Feature",
      "id": "way/429623594",
      "properties": {
        "role": "mapped_railway",
        "osm_way_id": "429623594",
        "electrified": "contact_line",
        "frequency": "50",
        "gauge": "1520",
        "name": "Kurort Borowoe - Astana",
        "passenger_lines": "2",
        "railway": "rail",
        "source": "bing",
        "usage": "main",
        "voltage": "25000"
      },
      "geometry": {
        "type": "LineString",
        "coordinates": [
          [
            70.5869152,
            52.2831699
          ],
          [
            70.5873019,
            52.2826877
          ],
          [
            70.5879416,
            52.2818903
          ],
          [
            70.5883956,
            52.2813354
          ]
        ]
      }
    },
    {
      "type": "Feature",
      "id": "way/429623597",
      "properties": {
        "role": "mapped_railway",
        "osm_way_id": "429623597",
        "electrified": "contact_line",
        "frequency": "50",
        "gauge": "1520",
        "maxspeed": "230",
        "name": "Kurort Borowoe - Astana",
        "passenger_lines": "2",
        "railway": "rail",
        "usage": "main",
        "voltage": "25000"
      },
      "geometry": {
        "type": "LineString",
        "coordinates": [
          [
            70.2913384,
            52.7901631
          ],
          [
            70.290675,
            52.790989
          ],
          [
            70.2895502,
            52.7924015
          ],
          [
            70.2884353,
            52.793793
          ],
          [
            70.2881779,
            52.7941157
          ],
          [
            70.283059,
            52.8005341
          ]
        ]
      }
    },
    {
      "type": "Feature",
      "id": "way/429623600",
      "properties": {
        "role": "mapped_railway",
        "osm_way_id": "429623600",
        "electrified": "contact_line",
        "frequency": "50",
        "gauge": "1520",
        "name": "Kurort Borowoe - Astana",
        "passenger_lines": "2",
        "railway": "rail",
        "source": "bing",
        "usage": "main",
        "voltage": "25000"
      },
      "geometry": {
        "type": "LineString",
        "coordinates": [
          [
            70.5984783,
            52.2691007
          ],
          [
            70.5977714,
            52.269983
          ],
          [
            70.5887066,
            52.2811122
          ],
          [
            70.5880066,
            52.2819541
          ],
          [
            70.5879099,
            52.2820888
          ],
          [
            70.5873964,
            52.2827241
          ],
          [
            70.586539,
            52.2837786
          ]
        ]
      }
    },
    {
      "type": "Feature",
      "id": "way/430454678",
      "properties": {
        "role": "mapped_railway",
        "osm_way_id": "430454678",
        "electrified": "contact_line",
        "frequency": "50",
        "gauge": "1520",
        "name": "Astana",
        "railway": "rail",
        "source": "bing",
        "usage": "main",
        "voltage": "25000"
      },
      "geometry": {
        "type": "LineString",
        "coordinates": [
          [
            71.4274489,
            51.1903739
          ],
          [
            71.4368893,
            51.1873892
          ],
          [
            71.4422509,
            51.1856755
          ],
          [
            71.4459918,
            51.1844552
          ],
          [
            71.4475617,
            51.1839783
          ]
        ]
      }
    },
    {
      "type": "Feature",
      "id": "way/430454680",
      "properties": {
        "role": "mapped_railway",
        "osm_way_id": "430454680",
        "electrified": "contact_line",
        "frequency": "50",
        "gauge": "1520",
        "name": "Южсиб",
        "railway": "rail",
        "usage": "main",
        "voltage": "25000"
      },
      "geometry": {
        "type": "LineString",
        "coordinates": [
          [
            71.5534134,
            51.1453501
          ],
          [
            71.5519335,
            51.1456821
          ],
          [
            71.5511897,
            51.1458551
          ],
          [
            71.5506127,
            51.1460235
          ],
          [
            71.5504442,
            51.146086
          ],
          [
            71.5496544,
            51.1463791
          ],
          [
            71.5484197,
            51.1468482
          ],
          [
            71.5466283,
            51.1474754
          ],
          [
            71.5457413,
            51.1478003
          ],
          [
            71.5310946,
            51.1533693
          ],
          [
            71.4923575,
            51.1680541
          ],
          [
            71.4897993,
            51.1691002
          ],
          [
            71.4873156,
            51.1700706
          ]
        ]
      }
    },
    {
      "type": "Feature",
      "id": "way/430454691",
      "properties": {
        "role": "mapped_railway",
        "osm_way_id": "430454691",
        "electrified": "contact_line",
        "frequency": "50",
        "gauge": "1520",
        "railway": "rail",
        "usage": "main",
        "voltage": "25000"
      },
      "geometry": {
        "type": "LineString",
        "coordinates": [
          [
            71.4484715,
            51.1837411
          ],
          [
            71.4478748,
            51.183932
          ],
          [
            71.4467295,
            51.1842632
          ],
          [
            71.4461341,
            51.1844558
          ],
          [
            71.4422652,
            51.1857068
          ],
          [
            71.43998,
            51.1864415
          ],
          [
            71.4284693,
            51.1901021
          ],
          [
            71.427851,
            51.1902979
          ],
          [
            71.4266092,
            51.1906736
          ],
          [
            71.4254344,
            51.1910451
          ],
          [
            71.4251213,
            51.191147
          ],
          [
            71.4236788,
            51.1915964
          ],
          [
            71.4216923,
            51.192239
          ],
          [
            71.4208017,
            51.1925073
          ]
        ]
      }
    },
    {
      "type": "Feature",
      "id": "way/497328593",
      "properties": {
        "role": "mapped_railway",
        "osm_way_id": "497328593",
        "bridge": "yes",
        "electrified": "contact_line",
        "fixme": "possibly viaduct",
        "frequency": "50",
        "gauge": "1520",
        "layer": "1",
        "railway": "rail",
        "source": "Sentinel-2;MapBox",
        "usage": "main",
        "voltage": "25000"
      },
      "geometry": {
        "type": "LineString",
        "coordinates": [
          [
            71.5303463,
            51.1284077
          ],
          [
            71.5304965,
            51.1278539
          ],
          [
            71.5306949,
            51.1273372
          ],
          [
            71.5314513,
            51.1257548
          ],
          [
            71.5333933,
            51.1216774
          ],
          [
            71.5337178,
            51.1209619
          ],
          [
            71.5339512,
            51.1203946
          ],
          [
            71.5341014,
            51.1197616
          ],
          [
            71.534155,
            51.1190376
          ],
          [
            71.5341336,
            51.1184921
          ],
          [
            71.5340531,
            51.1179785
          ],
          [
            71.5338868,
            51.117433
          ]
        ]
      }
    },
    {
      "type": "Feature",
      "id": "way/497358000",
      "properties": {
        "role": "mapped_railway",
        "osm_way_id": "497358000",
        "bridge": "yes",
        "electrified": "contact_line",
        "gauge": "1520",
        "layer": "1",
        "railway": "rail",
        "source": "Sentinel-2;MapBox"
      },
      "geometry": {
        "type": "LineString",
        "coordinates": [
          [
            71.5335515,
            51.1373518
          ],
          [
            71.5329962,
            51.1362511
          ]
        ]
      }
    },
    {
      "type": "Feature",
      "id": "way/497358002",
      "properties": {
        "role": "mapped_railway",
        "osm_way_id": "497358002",
        "bridge": "yes",
        "electrified": "contact_line",
        "frequency": "50",
        "gauge": "1520",
        "layer": "1",
        "railway": "rail",
        "usage": "main",
        "voltage": "25000"
      },
      "geometry": {
        "type": "LineString",
        "coordinates": [
          [
            71.5336025,
            51.1170677
          ],
          [
            71.5334067,
            51.1167056
          ],
          [
            71.5330218,
            51.1159892
          ]
        ]
      }
    },
    {
      "type": "Feature",
      "id": "way/497358003",
      "properties": {
        "role": "mapped_railway",
        "osm_way_id": "497358003",
        "bridge": "yes",
        "electrified": "contact_line",
        "frequency": "50",
        "gauge": "1520",
        "layer": "1",
        "railway": "rail",
        "usage": "main",
        "voltage": "25000"
      },
      "geometry": {
        "type": "LineString",
        "coordinates": [
          [
            71.5336083,
            51.1166976
          ],
          [
            71.5334979,
            51.1163066
          ],
          [
            71.5333021,
            51.1153368
          ],
          [
            71.5332269,
            51.1150741
          ],
          [
            71.533214,
            51.115041
          ],
          [
            71.5321774,
            51.1123854
          ]
        ]
      }
    },
    {
      "type": "Feature",
      "id": "way/497358004",
      "properties": {
        "role": "mapped_railway",
        "osm_way_id": "497358004",
        "bridge": "yes",
        "electrified": "contact_line",
        "frequency": "50",
        "gauge": "1520",
        "layer": "1",
        "railway": "rail",
        "service": "siding",
        "voltage": "25000"
      },
      "geometry": {
        "type": "LineString",
        "coordinates": [
          [
            71.5334067,
            51.1167056
          ],
          [
            71.5331814,
            51.1163824
          ],
          [
            71.5327683,
            51.1158891
          ],
          [
            71.5326047,
            51.1156634
          ],
          [
            71.5324357,
            51.1153586
          ],
          [
            71.532363,
            51.1151717
          ],
          [
            71.5313333,
            51.1125227
          ]
        ]
      }
    },
    {
      "type": "Feature",
      "id": "way/497358005",
      "properties": {
        "role": "mapped_railway",
        "osm_way_id": "497358005",
        "electrified": "contact_line",
        "frequency": "50",
        "gauge": "1520",
        "railway": "rail",
        "usage": "main",
        "voltage": "25000"
      },
      "geometry": {
        "type": "LineString",
        "coordinates": [
          [
            71.5344903,
            51.1518921
          ],
          [
            71.5354383,
            51.1514188
          ],
          [
            71.5362123,
            51.150997
          ],
          [
            71.5369606,
            51.150457
          ],
          [
            71.5375721,
            51.1498984
          ],
          [
            71.5381059,
            51.1492271
          ],
          [
            71.53838,
            51.1487742
          ],
          [
            71.5383949,
            51.1487495
          ],
          [
            71.5386102,
            51.148236
          ],
          [
            71.538759,
            51.1477018
          ],
          [
            71.5387737,
            51.1472164
          ],
          [
            71.5387349,
            51.1467175
          ],
          [
            71.5386607,
            51.1462448
          ],
          [
            71.5385002,
            51.145766
          ],
          [
            71.5383004,
            51.1453293
          ],
          [
            71.5379905,
            51.1448438
          ],
          [
            71.5376084,
            51.1444173
          ],
          [
            71.5373504,
            51.1441203
          ],
          [
            71.5367863,
            51.1435279
          ],
          [
            71.5362981,
            51.1429979
          ],
          [
            71.5360433,
            51.1426664
          ],
          [
            71.5357563,
            51.1421918
          ],
          [
            71.535421,
            51.1414952
          ]
        ]
      }
    },
    {
      "type": "Feature",
      "id": "way/498199582",
      "properties": {
        "role": "mapped_railway",
        "osm_way_id": "498199582",
        "gauge": "1520",
        "railway": "rail",
        "service": "siding"
      },
      "geometry": {
        "type": "LineString",
        "coordinates": [
          [
            71.4387594,
            51.1854494
          ],
          [
            71.4378959,
            51.185621
          ],
          [
            71.4369357,
            51.1856614
          ],
          [
            71.435852,
            51.1856984
          ],
          [
            71.4349205,
            51.1857762
          ],
          [
            71.4324295,
            51.1859842
          ],
          [
            71.429801,
            51.1861657
          ]
        ]
      }
    },
    {
      "type": "Feature",
      "id": "way/498199584",
      "properties": {
        "role": "mapped_railway",
        "osm_way_id": "498199584",
        "railway": "rail",
        "service": "siding"
      },
      "geometry": {
        "type": "LineString",
        "coordinates": [
          [
            71.4401812,
            51.1849275
          ],
          [
            71.4394301,
            51.1850494
          ],
          [
            71.4390171,
            51.1850259
          ],
          [
            71.4382338,
            51.1848914
          ],
          [
            71.437515,
            51.1846896
          ],
          [
            71.4365119,
            51.1843635
          ],
          [
            71.4359754,
            51.1840575
          ],
          [
            71.4357809,
            51.1839541
          ],
          [
            71.4355946,
            51.1837885
          ],
          [
            71.4347738,
            51.1832236
          ],
          [
            71.4339423,
            51.1830117
          ],
          [
            71.4319575,
            51.1827999
          ]
        ]
      }
    },
    {
      "type": "Feature",
      "id": "way/498199585",
      "properties": {
        "role": "mapped_railway",
        "osm_way_id": "498199585",
        "gauge": "1520",
        "railway": "rail",
        "service": "siding"
      },
      "geometry": {
        "type": "LineString",
        "coordinates": [
          [
            71.4356885,
            51.1865764
          ],
          [
            71.4387594,
            51.1854494
          ],
          [
            71.4401812,
            51.1849275
          ],
          [
            71.4407927,
            51.1847031
          ],
          [
            71.4423054,
            51.1840743
          ]
        ]
      }
    },
    {
      "type": "Feature",
      "id": "way/498199591",
      "properties": {
        "role": "mapped_railway",
        "osm_way_id": "498199591",
        "gauge": "1520",
        "railway": "rail",
        "service": "siding"
      },
      "geometry": {
        "type": "LineString",
        "coordinates": [
          [
            71.4233267,
            51.1907153
          ],
          [
            71.4239913,
            51.1901433
          ],
          [
            71.4247531,
            51.1894843
          ],
          [
            71.425665,
            51.1886437
          ]
        ]
      }
    },
    {
      "type": "Feature",
      "id": "way/498199592",
      "properties": {
        "role": "mapped_railway",
        "osm_way_id": "498199592",
        "gauge": "1520",
        "railway": "rail",
        "service": "siding"
      },
      "geometry": {
        "type": "LineString",
        "coordinates": [
          [
            71.4281863,
            51.1868584
          ],
          [
            71.4252466,
            51.189612
          ],
          [
            71.4247423,
            51.1900222
          ],
          [
            71.4241362,
            51.1903551
          ],
          [
            71.4233267,
            51.1907153
          ],
          [
            71.4230257,
            51.1908493
          ],
          [
            71.4222854,
            51.1913435
          ],
          [
            71.4220808,
            51.1915689
          ],
          [
            71.4218088,
            51.1917588
          ],
          [
            71.4216377,
            51.1918949
          ],
          [
            71.4213802,
            51.1920637
          ],
          [
            71.4210664,
            51.1922303
          ],
          [
            71.4209001,
            51.1923059
          ],
          [
            71.4205472,
            51.1924299
          ]
        ]
      }
    },
    {
      "type": "Feature",
      "id": "way/498883123",
      "properties": {
        "role": "mapped_railway",
        "osm_way_id": "498883123",
        "gauge": "1520",
        "railway": "rail",
        "service": "spur"
      },
      "geometry": {
        "type": "LineString",
        "coordinates": [
          [
            71.4120998,
            51.1976931
          ],
          [
            71.4125463,
            51.197572
          ],
          [
            71.4127971,
            51.197514
          ],
          [
            71.4129795,
            51.1974754
          ],
          [
            71.4132182,
            51.1974401
          ],
          [
            71.41341,
            51.1974292
          ],
          [
            71.413626,
            51.1974291
          ],
          [
            71.4146076,
            51.1974847
          ],
          [
            71.4148248,
            51.1975384
          ],
          [
            71.4150985,
            51.197646
          ],
          [
            71.4162465,
            51.1982443
          ],
          [
            71.4169331,
            51.1986141
          ],
          [
            71.4175768,
            51.1987821
          ],
          [
            71.4205045,
            51.199157
          ],
          [
            71.4274313,
            51.1999998
          ],
          [
            71.4278143,
            51.2000648
          ],
          [
            71.428252,
            51.2000965
          ],
          [
            71.4294805,
            51.2000931
          ],
          [
            71.4300857,
            51.1999867
          ],
          [
            71.4303603,
            51.1999385
          ],
          [
            71.4308806,
            51.1997536
          ],
          [
            71.431358,
            51.199404
          ],
          [
            71.4315833,
            51.1989973
          ],
          [
            71.4319159,
            51.1981199
          ]
        ]
      }
    },
    {
      "type": "Feature",
      "id": "way/498979567",
      "properties": {
        "role": "mapped_railway",
        "osm_way_id": "498979567",
        "railway": "rail",
        "service": "yard"
      },
      "geometry": {
        "type": "LineString",
        "coordinates": [
          [
            71.4219687,
            51.2016469
          ],
          [
            71.4213681,
            51.2017612
          ],
          [
            71.4211804,
            51.2017645
          ],
          [
            71.4209497,
            51.2017477
          ],
          [
            71.4174145,
            51.2012671
          ],
          [
            71.4169425,
            51.2011595
          ],
          [
            71.4161993,
            51.2008789
          ]
        ]
      }
    },
    {
      "type": "Feature",
      "id": "way/498979568",
      "properties": {
        "role": "mapped_railway",
        "osm_way_id": "498979568",
        "railway": "rail",
        "service": "yard"
      },
      "geometry": {
        "type": "LineString",
        "coordinates": [
          [
            71.41544,
            51.2004271
          ],
          [
            71.4161993,
            51.2008789
          ],
          [
            71.4169478,
            51.2013242
          ],
          [
            71.4178222,
            51.2015057
          ],
          [
            71.4201289,
            51.2017813
          ],
          [
            71.4211267,
            51.2018519
          ],
          [
            71.4215666,
            51.201825
          ],
          [
            71.4219689,
            51.2017444
          ],
          [
            71.4223439,
            51.2015911
          ]
        ]
      }
    },
    {
      "type": "Feature",
      "id": "way/499006648",
      "properties": {
        "role": "mapped_railway",
        "osm_way_id": "499006648",
        "gauge": "1520",
        "railway": "rail",
        "service": "yard"
      },
      "geometry": {
        "type": "LineString",
        "coordinates": [
          [
            71.3956504,
            51.2035674
          ],
          [
            71.3954486,
            51.2037316
          ],
          [
            71.3953467,
            51.2038249
          ],
          [
            71.3952675,
            51.2039173
          ],
          [
            71.3951938,
            51.2040417
          ],
          [
            71.3951442,
            51.2041761
          ],
          [
            71.3951052,
            51.2043207
          ],
          [
            71.3949484,
            51.2050298
          ],
          [
            71.3946723,
            51.2063445
          ],
          [
            71.3945313,
            51.20698
          ]
        ]
      }
    },
    {
      "type": "Feature",
      "id": "way/500429093",
      "properties": {
        "role": "mapped_railway",
        "osm_way_id": "500429093",
        "gauge": "1520",
        "railway": "rail",
        "service": "spur"
      },
      "geometry": {
        "type": "LineString",
        "coordinates": [
          [
            71.3624426,
            51.2396384
          ],
          [
            71.3620107,
            51.2396141
          ],
          [
            71.3616568,
            51.2396368
          ],
          [
            71.3609326,
            51.2398181
          ],
          [
            71.3586769,
            51.2406023
          ],
          [
            71.3578159,
            51.2410339
          ],
          [
            71.357612,
            51.2411632
          ],
          [
            71.3574457,
            51.2412791
          ],
          [
            71.3572848,
            51.2414218
          ],
          [
            71.3571426,
            51.2415595
          ],
          [
            71.3570112,
            51.2417173
          ],
          [
            71.3564104,
            51.2424511
          ],
          [
            71.3556862,
            51.2433461
          ]
        ]
      }
    },
    {
      "type": "Feature",
      "id": "way/504972967",
      "properties": {
        "role": "mapped_railway",
        "osm_way_id": "504972967",
        "railway": "rail",
        "service": "spur"
      },
      "geometry": {
        "type": "LineString",
        "coordinates": [
          [
            71.3537586,
            51.2117
          ],
          [
            71.3539159,
            51.211548
          ],
          [
            71.35427,
            51.2112725
          ],
          [
            71.3548386,
            51.2106205
          ],
          [
            71.3549191,
            51.2102038
          ],
          [
            71.3550156,
            51.2095199
          ],
          [
            71.355139,
            51.2091654
          ],
          [
            71.3554984,
            51.2087822
          ],
          [
            71.3568878,
            51.2078412
          ]
        ]
      }
    },
    {
      "type": "Feature",
      "id": "way/504972968",
      "properties": {
        "role": "mapped_railway",
        "osm_way_id": "504972968",
        "railway": "rail",
        "service": "spur"
      },
      "geometry": {
        "type": "LineString",
        "coordinates": [
          [
            71.3633518,
            51.2087476
          ],
          [
            71.3622522,
            51.2087722
          ],
          [
            71.3608789,
            51.2091217
          ],
          [
            71.3595593,
            51.2098812
          ],
          [
            71.3588775,
            51.210175
          ],
          [
            71.3575315,
            51.210755
          ],
          [
            71.3559544,
            51.2110104
          ],
          [
            71.3546455,
            51.2112994
          ],
          [
            71.3539535,
            51.2115884
          ],
          [
            71.3538301,
            51.2116556
          ],
          [
            71.3537586,
            51.2117
          ],
          [
            71.3508636,
            51.21344
          ],
          [
            71.350386,
            51.2136045
          ],
          [
            71.3496888,
            51.2137995
          ],
          [
            71.3491577,
            51.2140163
          ],
          [
            71.3488814,
            51.2141406
          ]
        ]
      }
    },
    {
      "type": "Feature",
      "id": "way/504972969",
      "properties": {
        "role": "mapped_railway",
        "osm_way_id": "504972969",
        "gauge": "1520",
        "railway": "rail",
        "service": "spur"
      },
      "geometry": {
        "type": "LineString",
        "coordinates": [
          [
            71.3673469,
            51.2087975
          ],
          [
            71.3663413,
            51.208973
          ],
          [
            71.3652362,
            51.208983
          ],
          [
            71.3645174,
            51.2089192
          ],
          [
            71.3633518,
            51.2087476
          ],
          [
            71.361229,
            51.2084352
          ],
          [
            71.3598772,
            51.2083075
          ],
          [
            71.3583483,
            51.2083882
          ],
          [
            71.3568355,
            51.208452
          ]
        ]
      }
    },
    {
      "type": "Feature",
      "id": "way/504972970",
      "properties": {
        "role": "mapped_railway",
        "osm_way_id": "504972970",
        "railway": "rail",
        "service": "spur"
      },
      "geometry": {
        "type": "LineString",
        "coordinates": [
          [
            71.362368,
            51.2064647
          ],
          [
            71.3617909,
            51.2064599
          ],
          [
            71.3614422,
            51.2065473
          ],
          [
            71.3610023,
            51.2067086
          ],
          [
            71.360423,
            51.2070279
          ],
          [
            71.3594896,
            51.2077169
          ]
        ]
      }
    },
    {
      "type": "Feature",
      "id": "way/504972971",
      "properties": {
        "role": "mapped_railway",
        "osm_way_id": "504972971",
        "gauge": "1520",
        "railway": "rail",
        "service": "spur"
      },
      "geometry": {
        "type": "LineString",
        "coordinates": [
          [
            71.3674947,
            51.2081317
          ],
          [
            71.362368,
            51.2064647
          ],
          [
            71.3617493,
            51.2062104
          ],
          [
            71.3615133,
            51.2059549
          ],
          [
            71.3601722,
            51.205155
          ]
        ]
      }
    },
    {
      "type": "Feature",
      "id": "way/504972972",
      "properties": {
        "role": "mapped_railway",
        "osm_way_id": "504972972",
        "gauge": "1520",
        "railway": "rail",
        "service": "spur"
      },
      "geometry": {
        "type": "LineString",
        "coordinates": [
          [
            71.3696842,
            51.2081532
          ],
          [
            71.3686641,
            51.2082638
          ],
          [
            71.3676824,
            51.208163
          ],
          [
            71.3674947,
            51.2081317
          ],
          [
            71.3666149,
            51.2079849
          ],
          [
            71.3656439,
            51.2079143
          ],
          [
            71.3644745,
            51.2075648
          ]
        ]
      }
    },
    {
      "type": "Feature",
      "id": "way/505229892",
      "properties": {
        "role": "mapped_railway",
        "osm_way_id": "505229892",
        "gauge": "1520",
        "railway": "rail",
        "service": "spur"
      },
      "geometry": {
        "type": "LineString",
        "coordinates": [
          [
            71.3809251,
            51.2051415
          ],
          [
            71.3805838,
            51.2052601
          ],
          [
            71.3803236,
            51.2053685
          ],
          [
            71.3800594,
            51.2055029
          ],
          [
            71.379633,
            51.2057558
          ],
          [
            71.3790401,
            51.2061125
          ],
          [
            71.378949,
            51.2061692
          ],
          [
            71.3786285,
            51.2063868
          ],
          [
            71.3782503,
            51.2066599
          ],
          [
            71.3780183,
            51.2068137
          ],
          [
            71.3775663,
            51.2070539
          ]
        ]
      }
    },
    {
      "type": "Feature",
      "id": "way/506215207",
      "properties": {
        "role": "mapped_railway",
        "osm_way_id": "506215207",
        "gauge": "1520",
        "railway": "rail",
        "service": "spur"
      },
      "geometry": {
        "type": "LineString",
        "coordinates": [
          [
            71.4333682,
            51.1925129
          ],
          [
            71.4343125,
            51.1921134
          ],
          [
            71.4347255,
            51.1919083
          ],
          [
            71.4361739,
            51.1910813
          ],
          [
            71.4374453,
            51.1902878
          ]
        ]
      }
    },
    {
      "type": "Feature",
      "id": "way/506221939",
      "properties": {
        "role": "mapped_railway",
        "osm_way_id": "506221939",
        "railway": "rail",
        "service": "spur"
      },
      "geometry": {
        "type": "LineString",
        "coordinates": [
          [
            71.4438002,
            51.1937958
          ],
          [
            71.4455509,
            51.193475
          ],
          [
            71.4462322,
            51.1932127
          ],
          [
            71.4466547,
            51.1929798
          ],
          [
            71.4470959,
            51.1926412
          ],
          [
            71.4473641,
            51.1922613
          ],
          [
            71.4485657,
            51.1899281
          ]
        ]
      }
    },
    {
      "type": "Feature",
      "id": "way/506221940",
      "properties": {
        "role": "mapped_railway",
        "osm_way_id": "506221940",
        "railway": "rail",
        "service": "spur"
      },
      "geometry": {
        "type": "LineString",
        "coordinates": [
          [
            71.441427,
            51.193553
          ],
          [
            71.442579,
            51.1936229
          ],
          [
            71.4435339,
            51.1934817
          ],
          [
            71.4441293,
            51.1933035
          ],
          [
            71.4446068,
            51.193011
          ],
          [
            71.4449447,
            51.1926345
          ],
          [
            71.4450815,
            51.1922701
          ],
          [
            71.4451379,
            51.1921201
          ]
        ]
      }
    },
    {
      "type": "Feature",
      "id": "way/506221944",
      "properties": {
        "role": "mapped_railway",
        "osm_way_id": "506221944",
        "railway": "rail",
        "service": "spur"
      },
      "geometry": {
        "type": "LineString",
        "coordinates": [
          [
            71.4410563,
            51.1934801
          ],
          [
            71.4417583,
            51.1938246
          ],
          [
            71.4426273,
            51.1941776
          ],
          [
            71.4437216,
            51.1946684
          ],
          [
            71.4446604,
            51.1958719
          ],
          [
            71.4455885,
            51.1975762
          ]
        ]
      }
    },
    {
      "type": "Feature",
      "id": "way/506221955",
      "properties": {
        "role": "mapped_railway",
        "osm_way_id": "506221955",
        "railway": "rail",
        "service": "spur"
      },
      "geometry": {
        "type": "LineString",
        "coordinates": [
          [
            71.4393176,
            51.1931379
          ],
          [
            71.4408731,
            51.1935725
          ],
          [
            71.4415061,
            51.1938918
          ],
          [
            71.4419943,
            51.1942415
          ],
          [
            71.4421713,
            51.1945911
          ],
          [
            71.4422649,
            51.19478
          ],
          [
            71.4428802,
            51.196022
          ],
          [
            71.443094,
            51.1964535
          ],
          [
            71.4430881,
            51.1969178
          ],
          [
            71.4430833,
            51.1972972
          ],
          [
            71.4430296,
            51.1979157
          ],
          [
            71.443212,
            51.1984301
          ],
          [
            71.4433193,
            51.1987965
          ],
          [
            71.4436519,
            51.19962
          ]
        ]
      }
    },
    {
      "type": "Feature",
      "id": "way/506228112",
      "properties": {
        "role": "mapped_railway",
        "osm_way_id": "506228112",
        "railway": "rail",
        "service": "spur"
      },
      "geometry": {
        "type": "LineString",
        "coordinates": [
          [
            71.4285149,
            51.1928088
          ],
          [
            71.4336848,
            51.193522
          ]
        ]
      }
    },
    {
      "type": "Feature",
      "id": "way/506515008",
      "properties": {
        "role": "mapped_railway",
        "osm_way_id": "506515008",
        "railway": "rail",
        "service": "spur"
      },
      "geometry": {
        "type": "LineString",
        "coordinates": [
          [
            71.5056594,
            51.1697283
          ],
          [
            71.5054822,
            51.1693273
          ],
          [
            71.5052247,
            51.1687353
          ],
          [
            71.50442,
            51.1679145
          ]
        ]
      }
    },
    {
      "type": "Feature",
      "id": "way/506515009",
      "properties": {
        "role": "mapped_railway",
        "osm_way_id": "506515009",
        "railway": "rail",
        "service": "spur"
      },
      "geometry": {
        "type": "LineString",
        "coordinates": [
          [
            71.5370925,
            51.1603966
          ],
          [
            71.529442,
            51.1632636
          ],
          [
            71.5267883,
            51.1642581
          ],
          [
            71.5215867,
            51.1661819
          ],
          [
            71.5152753,
            51.1685128
          ],
          [
            71.5123687,
            51.1695889
          ],
          [
            71.5087974,
            51.1709619
          ],
          [
            71.5080678,
            51.1710494
          ],
          [
            71.5071988,
            51.1709418
          ],
          [
            71.5066516,
            51.1706861
          ],
          [
            71.5056594,
            51.1697283
          ],
          [
            71.5052998,
            51.1693811
          ],
          [
            71.5040553,
            51.1680558
          ]
        ]
      }
    },
    {
      "type": "Feature",
      "id": "way/507905424",
      "properties": {
        "role": "mapped_railway",
        "osm_way_id": "507905424",
        "bridge": "yes",
        "electrified": "contact_line",
        "frequency": "50",
        "gauge": "1520",
        "layer": "1",
        "railway": "rail",
        "source": "Sentinel-2;MapBox",
        "usage": "main",
        "voltage": "25000"
      },
      "geometry": {
        "type": "LineString",
        "coordinates": [
          [
            71.5329962,
            51.1362511
          ],
          [
            71.5322882,
            51.1346927
          ],
          [
            71.531403,
            51.132811
          ],
          [
            71.5307219,
            51.1313938
          ],
          [
            71.5305313,
            51.1308956
          ],
          [
            71.5303785,
            51.1303435
          ],
          [
            71.5302873,
            51.1297476
          ],
          [
            71.5302658,
            51.1290373
          ],
          [
            71.5303463,
            51.1284077
          ]
        ]
      }
    },
    {
      "type": "Feature",
      "id": "way/507905429",
      "properties": {
        "role": "mapped_railway",
        "osm_way_id": "507905429",
        "bridge": "yes",
        "electrified": "contact_line",
        "fixme": "possibly viaduct",
        "frequency": "50",
        "gauge": "1520",
        "layer": "1",
        "railway": "rail",
        "source": "Sentinel-2;MapBox",
        "usage": "main",
        "voltage": "25000"
      },
      "geometry": {
        "type": "LineString",
        "coordinates": [
          [
            71.5318829,
            51.1124333
          ],
          [
            71.5329019,
            51.115089
          ],
          [
            71.5329265,
            51.1151532
          ],
          [
            71.5331894,
            51.1158217
          ],
          [
            71.533235,
            51.1159329
          ],
          [
            71.5333959,
            51.1163487
          ],
          [
            71.5338224,
            51.1174381
          ],
          [
            71.5339807,
            51.1179836
          ],
          [
            71.5340665,
            51.118487
          ],
          [
            71.5340853,
            51.119041
          ],
          [
            71.5340209,
            51.1197548
          ],
          [
            71.5338653,
            51.1204046
          ],
          [
            71.53364,
            51.1209636
          ],
          [
            71.5333235,
            51.1216741
          ],
          [
            71.5313816,
            51.1257514
          ],
          [
            71.5306252,
            51.1273237
          ],
          [
            71.530416,
            51.1278421
          ],
          [
            71.5302765,
            51.1284111
          ],
          [
            71.5301907,
            51.1290339
          ],
          [
            71.5302122,
            51.1297375
          ],
          [
            71.5303087,
            51.1303536
          ],
          [
            71.5304697,
            51.1309023
          ],
          [
            71.5306681,
            51.1314072
          ],
          [
            71.5313333,
            51.1328211
          ],
          [
            71.5322292,
            51.1347095
          ],
          [
            71.53294,
            51.1362596
          ],
          [
            71.5334764,
            51.137367
          ]
        ]
      }
    },
    {
      "type": "Feature",
      "id": "way/507905455",
      "properties": {
        "role": "mapped_railway",
        "osm_way_id": "507905455",
        "bridge": "yes",
        "electrified": "contact_line",
        "fixme": "possibly viaduct",
        "frequency": "50",
        "gauge": "1520",
        "layer": "1",
        "railway": "rail",
        "service": "siding",
        "source": "Sentinel-2;MapBox",
        "voltage": "25000"
      },
      "geometry": {
        "type": "LineString",
        "coordinates": [
          [
            71.5336083,
            51.1166976
          ],
          [
            71.5334576,
            51.1163117
          ],
          [
            71.5330174,
            51.1151499
          ],
          [
            71.5329887,
            51.1150756
          ],
          [
            71.5319632,
            51.1124202
          ]
        ]
      }
    },
    {
      "type": "Feature",
      "id": "way/513115540",
      "properties": {
        "role": "mapped_railway",
        "osm_way_id": "513115540",
        "railway": "rail",
        "service": "spur"
      },
      "geometry": {
        "type": "LineString",
        "coordinates": [
          [
            70.9388334,
            52.0095666
          ],
          [
            70.938651,
            52.0094106
          ],
          [
            70.9384444,
            52.0092521
          ],
          [
            70.9377551,
            52.0089912
          ],
          [
            70.9368646,
            52.0087948
          ],
          [
            70.9352794,
            52.0084547
          ]
        ]
      }
    },
    {
      "type": "Feature",
      "id": "way/513115541",
      "properties": {
        "role": "mapped_railway",
        "osm_way_id": "513115541",
        "railway": "rail",
        "service": "spur"
      },
      "geometry": {
        "type": "LineString",
        "coordinates": [
          [
            70.9391265,
            52.0107967
          ],
          [
            70.9391284,
            52.0105234
          ],
          [
            70.9390533,
            52.010104
          ],
          [
            70.9388334,
            52.0095666
          ],
          [
            70.9387851,
            52.0094486
          ],
          [
            70.938592,
            52.0092207
          ],
          [
            70.9383774,
            52.0090127
          ],
          [
            70.9378839,
            52.0086346
          ],
          [
            70.9373742,
            52.0083804
          ],
          [
            70.936752,
            52.0081377
          ],
          [
            70.9362638,
            52.0080056
          ],
          [
            70.934869,
            52.0076622
          ]
        ]
      }
    },
    {
      "type": "Feature",
      "id": "way/513115542",
      "properties": {
        "role": "mapped_railway",
        "osm_way_id": "513115542",
        "railway": "rail",
        "service": "spur"
      },
      "geometry": {
        "type": "LineString",
        "coordinates": [
          [
            70.939391,
            52.0132477
          ],
          [
            70.9394154,
            52.0129171
          ],
          [
            70.9394208,
            52.0127075
          ],
          [
            70.9393564,
            52.0123608
          ],
          [
            70.9392089,
            52.0120075
          ],
          [
            70.9391391,
            52.0115337
          ],
          [
            70.9391643,
            52.0110339
          ],
          [
            70.9391265,
            52.0107967
          ],
          [
            70.9390774,
            52.0104887
          ],
          [
            70.9389058,
            52.0101403
          ],
          [
            70.9387019,
            52.0099191
          ],
          [
            70.9384632,
            52.0096929
          ],
          [
            70.9381494,
            52.0094865
          ],
          [
            70.9373769,
            52.0091894
          ],
          [
            70.936878,
            52.0090771
          ],
          [
            70.9351024,
            52.0088988
          ]
        ]
      }
    },
    {
      "type": "Feature",
      "id": "way/518813913",
      "properties": {
        "role": "mapped_railway",
        "osm_way_id": "518813913",
        "electrified": "no",
        "gauge": "1520",
        "railway": "rail",
        "service": "spur"
      },
      "geometry": {
        "type": "LineString",
        "coordinates": [
          [
            69.4194397,
            53.2907692
          ],
          [
            69.4186109,
            53.2912269
          ],
          [
            69.417589,
            53.2917841
          ],
          [
            69.41683,
            53.2922001
          ],
          [
            69.4168024,
            53.292215
          ],
          [
            69.4154902,
            53.292944
          ],
          [
            69.4148733,
            53.2932943
          ],
          [
            69.4142259,
            53.2936493
          ],
          [
            69.4137856,
            53.2938907
          ],
          [
            69.4131546,
            53.2942991
          ],
          [
            69.4126967,
            53.2946234
          ],
          [
            69.4121307,
            53.2950265
          ],
          [
            69.4116895,
            53.2953985
          ],
          [
            69.4113689,
            53.2957127
          ],
          [
            69.4110149,
            53.2961055
          ],
          [
            69.4105676,
            53.2966798
          ],
          [
            69.4097744,
            53.2977181
          ],
          [
            69.4089965,
            53.298781
          ],
          [
            69.408629,
            53.2992698
          ],
          [
            69.4082857,
            53.2997315
          ],
          [
            69.4077909,
            53.3003815
          ],
          [
            69.4074489,
            53.3008295
          ],
          [
            69.4067971,
            53.3016663
          ],
          [
            69.4060609,
            53.3026256
          ],
          [
            69.4045401,
            53.3046018
          ],
          [
            69.4040304,
            53.3051083
          ],
          [
            69.4030327,
            53.3056821
          ],
          [
            69.4029553,
            53.3057289
          ],
          [
            69.4017237,
            53.3064739
          ],
          [
            69.4012034,
            53.3068329
          ],
          [
            69.4005704,
            53.3073297
          ]
        ]
      }
    },
    {
      "type": "Feature",
      "id": "way/608667778",
      "properties": {
        "role": "mapped_railway",
        "osm_way_id": "608667778",
        "gauge": "1520",
        "railway": "rail",
        "service": "siding"
      },
      "geometry": {
        "type": "LineString",
        "coordinates": [
          [
            71.4471817,
            51.1833555
          ],
          [
            71.4477557,
            51.1831412
          ],
          [
            71.4481929,
            51.1829966
          ],
          [
            71.4484477,
            51.1828537
          ],
          [
            71.4487106,
            51.1826822
          ],
          [
            71.4495769,
            51.1818398
          ]
        ]
      }
    },
    {
      "type": "Feature",
      "id": "way/608670767",
      "properties": {
        "role": "mapped_railway",
        "osm_way_id": "608670767",
        "gauge": "1520",
        "railway": "rail",
        "service": "spur"
      },
      "geometry": {
        "type": "LineString",
        "coordinates": [
          [
            71.4270926,
            51.1903933
          ],
          [
            71.4273166,
            51.1902931
          ],
          [
            71.4275211,
            51.1901874
          ],
          [
            71.4277317,
            51.1900634
          ],
          [
            71.4279234,
            51.1899432
          ],
          [
            71.4281192,
            51.1898171
          ],
          [
            71.4283311,
            51.1896709
          ],
          [
            71.4285175,
            51.1895574
          ],
          [
            71.4287107,
            51.189454
          ],
          [
            71.4292189,
            51.1891783
          ],
          [
            71.4301416,
            51.1887463
          ],
          [
            71.4306995,
            51.1884891
          ],
          [
            71.4312976,
            51.1882352
          ],
          [
            71.4317778,
            51.1880335
          ],
          [
            71.4323357,
            51.1878419
          ],
          [
            71.4330465,
            51.1876166
          ],
          [
            71.4339289,
            51.1873611
          ],
          [
            71.4367237,
            51.186623
          ]
        ]
      }
    },
    {
      "type": "Feature",
      "id": "way/608670768",
      "properties": {
        "role": "mapped_railway",
        "osm_way_id": "608670768",
        "gauge": "1520",
        "railway": "rail",
        "service": "spur"
      },
      "geometry": {
        "type": "LineString",
        "coordinates": [
          [
            71.4435178,
            51.1850596
          ],
          [
            71.4377538,
            51.1868651
          ],
          [
            71.4371154,
            51.18704
          ],
          [
            71.4364381,
            51.187188
          ],
          [
            71.4363537,
            51.1872064
          ],
          [
            71.4358225,
            51.1873157
          ],
          [
            71.4354551,
            51.1873778
          ],
          [
            71.4348489,
            51.1874586
          ],
          [
            71.4345083,
            51.1875258
          ],
          [
            71.4342481,
            51.1875846
          ],
          [
            71.43251,
            51.1880335
          ],
          [
            71.4319977,
            51.188173
          ],
          [
            71.4315578,
            51.1883193
          ],
          [
            71.4300102,
            51.188869
          ],
          [
            71.4296105,
            51.1890085
          ],
          [
            71.4292189,
            51.1891783
          ]
        ]
      }
    },
    {
      "type": "Feature",
      "id": "way/609762310",
      "properties": {
        "role": "mapped_railway",
        "osm_way_id": "609762310",
        "railway": "rail",
        "service": "spur"
      },
      "geometry": {
        "type": "LineString",
        "coordinates": [
          [
            71.5567392,
            51.1440328
          ],
          [
            71.5561867,
            51.1441994
          ],
          [
            71.5560123,
            51.1442397
          ],
          [
            71.5558353,
            51.1442566
          ],
          [
            71.5552184,
            51.1442885
          ],
          [
            71.5549475,
            51.1443171
          ],
          [
            71.5547302,
            51.1443491
          ],
          [
            71.5545344,
            51.1443794
          ],
          [
            71.5543199,
            51.1444232
          ],
          [
            71.5537754,
            51.1445628
          ],
          [
            71.5529278,
            51.1447917
          ],
          [
            71.5524396,
            51.1449179
          ],
          [
            71.5508139,
            51.1452545
          ],
          [
            71.5499962,
            51.1454513
          ],
          [
            71.5496471,
            51.1455266
          ],
          [
            71.5493471,
            51.1455914
          ],
          [
            71.5482152,
            51.1458568
          ],
          [
            71.547071,
            51.1461111
          ]
        ]
      }
    },
    {
      "type": "Feature",
      "id": "way/609762311",
      "properties": {
        "role": "mapped_railway",
        "osm_way_id": "609762311",
        "gauge": "1520",
        "railway": "rail",
        "service": "spur"
      },
      "geometry": {
        "type": "LineString",
        "coordinates": [
          [
            71.5377602,
            51.1415155
          ],
          [
            71.5380388,
            51.1411317
          ],
          [
            71.5382642,
            51.1405965
          ],
          [
            71.5383124,
            51.1394892
          ],
          [
            71.5384304,
            51.1379106
          ]
        ]
      }
    },
    {
      "type": "Feature",
      "id": "way/609762312",
      "properties": {
        "role": "mapped_railway",
        "osm_way_id": "609762312",
        "gauge": "1520",
        "railway": "rail",
        "service": "spur"
      },
      "geometry": {
        "type": "LineString",
        "coordinates": [
          [
            71.5392834,
            51.1369513
          ],
          [
            71.5392244,
            51.1383381
          ],
          [
            71.5392351,
            51.1395127
          ],
          [
            71.5391922,
            51.1400479
          ],
          [
            71.5386718,
            51.1407009
          ],
          [
            71.5381569,
            51.1411956
          ],
          [
            71.5378028,
            51.141475
          ],
          [
            71.5377602,
            51.1415155
          ],
          [
            71.5372717,
            51.1419798
          ],
          [
            71.5370196,
            51.1423231
          ],
          [
            71.5367943,
            51.1427
          ],
          [
            71.536805,
            51.1430904
          ],
          [
            71.5368909,
            51.1433193
          ],
          [
            71.5373254,
            51.1437669
          ],
          [
            71.53835,
            51.1445208
          ],
          [
            71.5401473,
            51.1454524
          ]
        ]
      }
    },
    {
      "type": "Feature",
      "id": "way/609762313",
      "properties": {
        "role": "mapped_railway",
        "osm_way_id": "609762313",
        "gauge": "1520",
        "railway": "rail",
        "service": "spur"
      },
      "geometry": {
        "type": "LineString",
        "coordinates": [
          [
            71.5505835,
            51.1457491
          ],
          [
            71.5500944,
            51.1458406
          ],
          [
            71.549607,
            51.1459318
          ],
          [
            71.5492853,
            51.1459796
          ],
          [
            71.5489849,
            51.1459897
          ],
          [
            71.5487543,
            51.1459864
          ],
          [
            71.5482232,
            51.145978
          ],
          [
            71.5479872,
            51.1459796
          ],
          [
            71.5476761,
            51.1460082
          ],
          [
            71.547071,
            51.1461111
          ],
          [
            71.5464905,
            51.146227
          ],
          [
            71.5459541,
            51.1463111
          ],
          [
            71.5447015,
            51.146402
          ],
          [
            71.5435266,
            51.1463448
          ],
          [
            71.5420246,
            51.1461496
          ],
          [
            71.5404099,
            51.145601
          ],
          [
            71.5401473,
            51.1454524
          ],
          [
            71.5385002,
            51.1444366
          ],
          [
            71.5379906,
            51.1439284
          ],
          [
            71.5377653,
            51.1435582
          ],
          [
            71.537776,
            51.1430736
          ],
          [
            71.5378994,
            51.1426563
          ],
          [
            71.5382642,
            51.1422726
          ]
        ]
      }
    },
    {
      "type": "Feature",
      "id": "way/609762314",
      "properties": {
        "role": "mapped_railway",
        "osm_way_id": "609762314",
        "railway": "rail",
        "service": "spur"
      },
      "geometry": {
        "type": "LineString",
        "coordinates": [
          [
            71.5493471,
            51.1455914
          ],
          [
            71.5487692,
            51.1456856
          ],
          [
            71.5481105,
            51.1457929
          ],
          [
            71.5476894,
            51.1458332
          ],
          [
            71.5474185,
            51.1458366
          ],
          [
            71.547204,
            51.1457979
          ],
          [
            71.5467077,
            51.1456094
          ],
          [
            71.5462545,
            51.145357
          ],
          [
            71.5461713,
            51.1452931
          ]
        ]
      }
    },
    {
      "type": "Feature",
      "id": "way/609762315",
      "properties": {
        "role": "mapped_railway",
        "osm_way_id": "609762315",
        "railway": "rail",
        "service": "spur"
      },
      "geometry": {
        "type": "LineString",
        "coordinates": [
          [
            71.5450153,
            51.1452914
          ],
          [
            71.5456697,
            51.1455607
          ],
          [
            71.5463912,
            51.1457727
          ],
          [
            71.546984,
            51.1458888
          ],
          [
            71.5473246,
            51.1459023
          ],
          [
            71.547668,
            51.1458938
          ],
          [
            71.5480113,
            51.1458484
          ],
          [
            71.5487692,
            51.1456856
          ]
        ]
      }
    },
    {
      "type": "Feature",
      "id": "way/622731394",
      "properties": {
        "role": "mapped_railway",
        "osm_way_id": "622731394",
        "railway": "rail",
        "service": "spur"
      },
      "geometry": {
        "type": "LineString",
        "coordinates": [
          [
            71.3782918,
            51.2240777
          ],
          [
            71.3773155,
            51.2250722
          ],
          [
            71.3769561,
            51.2252905
          ],
          [
            71.3765994,
            51.2254501
          ],
          [
            71.3763312,
            51.2255408
          ],
          [
            71.376079,
            51.2256147
          ],
          [
            71.375843,
            51.2256651
          ],
          [
            71.3755453,
            51.2257139
          ],
          [
            71.3752743,
            51.225739
          ],
          [
            71.3749605,
            51.2257441
          ],
          [
            71.3697275,
            51.2257063
          ],
          [
            71.3690865,
            51.2257021
          ],
          [
            71.3687848,
            51.2257096
          ],
          [
            71.3684763,
            51.2257525
          ],
          [
            71.3682228,
            51.225802
          ],
          [
            71.3679922,
            51.2258633
          ],
          [
            71.3677266,
            51.225954
          ],
          [
            71.3674826,
            51.2260531
          ],
          [
            71.3672385,
            51.2261606
          ],
          [
            71.3669997,
            51.2262933
          ],
          [
            71.3668187,
            51.2264193
          ],
          [
            71.366643,
            51.2265571
          ],
          [
            71.3664754,
            51.2266881
          ],
          [
            71.3663211,
            51.226835
          ],
          [
            71.3662004,
            51.2269778
          ],
          [
            71.3660234,
            51.2272096
          ]
        ]
      }
    },
    {
      "type": "Feature",
      "id": "way/691573390",
      "properties": {
        "role": "mapped_railway",
        "osm_way_id": "691573390",
        "electrified": "contact_line",
        "frequency": "50",
        "gauge": "1520",
        "maxspeed": "230",
        "name": "Kurort Borowoe - Astana",
        "passenger_lines": "2",
        "railway": "rail",
        "source": "bing",
        "usage": "main",
        "voltage": "25000"
      },
      "geometry": {
        "type": "LineString",
        "coordinates": [
          [
            71.0166682,
            51.7725719
          ],
          [
            71.0173439,
            51.7701641
          ],
          [
            71.0179738,
            51.7681438
          ],
          [
            71.0180574,
            51.7675653
          ],
          [
            71.0180383,
            51.7665041
          ],
          [
            71.0174228,
            51.7625576
          ],
          [
            71.0170436,
            51.7606348
          ],
          [
            71.016634,
            51.7583467
          ],
          [
            71.0164553,
            51.7572898
          ],
          [
            71.0163386,
            51.7564627
          ],
          [
            71.0162898,
            51.7556407
          ],
          [
            71.0162871,
            51.7546122
          ],
          [
            71.0164551,
            51.7532245
          ],
          [
            71.0167208,
            51.7521457
          ],
          [
            71.0169888,
            51.7512952
          ],
          [
            71.017306,
            51.7505099
          ],
          [
            71.0175256,
            51.7499848
          ],
          [
            71.018446,
            51.7478548
          ],
          [
            71.0191492,
            51.7462042
          ],
          [
            71.0194499,
            51.7455011
          ],
          [
            71.0198727,
            51.744484
          ],
          [
            71.020262,
            51.7435895
          ],
          [
            71.0215404,
            51.7405467
          ],
          [
            71.0218182,
            51.7396522
          ],
          [
            71.0218965,
            51.7389529
          ],
          [
            71.0219244,
            51.7384574
          ],
          [
            71.0218568,
            51.7376835
          ],
          [
            71.0215748,
            51.7365456
          ],
          [
            71.0213743,
            51.7361057
          ],
          [
            71.0210842,
            51.7354763
          ],
          [
            71.0206961,
            51.7348537
          ],
          [
            71.020314,
            51.7343551
          ],
          [
            71.0196879,
            51.7336602
          ],
          [
            71.0188012,
            51.732892
          ],
          [
            71.0180073,
            51.7323077
          ],
          [
            71.0170413,
            51.7317583
          ],
          [
            71.0159639,
            51.7312028
          ],
          [
            71.015308,
            51.7309252
          ],
          [
            71.0130664,
            51.7300748
          ],
          [
            71.0111701,
            51.7292593
          ],
          [
            71.0102828,
            51.7287502
          ],
          [
            71.009492,
            51.7281827
          ],
          [
            71.0087757,
            51.727595
          ],
          [
            71.008451,
            51.7272293
          ],
          [
            71.0074427,
            51.7261817
          ],
          [
            71.0063808,
            51.7251215
          ],
          [
            71.0053886,
            51.7240613
          ],
          [
            71.0046815,
            51.7232353
          ],
          [
            71.0044156,
            51.7228676
          ],
          [
            71.0041365,
            51.722364
          ],
          [
            71.0038873,
            51.7219022
          ],
          [
            71.0037163,
            51.7214305
          ],
          [
            71.003375,
            51.7204919
          ],
          [
            71.0017948,
            51.7158575
          ],
          [
            71.0009817,
            51.7134949
          ],
          [
            71.0006046,
            51.7123293
          ],
          [
            71.0001779,
            51.7111538
          ],
          [
            70.9996465,
            51.7096396
          ],
          [
            70.9995409,
            51.7093531
          ]
        ]
      }
    },
    {
      "type": "Feature",
      "id": "way/737833564",
      "properties": {
        "role": "mapped_railway",
        "osm_way_id": "737833564",
        "gauge": "1520",
        "railway": "rail",
        "service": "spur"
      },
      "geometry": {
        "type": "LineString",
        "coordinates": [
          [
            71.3688434,
            51.2315137
          ],
          [
            71.3662417,
            51.2311442
          ],
          [
            71.3656999,
            51.2311039
          ],
          [
            71.3650991,
            51.2311543
          ],
          [
            71.3643534,
            51.2313391
          ],
          [
            71.363611,
            51.2317119
          ],
          [
            71.3632838,
            51.2320008
          ],
          [
            71.3627474,
            51.2327801
          ],
          [
            71.3621358,
            51.2337038
          ],
          [
            71.3613848,
            51.2348357
          ],
          [
            71.3609737,
            51.2354683
          ]
        ]
      }
    },
    {
      "type": "Feature",
      "id": "way/737833565",
      "properties": {
        "role": "mapped_railway",
        "osm_way_id": "737833565",
        "railway": "rail",
        "service": "spur"
      },
      "geometry": {
        "type": "LineString",
        "coordinates": [
          [
            71.3609737,
            51.2354683
          ],
          [
            71.3613259,
            51.2350735
          ],
          [
            71.3617765,
            51.2347779
          ],
          [
            71.3623184,
            51.2345696
          ],
          [
            71.3626134,
            51.2344722
          ],
          [
            71.3630318,
            51.2344218
          ],
          [
            71.3642066,
            51.2343983
          ]
        ]
      }
    },
    {
      "type": "Feature",
      "id": "way/737833566",
      "properties": {
        "role": "mapped_railway",
        "osm_way_id": "737833566",
        "railway": "rail",
        "service": "spur"
      },
      "geometry": {
        "type": "LineString",
        "coordinates": [
          [
            71.3617765,
            51.2347779
          ],
          [
            71.3625651,
            51.2344017
          ],
          [
            71.3630372,
            51.2341733
          ],
          [
            71.3643729,
            51.2331253
          ]
        ]
      }
    },
    {
      "type": "Feature",
      "id": "way/789216801",
      "properties": {
        "role": "mapped_railway",
        "osm_way_id": "789216801",
        "electrified": "contact_line",
        "gauge": "1520",
        "railway": "rail",
        "service": "crossover"
      },
      "geometry": {
        "type": "LineString",
        "coordinates": [
          [
            71.5456406,
            51.1477564
          ],
          [
            71.5465106,
            51.147462
          ]
        ]
      }
    },
    {
      "type": "Feature",
      "id": "way/789216802",
      "properties": {
        "role": "mapped_railway",
        "osm_way_id": "789216802",
        "electrified": "contact_line",
        "gauge": "1520",
        "railway": "rail",
        "service": "yard"
      },
      "geometry": {
        "type": "LineString",
        "coordinates": [
          [
            71.5363839,
            51.1511737
          ],
          [
            71.5344903,
            51.1518921
          ]
        ]
      }
    },
    {
      "type": "Feature",
      "id": "way/789216803",
      "properties": {
        "role": "mapped_railway",
        "osm_way_id": "789216803",
        "electrified": "contact_line",
        "gauge": "1520",
        "railway": "rail",
        "service": "yard"
      },
      "geometry": {
        "type": "LineString",
        "coordinates": [
          [
            71.5334549,
            51.1521831
          ],
          [
            71.5341094,
            51.1519409
          ],
          [
            71.5345654,
            51.1517642
          ]
        ]
      }
    },
    {
      "type": "Feature",
      "id": "way/789216804",
      "properties": {
        "role": "mapped_railway",
        "osm_way_id": "789216804",
        "gauge": "1520",
        "railway": "rail",
        "service": "yard"
      },
      "geometry": {
        "type": "LineString",
        "coordinates": [
          [
            71.548875,
            51.1464575
          ],
          [
            71.5497896,
            51.1461142
          ],
          [
            71.5502188,
            51.1459628
          ],
          [
            71.5502539,
            51.1459525
          ],
          [
            71.5504762,
            51.1458871
          ],
          [
            71.5509081,
            51.145771
          ]
        ]
      }
    },
    {
      "type": "Feature",
      "id": "way/789216805",
      "properties": {
        "role": "mapped_railway",
        "osm_way_id": "789216805",
        "electrified": "contact_line",
        "gauge": "1520",
        "railway": "rail",
        "service": "crossover"
      },
      "geometry": {
        "type": "LineString",
        "coordinates": [
          [
            71.5472532,
            51.1471933
          ],
          [
            71.5484197,
            51.1468482
          ]
        ]
      }
    },
    {
      "type": "Feature",
      "id": "way/789216806",
      "properties": {
        "role": "mapped_railway",
        "osm_way_id": "789216806",
        "electrified": "contact_line",
        "frequency": "50",
        "gauge": "1520",
        "railway": "rail",
        "usage": "main",
        "voltage": "25000"
      },
      "geometry": {
        "type": "LineString",
        "coordinates": [
          [
            71.535421,
            51.1414952
          ],
          [
            71.5352225,
            51.1410829
          ],
          [
            71.5351581,
            51.1409365
          ],
          [
            71.5347746,
            51.1401236
          ],
          [
            71.5342263,
            51.1389593
          ],
          [
            71.5341642,
            51.1388276
          ],
          [
            71.5334764,
            51.137367
          ]
        ]
      }
    },
    {
      "type": "Feature",
      "id": "way/789216807",
      "properties": {
        "role": "mapped_railway",
        "osm_way_id": "789216807",
        "electrified": "contact_line",
        "gauge": "1520",
        "railway": "rail",
        "service": "yard"
      },
      "geometry": {
        "type": "LineString",
        "coordinates": [
          [
            71.5527186,
            51.145246
          ],
          [
            71.5512836,
            51.1455817
          ],
          [
            71.5508306,
            51.1456909
          ],
          [
            71.5505835,
            51.1457491
          ],
          [
            71.5501255,
            51.1458624
          ],
          [
            71.5501007,
            51.1458685
          ],
          [
            71.5492987,
            51.1460453
          ],
          [
            71.5478719,
            51.1462825
          ],
          [
            71.5467077,
            51.1464423
          ],
          [
            71.5459434,
            51.1465197
          ],
          [
            71.5452594,
            51.1465467
          ],
          [
            71.5444735,
            51.1465517
          ],
          [
            71.543768,
            51.1465366
          ],
          [
            71.543068,
            51.1464642
          ],
          [
            71.5425423,
            51.1463868
          ],
          [
            71.5418369,
            51.1462522
          ],
          [
            71.541169,
            51.1460739
          ],
          [
            71.5402919,
            51.1457727
          ],
          [
            71.5394738,
            51.1454126
          ],
          [
            71.5390527,
            51.1451921
          ],
          [
            71.5384868,
            51.1448337
          ],
          [
            71.5379798,
            51.1444366
          ],
          [
            71.5375346,
            51.1440344
          ]
        ]
      }
    },
    {
      "type": "Feature",
      "id": "way/789216808",
      "properties": {
        "role": "mapped_railway",
        "osm_way_id": "789216808",
        "electrified": "contact_line",
        "frequency": "50",
        "gauge": "1520",
        "railway": "rail",
        "usage": "main",
        "voltage": "25000"
      },
      "geometry": {
        "type": "LineString",
        "coordinates": [
          [
            71.5522514,
            51.1455005
          ],
          [
            71.551348,
            51.1456684
          ],
          [
            71.5509081,
            51.145771
          ],
          [
            71.550224,
            51.1459315
          ],
          [
            71.5501839,
            51.1459409
          ],
          [
            71.5493282,
            51.1461277
          ],
          [
            71.5478987,
            51.1463549
          ],
          [
            71.5467346,
            51.1465181
          ],
          [
            71.5459541,
            51.1465955
          ],
          [
            71.5452567,
            51.1466308
          ],
          [
            71.5444735,
            51.1466325
          ],
          [
            71.54376,
            51.1466157
          ],
          [
            71.5430465,
            51.1465467
          ],
          [
            71.5425074,
            51.146471
          ],
          [
            71.5417993,
            51.1463364
          ],
          [
            71.541118,
            51.1461546
          ],
          [
            71.5402168,
            51.1458467
          ],
          [
            71.539388,
            51.1454866
          ],
          [
            71.5389428,
            51.1452527
          ],
          [
            71.5383822,
            51.1448943
          ],
          [
            71.5378672,
            51.1445006
          ],
          [
            71.5374327,
            51.1441135
          ],
          [
            71.5368506,
            51.1435162
          ],
          [
            71.5363705,
            51.1429777
          ],
          [
            71.5361345,
            51.1426453
          ],
          [
            71.5357375,
            51.1420042
          ],
          [
            71.535421,
            51.1414952
          ]
        ]
      }
    },
    {
      "type": "Feature",
      "id": "way/789216809",
      "properties": {
        "role": "mapped_railway",
        "osm_way_id": "789216809",
        "electrified": "contact_line",
        "frequency": "50",
        "gauge": "1520",
        "railway": "rail",
        "service": "crossover",
        "voltage": "25000"
      },
      "geometry": {
        "type": "LineString",
        "coordinates": [
          [
            71.5351581,
            51.1409365
          ],
          [
            71.5349087,
            51.1402263
          ]
        ]
      }
    },
    {
      "type": "Feature",
      "id": "way/789216810",
      "properties": {
        "role": "mapped_railway",
        "osm_way_id": "789216810",
        "electrified": "contact_line",
        "frequency": "50",
        "gauge": "1520",
        "railway": "rail",
        "service": "crossover",
        "voltage": "25000"
      },
      "geometry": {
        "type": "LineString",
        "coordinates": [
          [
            71.5354881,
            51.1418031
          ],
          [
            71.5352225,
            51.1410829
          ]
        ]
      }
    },
    {
      "type": "Feature",
      "id": "way/789216811",
      "properties": {
        "role": "mapped_railway",
        "osm_way_id": "789216811",
        "electrified": "contact_line",
        "frequency": "50",
        "gauge": "1520",
        "railway": "rail",
        "usage": "main",
        "voltage": "25000"
      },
      "geometry": {
        "type": "LineString",
        "coordinates": [
          [
            71.5332993,
            51.1523379
          ],
          [
            71.5345654,
            51.1517642
          ],
          [
            71.5353808,
            51.1513403
          ],
          [
            71.5361264,
            51.150923
          ],
          [
            71.5368721,
            51.1504014
          ],
          [
            71.5374407,
            51.1498664
          ],
          [
            71.5379933,
            51.1492018
          ],
          [
            71.5382637,
            51.1487478
          ],
          [
            71.5382749,
            51.148729
          ],
          [
            71.5385082,
            51.1481973
          ],
          [
            71.5386531,
            51.1477094
          ],
          [
            71.5386906,
            51.1472197
          ],
          [
            71.5386611,
            51.1467267
          ],
          [
            71.5385941,
            51.1462489
          ],
          [
            71.5384358,
            51.1457743
          ],
          [
            71.5382293,
            51.1453335
          ],
          [
            71.5379181,
            51.144859
          ],
          [
            71.537556,
            51.1444349
          ],
          [
            71.5367031,
            51.1435532
          ],
          [
            71.536231,
            51.1430248
          ],
          [
            71.5359735,
            51.1426748
          ],
          [
            71.5356839,
            51.1422002
          ],
          [
            71.5354881,
            51.1418031
          ],
          [
            71.5346941,
            51.140132
          ],
          [
            71.5337458,
            51.138112
          ],
          [
            71.533404,
            51.1373838
          ]
        ]
      }
    },
    {
      "type": "Feature",
      "id": "way/789216812",
      "properties": {
        "role": "mapped_railway",
        "osm_way_id": "789216812",
        "bridge": "yes",
        "electrified": "contact_line",
        "fixme": "possibly viaduct",
        "frequency": "50",
        "gauge": "1520",
        "layer": "1",
        "railway": "rail",
        "source": "Sentinel-2;MapBox",
        "usage": "main",
        "voltage": "25000"
      },
      "geometry": {
        "type": "LineString",
        "coordinates": [
          [
            71.533404,
            51.1373838
          ],
          [
            71.5328756,
            51.1362899
          ],
          [
            71.5321434,
            51.1346994
          ],
          [
            71.531269,
            51.1328245
          ],
          [
            71.5306038,
            51.1314173
          ],
          [
            71.5303999,
            51.130904
          ],
          [
            71.530239,
            51.1303552
          ],
          [
            71.5301424,
            51.1297358
          ],
          [
            71.5301076,
            51.1290389
          ],
          [
            71.5301961,
            51.1284094
          ],
          [
            71.5303543,
            51.127827
          ],
          [
            71.5305501,
            51.1273136
          ],
          [
            71.5313226,
            51.1257396
          ],
          [
            71.5332431,
            51.1216572
          ],
          [
            71.533573,
            51.1209518
          ],
          [
            71.5337956,
            51.1203979
          ],
          [
            71.5339458,
            51.1197497
          ],
          [
            71.534029,
            51.1190342
          ],
          [
            71.5340022,
            51.1184854
          ],
          [
            71.5339136,
            51.1179819
          ],
          [
            71.533758,
            51.1174533
          ],
          [
            71.5336025,
            51.1170677
          ]
        ]
      }
    },
    {
      "type": "Feature",
      "id": "way/858735205",
      "properties": {
        "role": "mapped_railway",
        "osm_way_id": "858735205",
        "electrified": "contact_line",
        "frequency": "50",
        "gauge": "1520",
        "railway": "rail",
        "source": "bing",
        "usage": "main",
        "voltage": "25000"
      },
      "geometry": {
        "type": "LineString",
        "coordinates": [
          [
            71.3721409,
            51.2140229
          ],
          [
            71.3632007,
            51.2167968
          ],
          [
            71.3533894,
            51.2198832
          ],
          [
            71.3527006,
            51.2201012
          ],
          [
            71.3391277,
            51.2243971
          ],
          [
            71.319291,
            51.2306738
          ],
          [
            71.2726289,
            51.2454385
          ],
          [
            71.2644701,
            51.2480099
          ],
          [
            71.2574892,
            51.2502122
          ],
          [
            71.2527617,
            51.2516932
          ],
          [
            71.0832811,
            51.304863
          ]
        ]
      }
    },
    {
      "type": "Feature",
      "id": "way/858735206",
      "properties": {
        "role": "mapped_railway",
        "osm_way_id": "858735206",
        "electrified": "contact_line",
        "frequency": "50",
        "gauge": "1520",
        "name": "Astana - Kokchetau",
        "railway": "rail",
        "usage": "main",
        "voltage": "25000"
      },
      "geometry": {
        "type": "LineString",
        "coordinates": [
          [
            71.3829936,
            51.2103856
          ],
          [
            71.3828405,
            51.2104448
          ],
          [
            71.3784091,
            51.2119598
          ],
          [
            71.3779542,
            51.212125
          ],
          [
            71.3775773,
            51.2122719
          ],
          [
            71.377282,
            51.2123932
          ],
          [
            71.3770057,
            51.212515
          ],
          [
            71.3767762,
            51.2126317
          ],
          [
            71.3763995,
            51.2128368
          ],
          [
            71.3761514,
            51.2129863
          ],
          [
            71.3759417,
            51.2131209
          ],
          [
            71.3756995,
            51.2132896
          ],
          [
            71.375446,
            51.213487
          ],
          [
            71.3752207,
            51.2136777
          ],
          [
            71.3750339,
            51.2138485
          ],
          [
            71.3748412,
            51.2140364
          ],
          [
            71.3746373,
            51.2142599
          ],
          [
            71.3741298,
            51.2148415
          ],
          [
            71.373786,
            51.2152256
          ],
          [
            71.3733806,
            51.215821
          ],
          [
            71.3726305,
            51.2170083
          ],
          [
            71.3669901,
            51.2256056
          ],
          [
            71.3652525,
            51.2282813
          ],
          [
            71.363878,
            51.2304014
          ]
        ]
      }
    },
    {
      "type": "Feature",
      "id": "way/858738547",
      "properties": {
        "role": "mapped_railway",
        "osm_way_id": "858738547",
        "electrified": "no",
        "gauge": "1520",
        "railway": "rail",
        "service": "spur"
      },
      "geometry": {
        "type": "LineString",
        "coordinates": [
          [
            71.5496544,
            51.1463791
          ],
          [
            71.5486102,
            51.1468414
          ],
          [
            71.5481124,
            51.1472183
          ],
          [
            71.5466276,
            51.1485913
          ],
          [
            71.5460439,
            51.149259
          ],
          [
            71.5456834,
            51.1498727
          ],
          [
            71.5455035,
            51.1505655
          ],
          [
            71.5454858,
            51.150644
          ],
          [
            71.5454566,
            51.1508044
          ],
          [
            71.5453689,
            51.1514422
          ],
          [
            71.5452884,
            51.1518011
          ],
          [
            71.5446601,
            51.1563552
          ]
        ]
      }
    },
    {
      "type": "Feature",
      "id": "way/858738562",
      "properties": {
        "role": "mapped_railway",
        "osm_way_id": "858738562",
        "gauge": "1520",
        "railway": "rail",
        "service": "spur"
      },
      "geometry": {
        "type": "LineString",
        "coordinates": [
          [
            71.3609737,
            51.2354683
          ],
          [
            71.3608215,
            51.2357023
          ],
          [
            71.3602958,
            51.2365319
          ],
          [
            71.3595448,
            51.2376738
          ],
          [
            71.3589655,
            51.2385874
          ],
          [
            71.3579301,
            51.2401155
          ],
          [
            71.3571013,
            51.2414253
          ],
          [
            71.3569199,
            51.2416643
          ],
          [
            71.3566947,
            51.2419323
          ],
          [
            71.3560134,
            51.242703
          ],
          [
            71.3556378,
            51.2431588
          ]
        ]
      }
    },
    {
      "type": "Feature",
      "id": "way/863661616",
      "properties": {
        "role": "mapped_railway",
        "osm_way_id": "863661616",
        "railway": "rail",
        "service": "spur"
      },
      "geometry": {
        "type": "LineString",
        "coordinates": [
          [
            71.3665054,
            51.2391751
          ],
          [
            71.3661119,
            51.2394521
          ],
          [
            71.3658303,
            51.2397678
          ],
          [
            71.3656962,
            51.2400717
          ],
          [
            71.3656264,
            51.2404126
          ],
          [
            71.3656908,
            51.2408861
          ],
          [
            71.3656694,
            51.2410574
          ],
          [
            71.3655648,
            51.2414386
          ],
          [
            71.3649881,
            51.2433007
          ],
          [
            71.3648915,
            51.2436533
          ],
          [
            71.3646823,
            51.2442259
          ],
          [
            71.3644785,
            51.2449311
          ],
          [
            71.3638884,
            51.2461568
          ]
        ]
      }
    },
    {
      "type": "Feature",
      "id": "way/863661617",
      "properties": {
        "role": "mapped_railway",
        "osm_way_id": "863661617",
        "railway": "rail",
        "service": "spur"
      },
      "geometry": {
        "type": "LineString",
        "coordinates": [
          [
            71.3633734,
            51.2396586
          ],
          [
            71.3644007,
            51.2396267
          ],
          [
            71.3649371,
            51.2395696
          ],
          [
            71.3653529,
            51.2395092
          ],
          [
            71.3658974,
            51.2393866
          ],
          [
            71.3665054,
            51.2391751
          ],
          [
            71.3676113,
            51.2387905
          ]
        ]
      }
    },
    {
      "type": "Feature",
      "id": "way/863661618",
      "properties": {
        "role": "mapped_railway",
        "osm_way_id": "863661618",
        "railway": "rail",
        "service": "spur"
      },
      "geometry": {
        "type": "LineString",
        "coordinates": [
          [
            71.3624426,
            51.2396384
          ],
          [
            71.362896,
            51.2397082
          ],
          [
            71.3632514,
            51.2397896
          ],
          [
            71.3635719,
            51.2398702
          ],
          [
            71.3637989,
            51.2399795
          ],
          [
            71.3642371,
            51.2402178
          ],
          [
            71.3644919,
            51.2404361
          ],
          [
            71.3655648,
            51.2414386
          ],
          [
            71.3659778,
            51.2418298
          ],
          [
            71.3663211,
            51.2420162
          ],
          [
            71.3667905,
            51.242174
          ],
          [
            71.3673484,
            51.2422664
          ],
          [
            71.3679814,
            51.2423554
          ]
        ]
      }
    },
    {
      "type": "Feature",
      "id": "way/863661619",
      "properties": {
        "role": "mapped_railway",
        "osm_way_id": "863661619",
        "railway": "rail",
        "service": "spur"
      },
      "geometry": {
        "type": "LineString",
        "coordinates": [
          [
            71.3670963,
            51.2386763
          ],
          [
            71.3639849,
            51.2395831
          ],
          [
            71.363961,
            51.2395846
          ],
          [
            71.3639357,
            51.2395862
          ],
          [
            71.3633734,
            51.2396586
          ],
          [
            71.3628169,
            51.2396595
          ],
          [
            71.3624426,
            51.2396384
          ]
        ]
      }
    },
    {
      "type": "Feature",
      "id": "way/975252004",
      "properties": {
        "role": "mapped_railway",
        "osm_way_id": "975252004",
        "electrified": "contact_line",
        "frequency": "50",
        "gauge": "1520",
        "railway": "rail",
        "service": "siding",
        "voltage": "25000"
      },
      "geometry": {
        "type": "LineString",
        "coordinates": [
          [
            71.4146958,
            51.1943037
          ],
          [
            71.415537,
            51.194107
          ],
          [
            71.4159815,
            51.1939816
          ]
        ]
      }
    },
    {
      "type": "Feature",
      "id": "way/975252005",
      "properties": {
        "role": "mapped_railway",
        "osm_way_id": "975252005",
        "electrified": "contact_line",
        "frequency": "50",
        "gauge": "1520",
        "railway": "rail",
        "service": "crossover",
        "voltage": "25000"
      },
      "geometry": {
        "type": "LineString",
        "coordinates": [
          [
            71.4161804,
            51.1939174
          ],
          [
            71.4173185,
            51.1936124
          ]
        ]
      }
    },
    {
      "type": "Feature",
      "id": "way/975252006",
      "properties": {
        "role": "mapped_railway",
        "osm_way_id": "975252006",
        "gauge": "1520",
        "railway": "rail",
        "service": "siding"
      },
      "geometry": {
        "type": "LineString",
        "coordinates": [
          [
            71.4208017,
            51.1925073
          ],
          [
            71.421806,
            51.1922453
          ]
        ]
      }
    },
    {
      "type": "Feature",
      "id": "way/975252007",
      "properties": {
        "role": "mapped_railway",
        "osm_way_id": "975252007",
        "gauge": "1520",
        "railway": "rail",
        "service": "crossover"
      },
      "geometry": {
        "type": "LineString",
        "coordinates": [
          [
            71.4185223,
            51.1932279
          ],
          [
            71.4175127,
            51.1936028
          ]
        ]
      }
    },
    {
      "type": "Feature",
      "id": "way/975252011",
      "properties": {
        "role": "mapped_railway",
        "osm_way_id": "975252011",
        "gauge": "1520",
        "railway": "rail",
        "service": "spur"
      },
      "geometry": {
        "type": "LineString",
        "coordinates": [
          [
            71.4269456,
            51.1903719
          ],
          [
            71.4271349,
            51.1902904
          ],
          [
            71.4273347,
            51.1901903
          ],
          [
            71.4276069,
            51.1900441
          ],
          [
            71.4278471,
            51.1899054
          ],
          [
            71.4280146,
            51.1897886
          ],
          [
            71.4281997,
            51.1896507
          ],
          [
            71.4283472,
            51.1895238
          ],
          [
            71.4284787,
            51.1894078
          ],
          [
            71.4286007,
            51.1892842
          ],
          [
            71.4288729,
            51.189006
          ],
          [
            71.4289695,
            51.1889186
          ],
          [
            71.4290875,
            51.1888211
          ],
          [
            71.4292203,
            51.1887194
          ],
          [
            71.4293785,
            51.1886152
          ],
          [
            71.4295314,
            51.1885202
          ],
          [
            71.4297031,
            51.1884328
          ],
          [
            71.4298908,
            51.1883369
          ],
          [
            71.4300786,
            51.188252
          ],
          [
            71.430261,
            51.1881772
          ],
          [
            71.4304326,
            51.18811
          ],
          [
            71.4306097,
            51.1880579
          ],
          [
            71.4306741,
            51.1880403
          ],
          [
            71.431531,
            51.1878066
          ],
          [
            71.4319856,
            51.187683
          ],
          [
            71.4323477,
            51.1875821
          ],
          [
            71.43273,
            51.1874653
          ],
          [
            71.4336982,
            51.1871812
          ],
          [
            71.4354095,
            51.1867071
          ]
        ]
      }
    },
    {
      "type": "Feature",
      "id": "way/975252012",
      "properties": {
        "role": "mapped_railway",
        "osm_way_id": "975252012",
        "electrified": "contact_line",
        "frequency": "50",
        "gauge": "1520",
        "railway": "rail",
        "source": "bing",
        "usage": "main",
        "voltage": "25000"
      },
      "geometry": {
        "type": "LineString",
        "coordinates": [
          [
            71.4251213,
            51.191147
          ],
          [
            71.4248081,
            51.1912729
          ],
          [
            71.4244875,
            51.1913906
          ],
          [
            71.4241737,
            51.1915192
          ],
          [
            71.4239328,
            51.1916289
          ],
          [
            71.4237446,
            51.1917251
          ],
          [
            71.4230096,
            51.192142
          ],
          [
            71.4228324,
            51.1922248
          ],
          [
            71.4226806,
            51.1922841
          ],
          [
            71.4224118,
            51.1923746
          ]
        ]
      }
    },
    {
      "type": "Feature",
      "id": "way/975252013",
      "properties": {
        "role": "mapped_railway",
        "osm_way_id": "975252013",
        "electrified": "contact_line",
        "frequency": "50",
        "gauge": "1520",
        "railway": "rail",
        "service": "crossover",
        "voltage": "25000"
      },
      "geometry": {
        "type": "LineString",
        "coordinates": [
          [
            71.5331635,
            51.1524589
          ],
          [
            71.5342248,
            51.1519897
          ]
        ]
      }
    },
    {
      "type": "Feature",
      "id": "way/975252014",
      "properties": {
        "role": "mapped_railway",
        "osm_way_id": "975252014",
        "electrified": "contact_line",
        "frequency": "50",
        "gauge": "1520",
        "railway": "rail",
        "service": "crossover",
        "voltage": "25000"
      },
      "geometry": {
        "type": "LineString",
        "coordinates": [
          [
            71.5319317,
            51.1529783
          ],
          [
            71.532771,
            51.1526068
          ]
        ]
      }
    },
    {
      "type": "Feature",
      "id": "way/975252015",
      "properties": {
        "role": "mapped_railway",
        "osm_way_id": "975252015",
        "electrified": "contact_line",
        "frequency": "50",
        "gauge": "1520",
        "railway": "rail",
        "service": "crossover",
        "voltage": "25000"
      },
      "geometry": {
        "type": "LineString",
        "coordinates": [
          [
            71.5308693,
            51.1532565
          ],
          [
            71.5322036,
            51.1528215
          ]
        ]
      }
    },
    {
      "type": "Feature",
      "id": "way/975252016",
      "properties": {
        "role": "mapped_railway",
        "osm_way_id": "975252016",
        "electrified": "contact_line",
        "frequency": "50",
        "gauge": "1520",
        "name": "Astana",
        "railway": "rail",
        "usage": "main",
        "voltage": "25000"
      },
      "geometry": {
        "type": "LineString",
        "coordinates": [
          [
            71.5322036,
            51.1528215
          ],
          [
            71.532771,
            51.1526068
          ],
          [
            71.5331635,
            51.1524589
          ],
          [
            71.5456406,
            51.1477564
          ]
        ]
      }
    },
    {
      "type": "Feature",
      "id": "way/975252017",
      "properties": {
        "role": "mapped_railway",
        "osm_way_id": "975252017",
        "electrified": "contact_line",
        "frequency": "50",
        "gauge": "1520",
        "name": "Astana",
        "railway": "rail",
        "usage": "main",
        "voltage": "25000"
      },
      "geometry": {
        "type": "LineString",
        "coordinates": [
          [
            71.4870917,
            51.1698339
          ],
          [
            71.4895936,
            51.1688978
          ],
          [
            71.4962473,
            51.166384
          ]
        ]
      }
    },
    {
      "type": "Feature",
      "id": "way/975252018",
      "properties": {
        "role": "mapped_railway",
        "osm_way_id": "975252018",
        "electrified": "contact_line",
        "frequency": "50",
        "gauge": "1520",
        "railway": "rail",
        "service": "crossover",
        "voltage": "25000"
      },
      "geometry": {
        "type": "LineString",
        "coordinates": [
          [
            71.4475617,
            51.1839783
          ],
          [
            71.4484715,
            51.1837411
          ]
        ]
      }
    },
    {
      "type": "Feature",
      "id": "way/975252019",
      "properties": {
        "role": "mapped_railway",
        "osm_way_id": "975252019",
        "electrified": "contact_line",
        "frequency": "50",
        "gauge": "1520",
        "railway": "rail",
        "service": "crossover",
        "voltage": "25000"
      },
      "geometry": {
        "type": "LineString",
        "coordinates": [
          [
            71.4469993,
            51.184245
          ],
          [
            71.4478748,
            51.183932
          ]
        ]
      }
    },
    {
      "type": "Feature",
      "id": "way/975252020",
      "properties": {
        "role": "mapped_railway",
        "osm_way_id": "975252020",
        "electrified": "contact_line",
        "frequency": "50",
        "gauge": "1520",
        "railway": "rail",
        "service": "crossover",
        "voltage": "25000"
      },
      "geometry": {
        "type": "LineString",
        "coordinates": [
          [
            71.4505076,
            51.1831538
          ],
          [
            71.4493039,
            51.183479
          ]
        ]
      }
    },
    {
      "type": "Feature",
      "id": "way/975252021",
      "properties": {
        "role": "mapped_railway",
        "osm_way_id": "975252021",
        "electrified": "contact_line",
        "frequency": "50",
        "gauge": "1520",
        "railway": "rail",
        "service": "crossover",
        "voltage": "25000"
      },
      "geometry": {
        "type": "LineString",
        "coordinates": [
          [
            71.4510302,
            51.1828078
          ],
          [
            71.4498231,
            51.1832667
          ]
        ]
      }
    },
    {
      "type": "Feature",
      "id": "way/975252022",
      "properties": {
        "role": "mapped_railway",
        "osm_way_id": "975252022",
        "gauge": "1520",
        "railway": "rail",
        "service": "spur"
      },
      "geometry": {
        "type": "LineString",
        "coordinates": [
          [
            71.4509824,
            51.1827595
          ],
          [
            71.4515845,
            51.1825687
          ],
          [
            71.4520499,
            51.1824023
          ]
        ]
      }
    },
    {
      "type": "Feature",
      "id": "way/975252033",
      "properties": {
        "role": "mapped_railway",
        "osm_way_id": "975252033",
        "gauge": "1520",
        "railway": "rail",
        "service": "spur"
      },
      "geometry": {
        "type": "LineString",
        "coordinates": [
          [
            71.3571013,
            51.2414253
          ],
          [
            71.3565525,
            51.2422563
          ],
          [
            71.3564104,
            51.2424511
          ]
        ]
      }
    },
    {
      "type": "Feature",
      "id": "way/975252034",
      "properties": {
        "role": "mapped_railway",
        "osm_way_id": "975252034",
        "electrified": "contact_line",
        "frequency": "50",
        "gauge": "1520",
        "railway": "rail",
        "service": "crossover",
        "voltage": "25000"
      },
      "geometry": {
        "type": "LineString",
        "coordinates": [
          [
            71.3624861,
            51.2325321
          ],
          [
            71.3628586,
            51.2318259
          ]
        ]
      }
    },
    {
      "type": "Feature",
      "id": "way/975252035",
      "properties": {
        "role": "mapped_railway",
        "osm_way_id": "975252035",
        "electrified": "contact_line",
        "frequency": "50",
        "gauge": "1520",
        "railway": "rail",
        "service": "crossover",
        "voltage": "25000"
      },
      "geometry": {
        "type": "LineString",
        "coordinates": [
          [
            71.3631923,
            51.2312961
          ],
          [
            71.3637345,
            51.2306277
          ]
        ]
      }
    },
    {
      "type": "Feature",
      "id": "way/975252037",
      "properties": {
        "role": "mapped_railway",
        "osm_way_id": "975252037",
        "gauge": "1520",
        "railway": "rail",
        "service": "spur"
      },
      "geometry": {
        "type": "LineString",
        "coordinates": [
          [
            71.366576,
            51.2263672
          ],
          [
            71.3660234,
            51.2272096
          ],
          [
            71.3653153,
            51.2282972
          ],
          [
            71.3650059,
            51.2287937
          ],
          [
            71.363867,
            51.2305542
          ],
          [
            71.3632841,
            51.2314176
          ],
          [
            71.3630361,
            51.2318088
          ]
        ]
      }
    },
    {
      "type": "Feature",
      "id": "way/975252038",
      "properties": {
        "role": "mapped_railway",
        "osm_way_id": "975252038",
        "electrified": "contact_line",
        "frequency": "50",
        "gauge": "1520",
        "name": "Астана–Тоболь",
        "railway": "rail",
        "usage": "main",
        "voltage": "25000"
      },
      "geometry": {
        "type": "LineString",
        "coordinates": [
          [
            71.4024662,
            51.1983145
          ],
          [
            71.4022897,
            51.1983705
          ]
        ]
      }
    },
    {
      "type": "Feature",
      "id": "way/975252040",
      "properties": {
        "role": "mapped_railway",
        "osm_way_id": "975252040",
        "electrified": "contact_line",
        "frequency": "50",
        "gauge": "1520",
        "railway": "rail",
        "service": "siding",
        "source": "bing",
        "voltage": "25000"
      },
      "geometry": {
        "type": "LineString",
        "coordinates": [
          [
            71.404634,
            51.1980702
          ],
          [
            71.4037103,
            51.1984134
          ]
        ]
      }
    },
    {
      "type": "Feature",
      "id": "way/975252041",
      "properties": {
        "role": "mapped_railway",
        "osm_way_id": "975252041",
        "gauge": "1520",
        "railway": "rail",
        "service": "siding",
        "source": "bing"
      },
      "geometry": {
        "type": "LineString",
        "coordinates": [
          [
            71.3880682,
            51.2082187
          ],
          [
            71.3871436,
            51.2086274
          ]
        ]
      }
    },
    {
      "type": "Feature",
      "id": "way/975252042",
      "properties": {
        "role": "mapped_railway",
        "osm_way_id": "975252042",
        "electrified": "contact_line",
        "frequency": "50",
        "gauge": "1520",
        "name": "Astana - Kurort Borowoe",
        "passenger_lines": "2",
        "railway": "rail",
        "source": "bing",
        "usage": "main",
        "voltage": "25000"
      },
      "geometry": {
        "type": "LineString",
        "coordinates": [
          [
            71.3558392,
            51.2426963
          ],
          [
            71.3553637,
            51.2434247
          ],
          [
            71.3549803,
            51.244034
          ]
        ]
      }
    },
    {
      "type": "Feature",
      "id": "way/975252043",
      "properties": {
        "role": "mapped_railway",
        "osm_way_id": "975252043",
        "electrified": "contact_line",
        "frequency": "50",
        "gauge": "1520",
        "name": "Astana - Kurort Borowoe",
        "passenger_lines": "2",
        "railway": "rail",
        "source": "bing",
        "usage": "main",
        "voltage": "25000"
      },
      "geometry": {
        "type": "LineString",
        "coordinates": [
          [
            71.363878,
            51.2304014
          ],
          [
            71.3637345,
            51.2306277
          ],
          [
            71.3634018,
            51.2311093
          ]
        ]
      }
    },
    {
      "type": "Feature",
      "id": "way/975262477",
      "properties": {
        "role": "mapped_railway",
        "osm_way_id": "975262477",
        "electrified": "contact_line",
        "frequency": "50",
        "gauge": "1520",
        "name": "Astana",
        "railway": "rail",
        "source": "bing",
        "usage": "main",
        "voltage": "25000"
      },
      "geometry": {
        "type": "LineString",
        "coordinates": [
          [
            71.4475617,
            51.1839783
          ],
          [
            71.4495781,
            51.1833436
          ],
          [
            71.4498231,
            51.1832667
          ],
          [
            71.4534559,
            51.1820801
          ],
          [
            71.4557031,
            51.1813876
          ],
          [
            71.4636585,
            51.1788554
          ],
          [
            71.4643425,
            51.1786065
          ],
          [
            71.4824329,
            51.1717693
          ],
          [
            71.4853656,
            51.1706189
          ],
          [
            71.4864358,
            51.1701867
          ]
        ]
      }
    },
    {
      "type": "Feature",
      "id": "way/975262478",
      "properties": {
        "role": "mapped_railway",
        "osm_way_id": "975262478",
        "electrified": "contact_line",
        "frequency": "50",
        "gauge": "1520",
        "railway": "rail",
        "usage": "main",
        "voltage": "25000"
      },
      "geometry": {
        "type": "LineString",
        "coordinates": [
          [
            71.4493039,
            51.183479
          ],
          [
            71.4486897,
            51.1836724
          ],
          [
            71.4484715,
            51.1837411
          ]
        ]
      }
    },
    {
      "type": "Feature",
      "id": "way/975262479",
      "properties": {
        "role": "mapped_railway",
        "osm_way_id": "975262479",
        "electrified": "contact_line",
        "frequency": "50",
        "gauge": "1520",
        "railway": "rail",
        "usage": "main",
        "voltage": "25000"
      },
      "geometry": {
        "type": "LineString",
        "coordinates": [
          [
            71.5310356,
            51.1533171
          ],
          [
            71.4923206,
            51.1680188
          ],
          [
            71.4897323,
            51.1690447
          ],
          [
            71.4872646,
            51.1699731
          ]
        ]
      }
    },
    {
      "type": "Feature",
      "id": "way/975262496",
      "properties": {
        "role": "mapped_railway",
        "osm_way_id": "975262496",
        "electrified": "contact_line",
        "frequency": "50",
        "gauge": "1520",
        "name": "Astana - Karaganda",
        "railway": "rail",
        "usage": "main",
        "voltage": "25000"
      },
      "geometry": {
        "type": "LineString",
        "coordinates": [
          [
            71.5456406,
            51.1477564
          ],
          [
            71.5496335,
            51.1462634
          ],
          [
            71.5503396,
            51.1460127
          ],
          [
            71.5505533,
            51.1459368
          ],
          [
            71.5510454,
            51.1457899
          ],
          [
            71.5516568,
            51.1456314
          ],
          [
            71.5522514,
            51.1455005
          ],
          [
            71.5527215,
            51.145391
          ],
          [
            71.5528351,
            51.1453667
          ],
          [
            71.5545994,
            51.1449741
          ],
          [
            71.5567827,
            51.1444906
          ],
          [
            71.5706116,
            51.1414194
          ],
          [
            71.5709603,
            51.1413454
          ],
          [
            71.5724869,
            51.1409979
          ],
          [
            71.5737302,
            51.1407211
          ],
          [
            71.5748422,
            51.1404728
          ],
          [
            71.5750056,
            51.1404362
          ],
          [
            71.5778888,
            51.1397893
          ],
          [
            71.5791489,
            51.1395117
          ],
          [
            71.5852859,
            51.1381306
          ],
          [
            71.652337,
            51.1232969
          ]
        ]
      }
    },
    {
      "type": "Feature",
      "id": "way/975268313",
      "properties": {
        "role": "mapped_railway",
        "osm_way_id": "975268313",
        "electrified": "contact_line",
        "frequency": "50",
        "gauge": "1520",
        "passenger_lines": "2",
        "railway": "rail",
        "usage": "main",
        "voltage": "25000"
      },
      "geometry": {
        "type": "LineString",
        "coordinates": [
          [
            71.5465106,
            51.147462
          ],
          [
            71.5472532,
            51.1471933
          ],
          [
            71.5496452,
            51.1463053
          ],
          [
            71.5503833,
            51.1460434
          ],
          [
            71.5505867,
            51.1459712
          ],
          [
            71.5510789,
            51.1458241
          ],
          [
            71.5516823,
            51.1456794
          ],
          [
            71.5518164,
            51.1456495
          ],
          [
            71.5522483,
            51.1455531
          ]
        ]
      }
    },
    {
      "type": "Feature",
      "id": "way/975268315",
      "properties": {
        "role": "mapped_railway",
        "osm_way_id": "975268315",
        "electrified": "contact_line",
        "frequency": "50",
        "gauge": "1520",
        "name": "Astana",
        "railway": "rail",
        "source": "bing",
        "usage": "main",
        "voltage": "25000"
      },
      "geometry": {
        "type": "LineString",
        "coordinates": [
          [
            71.4040535,
            51.1977608
          ],
          [
            71.4048937,
            51.1974938
          ],
          [
            71.4052209,
            51.1973842
          ],
          [
            71.4054492,
            51.1973077
          ],
          [
            71.4069684,
            51.1967878
          ],
          [
            71.4078981,
            51.1964778
          ],
          [
            71.4099388,
            51.1958327
          ]
        ]
      }
    },
    {
      "type": "Feature",
      "id": "way/975268316",
      "properties": {
        "role": "mapped_railway",
        "osm_way_id": "975268316",
        "electrified": "contact_line",
        "frequency": "50",
        "gauge": "1520",
        "name": "Astana",
        "railway": "rail",
        "source": "bing",
        "usage": "main",
        "voltage": "25000"
      },
      "geometry": {
        "type": "LineString",
        "coordinates": [
          [
            71.4099388,
            51.1958327
          ],
          [
            71.4121935,
            51.1951182
          ],
          [
            71.4130734,
            51.1948474
          ],
          [
            71.4140591,
            51.1945583
          ],
          [
            71.415073,
            51.1942734
          ],
          [
            71.4159815,
            51.1939816
          ]
        ]
      }
    },
    {
      "type": "Feature",
      "id": "way/975268317",
      "properties": {
        "role": "mapped_railway",
        "osm_way_id": "975268317",
        "electrified": "contact_line",
        "frequency": "50",
        "gauge": "1520",
        "passenger_lines": "2",
        "railway": "rail",
        "usage": "main",
        "voltage": "25000"
      },
      "geometry": {
        "type": "LineString",
        "coordinates": [
          [
            71.5310356,
            51.1533171
          ],
          [
            71.5319317,
            51.1529783
          ],
          [
            71.5457341,
            51.1477599
          ],
          [
            71.5465106,
            51.147462
          ]
        ]
      }
    },
    {
      "type": "Feature",
      "id": "way/975314465",
      "properties": {
        "role": "mapped_railway",
        "osm_way_id": "975314465",
        "electrified": "contact_line",
        "frequency": "50",
        "gauge": "1520",
        "name": "Astana",
        "railway": "rail",
        "usage": "main",
        "voltage": "25000"
      },
      "geometry": {
        "type": "LineString",
        "coordinates": [
          [
            71.4896974,
            51.168964
          ],
          [
            71.5310086,
            51.1532867
          ],
          [
            71.5322036,
            51.1528215
          ]
        ]
      }
    },
    {
      "type": "Feature",
      "id": "way/975314466",
      "properties": {
        "role": "mapped_railway",
        "osm_way_id": "975314466",
        "electrified": "contact_line",
        "gauge": "1520",
        "railway": "rail",
        "usage": "main"
      },
      "geometry": {
        "type": "LineString",
        "coordinates": [
          [
            71.4962473,
            51.166384
          ],
          [
            71.5155858,
            51.1590519
          ],
          [
            71.5308693,
            51.1532565
          ]
        ]
      }
    },
    {
      "type": "Feature",
      "id": "way/975314467",
      "properties": {
        "role": "mapped_railway",
        "osm_way_id": "975314467",
        "electrified": "contact_line",
        "gauge": "1520",
        "railway": "rail",
        "usage": "main"
      },
      "geometry": {
        "type": "LineString",
        "coordinates": [
          [
            71.5308693,
            51.1532565
          ],
          [
            71.5322142,
            51.1527481
          ],
          [
            71.5332993,
            51.1523379
          ],
          [
            71.5342248,
            51.1519897
          ],
          [
            71.5344903,
            51.1518921
          ]
        ]
      }
    },
    {
      "type": "Feature",
      "id": "way/975496398",
      "properties": {
        "role": "mapped_railway",
        "osm_way_id": "975496398",
        "electrified": "contact_line",
        "frequency": "50",
        "gauge": "1520",
        "name": "Astana",
        "railway": "rail",
        "source": "bing",
        "usage": "main",
        "voltage": "25000"
      },
      "geometry": {
        "type": "LineString",
        "coordinates": [
          [
            71.4871761,
            51.1698991
          ],
          [
            71.4896974,
            51.168964
          ]
        ]
      }
    },
    {
      "type": "Feature",
      "id": "way/975496399",
      "properties": {
        "role": "mapped_railway",
        "osm_way_id": "975496399",
        "bridge": "yes",
        "electrified": "contact_line",
        "frequency": "50",
        "gauge": "1520",
        "layer": "1",
        "railway": "rail",
        "usage": "main",
        "voltage": "25000"
      },
      "geometry": {
        "type": "LineString",
        "coordinates": [
          [
            71.4872646,
            51.1699731
          ],
          [
            71.4864586,
            51.1702825
          ]
        ]
      }
    },
    {
      "type": "Feature",
      "id": "way/975496400",
      "properties": {
        "role": "mapped_railway",
        "osm_way_id": "975496400",
        "bridge": "yes",
        "electrified": "contact_line",
        "frequency": "50",
        "gauge": "1520",
        "layer": "1",
        "name": "Южсиб",
        "railway": "rail",
        "usage": "main",
        "voltage": "25000"
      },
      "geometry": {
        "type": "LineString",
        "coordinates": [
          [
            71.4873156,
            51.1700706
          ],
          [
            71.4865378,
            51.1703733
          ]
        ]
      }
    },
    {
      "type": "Feature",
      "id": "way/975496401",
      "properties": {
        "role": "mapped_railway",
        "osm_way_id": "975496401",
        "electrified": "contact_line",
        "frequency": "50",
        "gauge": "1520",
        "name": "Южсиб",
        "railway": "rail",
        "usage": "main",
        "voltage": "25000"
      },
      "geometry": {
        "type": "LineString",
        "coordinates": [
          [
            71.4865378,
            51.1703733
          ],
          [
            71.4858055,
            51.1706559
          ],
          [
            71.4852744,
            51.1708409
          ],
          [
            71.4847299,
            51.1710258
          ],
          [
            71.4841264,
            51.1712495
          ],
          [
            71.4794111,
            51.1730203
          ],
          [
            71.4779198,
            51.1736106
          ],
          [
            71.4643908,
            51.1787091
          ],
          [
            71.4637041,
            51.1789529
          ],
          [
            71.4627358,
            51.1792404
          ],
          [
            71.4535243,
            51.1821884
          ],
          [
            71.4505076,
            51.1831538
          ]
        ]
      }
    },
    {
      "type": "Feature",
      "id": "way/975496402",
      "properties": {
        "role": "mapped_railway",
        "osm_way_id": "975496402",
        "electrified": "contact_line",
        "frequency": "50",
        "gauge": "1520",
        "railway": "rail",
        "usage": "main",
        "voltage": "25000"
      },
      "geometry": {
        "type": "LineString",
        "coordinates": [
          [
            71.4864586,
            51.1702825
          ],
          [
            71.4643666,
            51.1786385
          ],
          [
            71.4636952,
            51.1788779
          ],
          [
            71.4534827,
            51.1821331
          ],
          [
            71.4493039,
            51.183479
          ]
        ]
      }
    },
    {
      "type": "Feature",
      "id": "way/975496403",
      "properties": {
        "role": "mapped_railway",
        "osm_way_id": "975496403",
        "bridge": "yes",
        "electrified": "contact_line",
        "frequency": "50",
        "gauge": "1520",
        "layer": "1",
        "name": "Astana",
        "railway": "rail",
        "source": "bing",
        "usage": "main",
        "voltage": "25000"
      },
      "geometry": {
        "type": "LineString",
        "coordinates": [
          [
            71.4864358,
            51.1701867
          ],
          [
            71.4871761,
            51.1698991
          ]
        ]
      }
    },
    {
      "type": "Feature",
      "id": "KOKSHETAU_1",
      "properties": {
        "role": "station",
        "name": "Кокшетау-1",
        "osm_node_id": "4026381503"
      },
      "geometry": {
        "type": "Point",
        "coordinates": [
          69.4231821,
          53.2888337
        ]
      }
    },
    {
      "type": "Feature",
      "id": "RAZYEZD_17",
      "properties": {
        "role": "station",
        "name": "Разъезд № 17",
        "osm_node_id": "3805455712"
      },
      "geometry": {
        "type": "Point",
        "coordinates": [
          69.6692304,
          53.1921964
        ]
      }
    },
    {
      "type": "Feature",
      "id": "ZHAMANTUZ",
      "properties": {
        "role": "station",
        "name": "Джемантуз",
        "osm_node_id": "3805457185"
      },
      "geometry": {
        "type": "Point",
        "coordinates": [
          69.8669598,
          53.0875179
        ]
      }
    },
    {
      "type": "Feature",
      "id": "BURABAY",
      "properties": {
        "role": "station",
        "name": "Курорт Бурабай (Курорт Боровое)",
        "osm_node_id": "5810748819"
      },
      "geometry": {
        "type": "Point",
        "coordinates": [
          70.1816572,
          52.9210247
        ]
      }
    },
    {
      "type": "Feature",
      "id": "ZHASYL",
      "properties": {
        "role": "station",
        "name": "Жасыл",
        "osm_node_id": "4041217725"
      },
      "geometry": {
        "type": "Point",
        "coordinates": [
          70.2891508,
          52.7935662
        ]
      }
    },
    {
      "type": "Feature",
      "id": "MAKINKA",
      "properties": {
        "role": "station",
        "name": "Макинка",
        "osm_node_id": "4209174690"
      },
      "geometry": {
        "type": "Point",
        "coordinates": [
          70.4107836,
          52.6357172
        ]
      }
    },
    {
      "type": "Feature",
      "id": "ELTAY",
      "properties": {
        "role": "station",
        "name": "Ельтай",
        "osm_node_id": "4025083259"
      },
      "geometry": {
        "type": "Point",
        "coordinates": [
          70.5909711,
          52.2779798
        ]
      }
    },
    {
      "type": "Feature",
      "id": "AKKOL",
      "properties": {
        "role": "station",
        "name": "Акколь",
        "osm_node_id": "3191477785"
      },
      "geometry": {
        "type": "Point",
        "coordinates": [
          70.939158,
          52.0144911
        ]
      }
    },
    {
      "type": "Feature",
      "id": "SHORTANDY",
      "properties": {
        "role": "station",
        "name": "Шортанды",
        "osm_node_id": "3207666940"
      },
      "geometry": {
        "type": "Point",
        "coordinates": [
          70.9976243,
          51.7021313
        ]
      }
    },
    {
      "type": "Feature",
      "id": "TONKERIS",
      "properties": {
        "role": "station",
        "name": "Тонкерис",
        "osm_node_id": "2629466566"
      },
      "geometry": {
        "type": "Point",
        "coordinates": [
          71.1923303,
          51.4486105
        ]
      }
    },
    {
      "type": "Feature",
      "id": "RAZYEZD_39",
      "properties": {
        "role": "station",
        "name": "Разъезд № 39 (Өндіріс)",
        "osm_node_id": "3805439410"
      },
      "geometry": {
        "type": "Point",
        "coordinates": [
          71.3606757,
          51.2364054
        ]
      }
    },
    {
      "type": "Feature",
      "id": "ASTANA_1",
      "properties": {
        "role": "station",
        "name": "Астана-1",
        "osm_node_id": "4020137343"
      },
      "geometry": {
        "type": "Point",
        "coordinates": [
          71.4099867,
          51.1958965
        ]
      }
    },
    {
      "type": "Feature",
      "id": "NURLY_ZHOL",
      "properties": {
        "role": "station",
        "name": "Астана Нурлы Жол",
        "osm_node_id": "13676555260"
      },
      "geometry": {
        "type": "Point",
        "coordinates": [
          71.5317705,
          51.1124516
        ]
      }
    }
  ]
}
