Railflow demonstration and advisory system; not certified railway safety equipment
event_id,run,simulation_seconds,kind,actor,entities,message,before,after
405db17d141e4327b17af7287fc8e61b,b84a2ba52993,0.0,action,dispatcher,,New simulation run,null,null
7d80238888724331b26ec0cfb280c552,b84a2ba52993,0.0,creation,dispatcher,KZ-101,Steppe local created: Track point V39875 → Track point V39870,null,"{""id"": ""KZ-101"", ""name"": ""Steppe local"", ""origin"": 39875, ""destination"": 39870, ""departure_s"": 0, ""scheduled_arrival_s"": 1800.0, ""importance"": 3, ""length_m"": 180, ""max_speed_kmh"": 70.0, ""acceleration_mps2"": 0.45, ""braking_mps2"": 0.7, ""mass_t"": 400, ""stops"": [], ""via_siding"": 47083, ""give_way_s"": 140.0}"
100479bd753b40578635c97a38da1aae,b84a2ba52993,0.0,creation,dispatcher,KZ-009,Altai express created: Track point V39870 → Track point V39875,null,"{""id"": ""KZ-009"", ""name"": ""Altai express"", ""origin"": 39870, ""destination"": 39875, ""departure_s"": 750.0, ""scheduled_arrival_s"": 2200.0, ""importance"": 9, ""length_m"": 180, ""max_speed_kmh"": 100.0, ""acceleration_mps2"": 0.45, ""braking_mps2"": 0.7, ""mass_t"": 400, ""stops"": [], ""via_siding"": null, ""give_way_s"": 180}"
150f73230483484bb530a155d8e41c3c,b84a2ba52993,0.0,demo,dispatcher,,passing scenario loaded on existing siding E47083,null,"{""origin"": 39875, ""destination"": 39870, ""siding_edge"": 47083, ""siding_length_m"": 997.44, ""siding_route"": [[47073, 1], [47083, 0], [47069, 1]], ""bypass_route"": [[47073, 1], [47072, 1], [47071, 1], [47070, 1], [47069, 1]], ""description"": ""Existing mapped siding; usable length assumes 25 m clearance at each end. No verified platform inventory.""}"
fe73c3dbbe234bc28446baf829caf906,b84a2ba52993,0.0,departure,engine,KZ-101,Movement authorised to section boundary at 5752.3 m; dispatch score 0.81. Highest feasible preference in this decision.,null,"{""authority_m"": 5752.254285714286, ""score"": 0.8124889284248366, ""parts"": {""importance"": 0.8888888888888888, ""delay"": 0.0, ""waiting"": 0.0, ""energy"": -0.07639996046405229}}"
daf3a7892fa64afb86a01fcf7a5fa3c3,b84a2ba52993,0.0,plan,engine,,Plan 2: demo loaded,null,"{""version"": 2}"
a909f8257ad148f89ff9906d289c276d,b84a2ba52993,0.0,signal,engine,SIG-47073-1,SIG-47073-1 → red,null,"{""id"": ""SIG-47073-1"", ""edge"": 47073, ""direction"": 1, ""vertex"": 39875, ""resource"": ""b:47073:6"", ""block_index"": 6, ""aspect"": ""red"", ""owner"": ""KZ-101"", ""failed"": false, ""occupied_by"": ""KZ-101"", ""clear_blocks_ahead"": 0, ""available_distance_m"": 5752.25, ""position"": [48.6313294, 80.8117276], ""reason"": ""Block occupied: stop""}"
79bde12f2a2f47478079760da42ebd26,b84a2ba52993,0.0,signal,engine,SIG-47073-1-5,SIG-47073-1-5 → green,null,"{""id"": ""SIG-47073-1-5"", ""edge"": 47073, ""direction"": 1, ""vertex"": null, ""resource"": ""b:47073:5"", ""block_index"": 5, ""aspect"": ""green"", ""owner"": ""KZ-101"", ""failed"": false, ""occupied_by"": null, ""clear_blocks_ahead"": 2, ""available_distance_m"": 3826.5, ""position"": [48.626236819623045, 80.78668394640434], ""reason"": ""At least two clear blocks; braking distance available""}"
d2395c3343e74863a8d09f1b66e3746e,b84a2ba52993,0.0,signal,engine,SIG-47073-1-4,SIG-47073-1-4 → yellow,null,"{""id"": ""SIG-47073-1-4"", ""edge"": 47073, ""direction"": 1, ""vertex"": null, ""resource"": ""b:47073:4"", ""block_index"": 4, ""aspect"": ""yellow"", ""owner"": ""KZ-101"", ""failed"": false, ""occupied_by"": null, ""clear_blocks_ahead"": 1, ""available_distance_m"": 1900.75, ""position"": [48.62114175111963, 80.76164198964018], ""reason"": ""Clear block; approach stop or restriction""}"
44676ba80e474790a4410149a2d765be,b84a2ba52993,0.0,signal,engine,SIG-47073-1-3,SIG-47073-1-3 → red,null,"{""id"": ""SIG-47073-1-3"", ""edge"": 47073, ""direction"": 1, ""vertex"": null, ""resource"": ""b:47073:3"", ""block_index"": 3, ""aspect"": ""red"", ""owner"": null, ""failed"": false, ""occupied_by"": null, ""clear_blocks_ahead"": 0, ""available_distance_m"": 0, ""position"": [48.61345103362665, 80.73831563974878], ""reason"": ""No compatible authority / closed""}"
c675756e3b26492db03e1c6d7d852e54,b84a2ba52993,0.0,signal,engine,SIG-47073-1-2,SIG-47073-1-2 → red,null,"{""id"": ""SIG-47073-1-2"", ""edge"": 47073, ""direction"": 1, ""vertex"": null, ""resource"": ""b:47073:2"", ""block_index"": 2, ""aspect"": ""red"", ""owner"": null, ""failed"": false, ""occupied_by"": null, ""clear_blocks_ahead"": 0, ""available_distance_m"": 0, ""position"": [48.60300189532133, 80.71742852382842], ""reason"": ""No compatible authority / closed""}"
80f1a7f7126442018d0bbf15af6252cb,b84a2ba52993,0.0,signal,engine,SIG-47073-1-1,SIG-47073-1-1 → red,null,"{""id"": ""SIG-47073-1-1"", ""edge"": 47073, ""direction"": 1, ""vertex"": null, ""resource"": ""b:47073:1"", ""block_index"": 1, ""aspect"": ""red"", ""owner"": null, ""failed"": false, ""occupied_by"": null, ""clear_blocks_ahead"": 0, ""available_distance_m"": 0, ""position"": [48.59181627010142, 80.69754068803151], ""reason"": ""No compatible authority / closed""}"
399ea5018cde4db9a915420a302ec70a,b84a2ba52993,0.0,signal,engine,SIG-47073-1-0,SIG-47073-1-0 → red,null,"{""id"": ""SIG-47073-1-0"", ""edge"": 47073, ""direction"": 1, ""vertex"": null, ""resource"": ""b:47073:0"", ""block_index"": 0, ""aspect"": ""red"", ""owner"": null, ""failed"": false, ""occupied_by"": null, ""clear_blocks_ahead"": 0, ""available_distance_m"": 0, ""position"": [48.57940238548389, 80.6792848658396], ""reason"": ""No compatible authority / closed""}"
b1e8319db7ba4630a51d8cec6e8cf7e8,b84a2ba52993,0.0,signal,engine,SIG-47083-0,SIG-47083-0 → red,null,"{""id"": ""SIG-47083-0"", ""edge"": 47083, ""direction"": 0, ""vertex"": 39874, ""resource"": ""e:47083"", ""block_index"": 0, ""aspect"": ""red"", ""owner"": null, ""failed"": false, ""occupied_by"": null, ""clear_blocks_ahead"": 0, ""available_distance_m"": 0, ""position"": [48.566982, 80.6610438], ""reason"": ""No compatible authority / closed""}"
13e40a6d7a09494b89156210184f5cd2,b84a2ba52993,0.0,signal,engine,SIG-47069-1,SIG-47069-1 → red,null,"{""id"": ""SIG-47069-1"", ""edge"": 47069, ""direction"": 1, ""vertex"": 39871, ""resource"": ""b:47069:6"", ""block_index"": 6, ""aspect"": ""red"", ""owner"": null, ""failed"": false, ""occupied_by"": null, ""clear_blocks_ahead"": 0, ""available_distance_m"": 0, ""position"": [48.5605577, 80.6515929], ""reason"": ""No compatible authority / closed""}"
e253099fd7cc4cf59be734ecfbf59c3a,b84a2ba52993,0.0,signal,engine,SIG-47069-1-5,SIG-47069-1-5 → red,null,"{""id"": ""SIG-47069-1-5"", ""edge"": 47069, ""direction"": 1, ""vertex"": null, ""resource"": ""b:47069:5"", ""block_index"": 5, ""aspect"": ""red"", ""owner"": null, ""failed"": false, ""occupied_by"": null, ""clear_blocks_ahead"": 0, ""available_distance_m"": 0, ""position"": [48.54580540804259, 80.64622680384115], ""reason"": ""No compatible authority / closed""}"
89c94052043343318171d8b1fa804c42,b84a2ba52993,0.0,signal,engine,SIG-47069-1-4,SIG-47069-1-4 → red,null,"{""id"": ""SIG-47069-1-4"", ""edge"": 47069, ""direction"": 1, ""vertex"": null, ""resource"": ""b:47069:4"", ""block_index"": 4, ""aspect"": ""red"", ""owner"": null, ""failed"": false, ""occupied_by"": null, ""clear_blocks_ahead"": 0, ""available_distance_m"": 0, ""position"": [48.53041754091322, 80.64726711498463], ""reason"": ""No compatible authority / closed""}"
1b208208ec254baf955cdb43dfd61c06,b84a2ba52993,0.0,signal,engine,SIG-47069-1-3,SIG-47069-1-3 → red,null,"{""id"": ""SIG-47069-1-3"", ""edge"": 47069, ""direction"": 1, ""vertex"": null, ""resource"": ""b:47069:3"", ""block_index"": 3, ""aspect"": ""red"", ""owner"": null, ""failed"": false, ""occupied_by"": null, ""clear_blocks_ahead"": 0, ""available_distance_m"": 0, ""position"": [48.5168171248757, 80.63667400388232], ""reason"": ""No compatible authority / closed""}"
29e73c45831a44e5865e6cbae3305b74,b84a2ba52993,0.0,signal,engine,SIG-47069-1-2,SIG-47069-1-2 → red,null,"{""id"": ""SIG-47069-1-2"", ""edge"": 47069, ""direction"": 1, ""vertex"": null, ""resource"": ""b:47069:2"", ""block_index"": 2, ""aspect"": ""red"", ""owner"": null, ""failed"": false, ""occupied_by"": null, ""clear_blocks_ahead"": 0, ""available_distance_m"": 0, ""position"": [48.503730762133834, 80.62417782138552], ""reason"": ""No compatible authority / closed""}"
e10c5530c7ff46a09f7709e755d36a20,b84a2ba52993,0.0,signal,engine,SIG-47069-1-1,SIG-47069-1-1 → red,null,"{""id"": ""SIG-47069-1-1"", ""edge"": 47069, ""direction"": 1, ""vertex"": null, ""resource"": ""b:47069:1"", ""block_index"": 1, ""aspect"": ""red"", ""owner"": null, ""failed"": false, ""occupied_by"": null, ""clear_blocks_ahead"": 0, ""available_distance_m"": 0, ""position"": [48.490639390187695, 80.61169655534965], ""reason"": ""No compatible authority / closed""}"
602378fdf5ca47c69d1888c1249e807a,b84a2ba52993,0.0,signal,engine,SIG-47069-1-0,SIG-47069-1-0 → red,null,"{""id"": ""SIG-47069-1-0"", ""edge"": 47069, ""direction"": 1, ""vertex"": null, ""resource"": ""b:47069:0"", ""block_index"": 0, ""aspect"": ""red"", ""owner"": null, ""failed"": false, ""occupied_by"": null, ""clear_blocks_ahead"": 0, ""available_distance_m"": 0, ""position"": [48.47755092626786, 80.59921152743281], ""reason"": ""No compatible authority / closed""}"
43c5cbf8a3164ae8a3df3809ff2d3e51,b84a2ba52993,0.0,signal,engine,SIG-47069-0,SIG-47069-0 → red,null,"{""id"": ""SIG-47069-0"", ""edge"": 47069, ""direction"": 0, ""vertex"": 39870, ""resource"": ""b:47069:0"", ""block_index"": 0, ""aspect"": ""red"", ""owner"": null, ""failed"": false, ""occupied_by"": null, ""clear_blocks_ahead"": 0, ""available_distance_m"": 0, ""position"": [48.4652659, 80.5849929], ""reason"": ""No compatible authority / closed""}"
6a7f57301c744400857dfa24b96f19fc,b84a2ba52993,0.0,signal,engine,SIG-47069-0-1,SIG-47069-0-1 → red,null,"{""id"": ""SIG-47069-0-1"", ""edge"": 47069, ""direction"": 0, ""vertex"": null, ""resource"": ""b:47069:1"", ""block_index"": 1, ""aspect"": ""red"", ""owner"": null, ""failed"": false, ""occupied_by"": null, ""clear_blocks_ahead"": 0, ""available_distance_m"": 0, ""position"": [48.47755092626786, 80.59921152743281], ""reason"": ""No compatible authority / closed""}"
b7bfaeb7cb8641a5a55030d8b78d0035,b84a2ba52993,0.0,signal,engine,SIG-47069-0-2,SIG-47069-0-2 → red,null,"{""id"": ""SIG-47069-0-2"", ""edge"": 47069, ""direction"": 0, ""vertex"": null, ""resource"": ""b:47069:2"", ""block_index"": 2, ""aspect"": ""red"", ""owner"": null, ""failed"": false, ""occupied_by"": null, ""clear_blocks_ahead"": 0, ""available_distance_m"": 0, ""position"": [48.490639390187695, 80.61169655534965], ""reason"": ""No compatible authority / closed""}"
1fadae2d68bf460e985cad2c8a6de25f,b84a2ba52993,0.0,signal,engine,SIG-47069-0-3,SIG-47069-0-3 → red,null,"{""id"": ""SIG-47069-0-3"", ""edge"": 47069, ""direction"": 0, ""vertex"": null, ""resource"": ""b:47069:3"", ""block_index"": 3, ""aspect"": ""red"", ""owner"": null, ""failed"": false, ""occupied_by"": null, ""clear_blocks_ahead"": 0, ""available_distance_m"": 0, ""position"": [48.503730762133834, 80.62417782138552], ""reason"": ""No compatible authority / closed""}"
a4152da144cc4d68a2690b5dcbfd2b94,b84a2ba52993,0.0,signal,engine,SIG-47069-0-4,SIG-47069-0-4 → red,null,"{""id"": ""SIG-47069-0-4"", ""edge"": 47069, ""direction"": 0, ""vertex"": null, ""resource"": ""b:47069:4"", ""block_index"": 4, ""aspect"": ""red"", ""owner"": null, ""failed"": false, ""occupied_by"": null, ""clear_blocks_ahead"": 0, ""available_distance_m"": 0, ""position"": [48.5168171248757, 80.63667400388232], ""reason"": ""No compatible authority / closed""}"
643eebc30c48401e9a76792d72eaac64,b84a2ba52993,0.0,signal,engine,SIG-47069-0-5,SIG-47069-0-5 → red,null,"{""id"": ""SIG-47069-0-5"", ""edge"": 47069, ""direction"": 0, ""vertex"": null, ""resource"": ""b:47069:5"", ""block_index"": 5, ""aspect"": ""red"", ""owner"": null, ""failed"": false, ""occupied_by"": null, ""clear_blocks_ahead"": 0, ""available_distance_m"": 0, ""position"": [48.53041754091322, 80.64726711498463], ""reason"": ""No compatible authority / closed""}"
6bc8ad36aff04426ae344a7ec1add9c0,b84a2ba52993,0.0,signal,engine,SIG-47069-0-6,SIG-47069-0-6 → red,null,"{""id"": ""SIG-47069-0-6"", ""edge"": 47069, ""direction"": 0, ""vertex"": null, ""resource"": ""b:47069:6"", ""block_index"": 6, ""aspect"": ""red"", ""owner"": null, ""failed"": false, ""occupied_by"": null, ""clear_blocks_ahead"": 0, ""available_distance_m"": 0, ""position"": [48.54580540804259, 80.64622680384115], ""reason"": ""No compatible authority / closed""}"
3670fcb03e774ad096672ace420d2335,b84a2ba52993,0.0,signal,engine,SIG-47070-0,SIG-47070-0 → red,null,"{""id"": ""SIG-47070-0"", ""edge"": 47070, ""direction"": 0, ""vertex"": 39871, ""resource"": ""e:47070"", ""block_index"": 0, ""aspect"": ""red"", ""owner"": null, ""failed"": false, ""occupied_by"": null, ""clear_blocks_ahead"": 0, ""available_distance_m"": 0, ""position"": [48.5605577, 80.6515929], ""reason"": ""No compatible authority / closed""}"
6003a3ed83344fb58cedea24af5b4ad0,b84a2ba52993,0.0,signal,engine,SIG-47071-0,SIG-47071-0 → red,null,"{""id"": ""SIG-47071-0"", ""edge"": 47071, ""direction"": 0, ""vertex"": 39872, ""resource"": ""e:47071"", ""block_index"": 0, ""aspect"": ""red"", ""owner"": null, ""failed"": false, ""occupied_by"": null, ""clear_blocks_ahead"": 0, ""available_distance_m"": 0, ""position"": [48.5608102, 80.651964], ""reason"": ""No compatible authority / closed""}"
993dc43d92034cb49e4b004e8fb41a3a,b84a2ba52993,0.0,signal,engine,SIG-47072-0,SIG-47072-0 → red,null,"{""id"": ""SIG-47072-0"", ""edge"": 47072, ""direction"": 0, ""vertex"": 39873, ""resource"": ""e:47072"", ""block_index"": 0, ""aspect"": ""red"", ""owner"": null, ""failed"": false, ""occupied_by"": null, ""clear_blocks_ahead"": 0, ""available_distance_m"": 0, ""position"": [48.5667883, 80.6607663], ""reason"": ""No compatible authority / closed""}"
77ed27bb0fcb4073a9d25bae2062d80b,b84a2ba52993,0.0,signal,engine,SIG-47073-0,SIG-47073-0 → red,null,"{""id"": ""SIG-47073-0"", ""edge"": 47073, ""direction"": 0, ""vertex"": 39874, ""resource"": ""b:47073:0"", ""block_index"": 0, ""aspect"": ""red"", ""owner"": null, ""failed"": false, ""occupied_by"": null, ""clear_blocks_ahead"": 0, ""available_distance_m"": 0, ""position"": [48.566982, 80.6610438], ""reason"": ""No compatible authority / closed""}"
7449c1a5b2fd436a886f3ba7d5d443ef,b84a2ba52993,0.0,signal,engine,SIG-47073-0-1,SIG-47073-0-1 → red,null,"{""id"": ""SIG-47073-0-1"", ""edge"": 47073, ""direction"": 0, ""vertex"": null, ""resource"": ""b:47073:1"", ""block_index"": 1, ""aspect"": ""red"", ""owner"": null, ""failed"": false, ""occupied_by"": null, ""clear_blocks_ahead"": 0, ""available_distance_m"": 0, ""position"": [48.57940238548389, 80.6792848658396], ""reason"": ""No compatible authority / closed""}"
3e67f037e7cd4347b24f314f127bbef2,b84a2ba52993,0.0,signal,engine,SIG-47073-0-2,SIG-47073-0-2 → red,null,"{""id"": ""SIG-47073-0-2"", ""edge"": 47073, ""direction"": 0, ""vertex"": null, ""resource"": ""b:47073:2"", ""block_index"": 2, ""aspect"": ""red"", ""owner"": null, ""failed"": false, ""occupied_by"": null, ""clear_blocks_ahead"": 0, ""available_distance_m"": 0, ""position"": [48.59181627010142, 80.69754068803151], ""reason"": ""No compatible authority / closed""}"
933c7e2a60254d8baddbcfd5cfbda69e,b84a2ba52993,0.0,signal,engine,SIG-47073-0-3,SIG-47073-0-3 → red,null,"{""id"": ""SIG-47073-0-3"", ""edge"": 47073, ""direction"": 0, ""vertex"": null, ""resource"": ""b:47073:3"", ""block_index"": 3, ""aspect"": ""red"", ""owner"": null, ""failed"": false, ""occupied_by"": null, ""clear_blocks_ahead"": 0, ""available_distance_m"": 0, ""position"": [48.60300189532133, 80.71742852382842], ""reason"": ""No compatible authority / closed""}"
7fbed800e14244958255c5946d4a43be,b84a2ba52993,0.0,signal,engine,SIG-47073-0-4,SIG-47073-0-4 → red,null,"{""id"": ""SIG-47073-0-4"", ""edge"": 47073, ""direction"": 0, ""vertex"": null, ""resource"": ""b:47073:4"", ""block_index"": 4, ""aspect"": ""red"", ""owner"": ""KZ-101"", ""failed"": false, ""occupied_by"": null, ""clear_blocks_ahead"": 0, ""available_distance_m"": 0, ""position"": [48.61345103362665, 80.73831563974878], ""reason"": ""No compatible authority / closed""}"
8c9b7710706449199aa10885ede203bd,b84a2ba52993,0.0,signal,engine,SIG-47073-0-5,SIG-47073-0-5 → red,null,"{""id"": ""SIG-47073-0-5"", ""edge"": 47073, ""direction"": 0, ""vertex"": null, ""resource"": ""b:47073:5"", ""block_index"": 5, ""aspect"": ""red"", ""owner"": ""KZ-101"", ""failed"": false, ""occupied_by"": null, ""clear_blocks_ahead"": 0, ""available_distance_m"": 0, ""position"": [48.62114175111963, 80.76164198964018], ""reason"": ""No compatible authority / closed""}"
fbde1e99a6ea45dba7fa679f0c66ba4c,b84a2ba52993,0.0,signal,engine,SIG-47073-0-6,SIG-47073-0-6 → red,null,"{""id"": ""SIG-47073-0-6"", ""edge"": 47073, ""direction"": 0, ""vertex"": null, ""resource"": ""b:47073:6"", ""block_index"": 6, ""aspect"": ""red"", ""owner"": ""KZ-101"", ""failed"": false, ""occupied_by"": ""KZ-101"", ""clear_blocks_ahead"": 0, ""available_distance_m"": 0, ""position"": [48.626236819623045, 80.78668394640434], ""reason"": ""Block occupied: stop""}"
a76bfce11660473db68e18b35858a879,b84a2ba52993,0.0,switch,engine,39875,V39875 route lock changed,null,"{""vertex"": 39875, ""owner"": ""KZ-101"", ""position"": [null, 47073], ""locked"": true}"
9d0ea23401c34750b8e397f28d846cff,b84a2ba52993,0.0,action,dispatcher,,speed,"{""running"": false, ""speed"": 30}","{""running"": false, ""speed"": 120.0}"
5884db57b491463ea3b338ff78b68545,b84a2ba52993,0.0,plan,engine,,Plan 3: start,null,"{""version"": 3}"
bd24316d032e4bc9a83fe827c0211575,b84a2ba52993,0.0,action,dispatcher,,start,"{""running"": false, ""speed"": 120.0}","{""running"": true, ""speed"": 120.0}"
786a5fbeb9fe4cd9a2f30e65c690255a,b84a2ba52993,0.2,quality,engine,,Movement quality 80: Normal,null,"{""score"": 80.0, ""status"": ""Normal"", ""factors"": {""schedule"": {""value"": 100.0, ""weight"": 0.3, ""contribution"": 30.0}, ""capacity"": {""value"": 0.0, ""weight"": 0.2, ""contribution"": 0.0}, ""energy"": {""value"": 100, ""weight"": 0.2, ""contribution"": 20.0}, ""conflicts"": {""value"": 100.0, ""weight"": 0.2, ""contribution"": 20.0}, ""stopping"": {""value"": 100.0, ""weight"": 0.1, ""contribution"": 10.0}}, ""reasons"": [""capacity: 0.0/100""], ""window_s"": 300, ""observed_s"": 0.0, ""samples"": 1}"
08c6a7177b0a4a79ae28ffac2dc54ba9,b84a2ba52993,1.0,quality,engine,,Movement quality 70.7: Attention,80.0,"{""score"": 70.7, ""status"": ""Attention"", ""factors"": {""schedule"": {""value"": 100.0, ""weight"": 0.3, ""contribution"": 30.0}, ""capacity"": {""value"": 50.0, ""weight"": 0.2, ""contribution"": 10.0}, ""energy"": {""value"": 3.3, ""weight"": 0.2, ""contribution"": 0.67}, ""conflicts"": {""value"": 100.0, ""weight"": 0.2, ""contribution"": 20.0}, ""stopping"": {""value"": 100.0, ""weight"": 0.1, ""contribution"": 10.0}}, ""reasons"": [""capacity: 50.0/100"", ""energy: 3.3/100""], ""window_s"": 300, ""observed_s"": 0.8, ""samples"": 2}"
23f04c9942744bbfb9e2926b8c013e4b,b84a2ba52993,2.2,quality,engine,,Movement quality 74: Attention,70.7,"{""score"": 74.0, ""status"": ""Attention"", ""factors"": {""schedule"": {""value"": 100.0, ""weight"": 0.3, ""contribution"": 30.0}, ""capacity"": {""value"": 66.7, ""weight"": 0.2, ""contribution"": 13.33}, ""energy"": {""value"": 3.3, ""weight"": 0.2, ""contribution"": 0.67}, ""conflicts"": {""value"": 100.0, ""weight"": 0.2, ""contribution"": 20.0}, ""stopping"": {""value"": 100.0, ""weight"": 0.1, ""contribution"": 10.0}}, ""reasons"": [""capacity: 66.7/100"", ""energy: 3.3/100""], ""window_s"": 300, ""observed_s"": 2.0, ""samples"": 3}"
625e4da9bc464990aaee68a994e716e2,b84a2ba52993,3.0,quality,engine,,Movement quality 75.7: Attention,74.0,"{""score"": 75.7, ""status"": ""Attention"", ""factors"": {""schedule"": {""value"": 100.0, ""weight"": 0.3, ""contribution"": 30.0}, ""capacity"": {""value"": 75.0, ""weight"": 0.2, ""contribution"": 15.0}, ""energy"": {""value"": 3.3, ""weight"": 0.2, ""contribution"": 0.67}, ""conflicts"": {""value"": 100.0, ""weight"": 0.2, ""contribution"": 20.0}, ""stopping"": {""value"": 100.0, ""weight"": 0.1, ""contribution"": 10.0}}, ""reasons"": [""capacity: 75.0/100"", ""energy: 3.3/100""], ""window_s"": 300, ""observed_s"": 2.8, ""samples"": 4}"
5b6ae705c0de4df99969d60317452768,b84a2ba52993,4.0,quality,engine,,Movement quality 76.7: Attention,75.7,"{""score"": 76.7, ""status"": ""Attention"", ""factors"": {""schedule"": {""value"": 100.0, ""weight"": 0.3, ""contribution"": 30.0}, ""capacity"": {""value"": 80.0, ""weight"": 0.2, ""contribution"": 16.0}, ""energy"": {""value"": 3.3, ""weight"": 0.2, ""contribution"": 0.67}, ""conflicts"": {""value"": 100.0, ""weight"": 0.2, ""contribution"": 20.0}, ""stopping"": {""value"": 100.0, ""weight"": 0.1, ""contribution"": 10.0}}, ""reasons"": [""capacity: 80.0/100"", ""energy: 3.3/100""], ""window_s"": 300, ""observed_s"": 3.8, ""samples"": 5}"
99163053e00a4c908fe85e53c632c400,b84a2ba52993,6.0,quality,engine,,Movement quality 77.8: Attention,76.7,"{""score"": 77.8, ""status"": ""Attention"", ""factors"": {""schedule"": {""value"": 100.0, ""weight"": 0.3, ""contribution"": 30.0}, ""capacity"": {""value"": 85.7, ""weight"": 0.2, ""contribution"": 17.14}, ""energy"": {""value"": 3.3, ""weight"": 0.2, ""contribution"": 0.67}, ""conflicts"": {""value"": 100.0, ""weight"": 0.2, ""contribution"": 20.0}, ""stopping"": {""value"": 100.0, ""weight"": 0.1, ""contribution"": 10.0}}, ""reasons"": [""capacity: 85.7/100"", ""energy: 3.3/100""], ""window_s"": 300, ""observed_s"": 5.8, ""samples"": 7}"
c6050fca57fe4da28f463a46a2264f56,b84a2ba52993,10.2,quality,engine,,Movement quality 78.8: Attention,77.8,"{""score"": 78.8, ""status"": ""Attention"", ""factors"": {""schedule"": {""value"": 100.0, ""weight"": 0.3, ""contribution"": 30.0}, ""capacity"": {""value"": 90.9, ""weight"": 0.2, ""contribution"": 18.18}, ""energy"": {""value"": 3.3, ""weight"": 0.2, ""contribution"": 0.67}, ""conflicts"": {""value"": 100.0, ""weight"": 0.2, ""contribution"": 20.0}, ""stopping"": {""value"": 100.0, ""weight"": 0.1, ""contribution"": 10.0}}, ""reasons"": [""capacity: 90.9/100"", ""energy: 3.3/100""], ""window_s"": 300, ""observed_s"": 10.0, ""samples"": 11}"
860ec0cf85044d929fc66c3ffd7f4ccd,b84a2ba52993,21.2,quality,engine,,Movement quality 79.8: Attention,78.8,"{""score"": 79.8, ""status"": ""Attention"", ""factors"": {""schedule"": {""value"": 100.0, ""weight"": 0.3, ""contribution"": 30.0}, ""capacity"": {""value"": 95.5, ""weight"": 0.2, ""contribution"": 19.09}, ""energy"": {""value"": 3.3, ""weight"": 0.2, ""contribution"": 0.67}, ""conflicts"": {""value"": 100.0, ""weight"": 0.2, ""contribution"": 20.0}, ""stopping"": {""value"": 100.0, ""weight"": 0.1, ""contribution"": 10.0}}, ""reasons"": [""capacity: 95.5/100"", ""energy: 3.3/100""], ""window_s"": 300, ""observed_s"": 21.0, ""samples"": 22}"
86dbc5647070416db240beb940ca7e11,b84a2ba52993,30.2,switch,engine,39875,V39875 route lock changed,"{""vertex"": 39875, ""owner"": ""KZ-101"", ""position"": [null, 47073], ""locked"": true}",null
0ec61d281d3c4ec29ad413d04d80dda2,b84a2ba52993,58.0,quality,engine,,Movement quality 80.8: Normal,79.8,"{""score"": 80.8, ""status"": ""Normal"", ""factors"": {""schedule"": {""value"": 100.0, ""weight"": 0.3, ""contribution"": 30.0}, ""capacity"": {""value"": 98.3, ""weight"": 0.2, ""contribution"": 19.66}, ""energy"": {""value"": 5.5, ""weight"": 0.2, ""contribution"": 1.1}, ""conflicts"": {""value"": 100.0, ""weight"": 0.2, ""contribution"": 20.0}, ""stopping"": {""value"": 100.0, ""weight"": 0.1, ""contribution"": 10.0}}, ""reasons"": [""capacity: 98.3/100"", ""energy: 5.5/100""], ""window_s"": 300, ""observed_s"": 57.8, ""samples"": 59}"
1005457334634e0ab629d6da45583e85,b84a2ba52993,61.0,plan,engine,KZ-101,Movement authorised to section boundary at 7678.0 m; dispatch score 0.81. Highest feasible preference in this decision.,null,"{""authority_m"": 7678.005714285715, ""score"": 0.8139813095609671, ""parts"": {""importance"": 0.8888888888888888, ""delay"": 0.0, ""waiting"": 0.0, ""energy"": -0.07490757932792165}}"
cfbc0348dc704b9a861a9245fb8c5dca,b84a2ba52993,61.0,plan,engine,,Plan 4: clock,null,"{""version"": 4}"
a2516aa887854d6392fd0585a637f283,b84a2ba52993,61.0,signal,engine,SIG-47073-1-4,SIG-47073-1-4 → green,"{""id"": ""SIG-47073-1-4"", ""edge"": 47073, ""direction"": 1, ""vertex"": null, ""resource"": ""b:47073:4"", ""block_index"": 4, ""aspect"": ""yellow"", ""owner"": ""KZ-101"", ""failed"": false, ""occupied_by"": null, ""clear_blocks_ahead"": 1, ""available_distance_m"": 1900.75, ""position"": [48.62114175111963, 80.76164198964018], ""reason"": ""Clear block; approach stop or restriction""}","{""id"": ""SIG-47073-1-4"", ""edge"": 47073, ""direction"": 1, ""vertex"": null, ""resource"": ""b:47073:4"", ""block_index"": 4, ""aspect"": ""green"", ""owner"": ""KZ-101"", ""failed"": false, ""occupied_by"": null, ""clear_blocks_ahead"": 2, ""available_distance_m"": 3826.5, ""position"": [48.62114175111963, 80.76164198964018], ""reason"": ""At least two clear blocks; braking distance available""}"
e9d4291a9a164aba8866a8f2d14de24f,b84a2ba52993,61.0,signal,engine,SIG-47073-1-3,SIG-47073-1-3 → yellow,"{""id"": ""SIG-47073-1-3"", ""edge"": 47073, ""direction"": 1, ""vertex"": null, ""resource"": ""b:47073:3"", ""block_index"": 3, ""aspect"": ""red"", ""owner"": null, ""failed"": false, ""occupied_by"": null, ""clear_blocks_ahead"": 0, ""available_distance_m"": 0, ""position"": [48.61345103362665, 80.73831563974878], ""reason"": ""No compatible authority / closed""}","{""id"": ""SIG-47073-1-3"", ""edge"": 47073, ""direction"": 1, ""vertex"": null, ""resource"": ""b:47073:3"", ""block_index"": 3, ""aspect"": ""yellow"", ""owner"": ""KZ-101"", ""failed"": false, ""occupied_by"": null, ""clear_blocks_ahead"": 1, ""available_distance_m"": 1900.75, ""position"": [48.61345103362665, 80.73831563974878], ""reason"": ""Clear block; approach stop or restriction""}"
824c28acc43b4d05a6a949e7ab4b1c08,b84a2ba52993,61.0,signal,engine,SIG-47073-0-3,SIG-47073-0-3 → red,"{""id"": ""SIG-47073-0-3"", ""edge"": 47073, ""direction"": 0, ""vertex"": null, ""resource"": ""b:47073:3"", ""block_index"": 3, ""aspect"": ""red"", ""owner"": null, ""failed"": false, ""occupied_by"": null, ""clear_blocks_ahead"": 0, ""available_distance_m"": 0, ""position"": [48.60300189532133, 80.71742852382842], ""reason"": ""No compatible authority / closed""}","{""id"": ""SIG-47073-0-3"", ""edge"": 47073, ""direction"": 0, ""vertex"": null, ""resource"": ""b:47073:3"", ""block_index"": 3, ""aspect"": ""red"", ""owner"": ""KZ-101"", ""failed"": false, ""occupied_by"": null, ""clear_blocks_ahead"": 0, ""available_distance_m"": 0, ""position"": [48.60300189532133, 80.71742852382842], ""reason"": ""No compatible authority / closed""}"
3a9b2eb3dd23492b81ac690a0e15ce09,b84a2ba52993,91.0,quality,engine,,Movement quality 81.8: Normal,80.8,"{""score"": 81.8, ""status"": ""Normal"", ""factors"": {""schedule"": {""value"": 100.0, ""weight"": 0.3, ""contribution"": 30.0}, ""capacity"": {""value"": 98.9, ""weight"": 0.2, ""contribution"": 19.78}, ""energy"": {""value"": 10.0, ""weight"": 0.2, ""contribution"": 1.99}, ""conflicts"": {""value"": 100.0, ""weight"": 0.2, ""contribution"": 20.0}, ""stopping"": {""value"": 100.0, ""weight"": 0.1, ""contribution"": 10.0}}, ""reasons"": [""capacity: 98.9/100"", ""energy: 10.0/100""], ""window_s"": 300, ""observed_s"": 90.8, ""samples"": 92}"
f02ce2389e0143eda35999dcdb219412,b84a2ba52993,121.0,signal,engine,SIG-47073-1-5,SIG-47073-1-5 → red,"{""id"": ""SIG-47073-1-5"", ""edge"": 47073, ""direction"": 1, ""vertex"": null, ""resource"": ""b:47073:5"", ""block_index"": 5, ""aspect"": ""green"", ""owner"": ""KZ-101"", ""failed"": false, ""occupied_by"": null, ""clear_blocks_ahead"": 3, ""available_distance_m"": 5752.25, ""position"": [48.626236819623045, 80.78668394640434], ""reason"": ""At least two clear blocks; braking distance available""}","{""id"": ""SIG-47073-1-5"", ""edge"": 47073, ""direction"": 1, ""vertex"": null, ""resource"": ""b:47073:5"", ""block_index"": 5, ""aspect"": ""red"", ""owner"": ""KZ-101"", ""failed"": false, ""occupied_by"": ""KZ-101"", ""clear_blocks_ahead"": 0, ""available_distance_m"": 5752.25, ""position"": [48.626236819623045, 80.78668394640434], ""reason"": ""Block occupied: stop""}"
d68a7f8322bf426f8e2acfe14a641f2f,b84a2ba52993,129.0,quality,engine,,Movement quality 82.8: Normal,81.8,"{""score"": 82.8, ""status"": ""Normal"", ""factors"": {""schedule"": {""value"": 100.0, ""weight"": 0.3, ""contribution"": 30.0}, ""capacity"": {""value"": 99.2, ""weight"": 0.2, ""contribution"": 19.85}, ""energy"": {""value"": 14.6, ""weight"": 0.2, ""contribution"": 2.92}, ""conflicts"": {""value"": 100.0, ""weight"": 0.2, ""contribution"": 20.0}, ""stopping"": {""value"": 100.0, ""weight"": 0.1, ""contribution"": 10.0}}, ""reasons"": [""capacity: 99.2/100"", ""energy: 14.6/100""], ""window_s"": 300, ""observed_s"": 128.8, ""samples"": 130}"
c25fa6084eec46d2a63b6ee1644b80e3,b84a2ba52993,132.0,signal,engine,SIG-47073-1,SIG-47073-1 → red,"{""id"": ""SIG-47073-1"", ""edge"": 47073, ""direction"": 1, ""vertex"": 39875, ""resource"": ""b:47073:6"", ""block_index"": 6, ""aspect"": ""red"", ""owner"": ""KZ-101"", ""failed"": false, ""occupied_by"": ""KZ-101"", ""clear_blocks_ahead"": 0, ""available_distance_m"": 7678.01, ""position"": [48.6313294, 80.8117276], ""reason"": ""Block occupied: stop""}","{""id"": ""SIG-47073-1"", ""edge"": 47073, ""direction"": 1, ""vertex"": 39875, ""resource"": ""b:47073:6"", ""block_index"": 6, ""aspect"": ""red"", ""owner"": null, ""failed"": false, ""occupied_by"": null, ""clear_blocks_ahead"": 0, ""available_distance_m"": 7678.01, ""position"": [48.6313294, 80.8117276], ""reason"": ""No compatible authority / closed""}"
cf613c4329fa47d480eae878999bd518,b84a2ba52993,132.0,signal,engine,SIG-47073-0-6,SIG-47073-0-6 → red,"{""id"": ""SIG-47073-0-6"", ""edge"": 47073, ""direction"": 0, ""vertex"": null, ""resource"": ""b:47073:6"", ""block_index"": 6, ""aspect"": ""red"", ""owner"": ""KZ-101"", ""failed"": false, ""occupied_by"": ""KZ-101"", ""clear_blocks_ahead"": 0, ""available_distance_m"": 0, ""position"": [48.626236819623045, 80.78668394640434], ""reason"": ""Block occupied: stop""}","{""id"": ""SIG-47073-0-6"", ""edge"": 47073, ""direction"": 0, ""vertex"": null, ""resource"": ""b:47073:6"", ""block_index"": 6, ""aspect"": ""red"", ""owner"": null, ""failed"": false, ""occupied_by"": null, ""clear_blocks_ahead"": 0, ""available_distance_m"": 0, ""position"": [48.626236819623045, 80.78668394640434], ""reason"": ""No compatible authority / closed""}"
8ea850d087cf495085768745a5b6e9dd,b84a2ba52993,160.2,plan,engine,KZ-101,Movement authorised to section boundary at 9603.8 m; dispatch score 0.82. Highest feasible preference in this decision.,null,"{""authority_m"": 9603.757142857143, ""score"": 0.8177392498677711, ""parts"": {""importance"": 0.8888888888888888, ""delay"": 0.0, ""waiting"": 0.0, ""energy"": -0.0711496390211177}}"
22d3ed1301284e45b76e31bb610847d3,b84a2ba52993,160.2,plan,engine,,Plan 5: clock,null,"{""version"": 5}"
e28a88ecaf3547699bd91467cc94a8d6,b84a2ba52993,160.2,signal,engine,SIG-47073-1-3,SIG-47073-1-3 → green,"{""id"": ""SIG-47073-1-3"", ""edge"": 47073, ""direction"": 1, ""vertex"": null, ""resource"": ""b:47073:3"", ""block_index"": 3, ""aspect"": ""yellow"", ""owner"": ""KZ-101"", ""failed"": false, ""occupied_by"": null, ""clear_blocks_ahead"": 1, ""available_distance_m"": 1900.75, ""position"": [48.61345103362665, 80.73831563974878], ""reason"": ""Clear block; approach stop or restriction""}","{""id"": ""SIG-47073-1-3"", ""edge"": 47073, ""direction"": 1, ""vertex"": null, ""resource"": ""b:47073:3"", ""block_index"": 3, ""aspect"": ""green"", ""owner"": ""KZ-101"", ""failed"": false, ""occupied_by"": null, ""clear_blocks_ahead"": 2, ""available_distance_m"": 3826.5, ""position"": [48.61345103362665, 80.73831563974878], ""reason"": ""At least two clear blocks; braking distance available""}"
71817c2aa16344948b60187ed331ea33,b84a2ba52993,160.2,signal,engine,SIG-47073-1-2,SIG-47073-1-2 → yellow,"{""id"": ""SIG-47073-1-2"", ""edge"": 47073, ""direction"": 1, ""vertex"": null, ""resource"": ""b:47073:2"", ""block_index"": 2, ""aspect"": ""red"", ""owner"": null, ""failed"": false, ""occupied_by"": null, ""clear_blocks_ahead"": 0, ""available_distance_m"": 0, ""position"": [48.60300189532133, 80.71742852382842], ""reason"": ""No compatible authority / closed""}","{""id"": ""SIG-47073-1-2"", ""edge"": 47073, ""direction"": 1, ""vertex"": null, ""resource"": ""b:47073:2"", ""block_index"": 2, ""aspect"": ""yellow"", ""owner"": ""KZ-101"", ""failed"": false, ""occupied_by"": null, ""clear_blocks_ahead"": 1, ""available_distance_m"": 1900.75, ""position"": [48.60300189532133, 80.71742852382842], ""reason"": ""Clear block; approach stop or restriction""}"
6d3dbed975a544828c7bcd6e2843498d,b84a2ba52993,160.2,signal,engine,SIG-47073-0-2,SIG-47073-0-2 → red,"{""id"": ""SIG-47073-0-2"", ""edge"": 47073, ""direction"": 0, ""vertex"": null, ""resource"": ""b:47073:2"", ""block_index"": 2, ""aspect"": ""red"", ""owner"": null, ""failed"": false, ""occupied_by"": null, ""clear_blocks_ahead"": 0, ""available_distance_m"": 0, ""position"": [48.59181627010142, 80.69754068803151], ""reason"": ""No compatible authority / closed""}","{""id"": ""SIG-47073-0-2"", ""edge"": 47073, ""direction"": 0, ""vertex"": null, ""resource"": ""b:47073:2"", ""block_index"": 2, ""aspect"": ""red"", ""owner"": ""KZ-101"", ""failed"": false, ""occupied_by"": null, ""clear_blocks_ahead"": 0, ""available_distance_m"": 0, ""position"": [48.59181627010142, 80.69754068803151], ""reason"": ""No compatible authority / closed""}"
47f318f0276b4aaeaa680f07ec06a81f,b84a2ba52993,172.2,quality,engine,,Movement quality 83.8: Normal,82.8,"{""score"": 83.8, ""status"": ""Normal"", ""factors"": {""schedule"": {""value"": 100.0, ""weight"": 0.3, ""contribution"": 30.0}, ""capacity"": {""value"": 99.4, ""weight"": 0.2, ""contribution"": 19.88}, ""energy"": {""value"": 19.3, ""weight"": 0.2, ""contribution"": 3.87}, ""conflicts"": {""value"": 100.0, ""weight"": 0.2, ""contribution"": 20.0}, ""stopping"": {""value"": 100.0, ""weight"": 0.1, ""contribution"": 10.0}}, ""reasons"": [""capacity: 99.4/100"", ""energy: 19.3/100""], ""window_s"": 300, ""observed_s"": 172.0, ""samples"": 173}"
85c2a2c555184edbaa3e7f40fe9ec122,b84a2ba52993,220.2,signal,engine,SIG-47073-1-4,SIG-47073-1-4 → red,"{""id"": ""SIG-47073-1-4"", ""edge"": 47073, ""direction"": 1, ""vertex"": null, ""resource"": ""b:47073:4"", ""block_index"": 4, ""aspect"": ""green"", ""owner"": ""KZ-101"", ""failed"": false, ""occupied_by"": null, ""clear_blocks_ahead"": 3, ""available_distance_m"": 5752.25, ""position"": [48.62114175111963, 80.76164198964018], ""reason"": ""At least two clear blocks; braking distance available""}","{""id"": ""SIG-47073-1-4"", ""edge"": 47073, ""direction"": 1, ""vertex"": null, ""resource"": ""b:47073:4"", ""block_index"": 4, ""aspect"": ""red"", ""owner"": ""KZ-101"", ""failed"": false, ""occupied_by"": ""KZ-101"", ""clear_blocks_ahead"": 0, ""available_distance_m"": 5752.25, ""position"": [48.62114175111963, 80.76164198964018], ""reason"": ""Block occupied: stop""}"
75c351717e894077aa4dbde97a67b941,b84a2ba52993,222.2,quality,engine,,Movement quality 84.8: Normal,83.8,"{""score"": 84.8, ""status"": ""Normal"", ""factors"": {""schedule"": {""value"": 100.0, ""weight"": 0.3, ""contribution"": 30.0}, ""capacity"": {""value"": 99.6, ""weight"": 0.2, ""contribution"": 19.91}, ""energy"": {""value"": 24.2, ""weight"": 0.2, ""contribution"": 4.84}, ""conflicts"": {""value"": 100.0, ""weight"": 0.2, ""contribution"": 20.0}, ""stopping"": {""value"": 100.0, ""weight"": 0.1, ""contribution"": 10.0}}, ""reasons"": [""capacity: 99.6/100"", ""energy: 24.2/100""], ""window_s"": 300, ""observed_s"": 222.0, ""samples"": 223}"
11196a6b86bd4e9d8417ef88d2dbd39a,b84a2ba52993,231.2,signal,engine,SIG-47073-1-5,SIG-47073-1-5 → red,"{""id"": ""SIG-47073-1-5"", ""edge"": 47073, ""direction"": 1, ""vertex"": null, ""resource"": ""b:47073:5"", ""block_index"": 5, ""aspect"": ""red"", ""owner"": ""KZ-101"", ""failed"": false, ""occupied_by"": ""KZ-101"", ""clear_blocks_ahead"": 0, ""available_distance_m"": 7678.01, ""position"": [48.626236819623045, 80.78668394640434], ""reason"": ""Block occupied: stop""}","{""id"": ""SIG-47073-1-5"", ""edge"": 47073, ""direction"": 1, ""vertex"": null, ""resource"": ""b:47073:5"", ""block_index"": 5, ""aspect"": ""red"", ""owner"": null, ""failed"": false, ""occupied_by"": null, ""clear_blocks_ahead"": 0, ""available_distance_m"": 7678.01, ""position"": [48.626236819623045, 80.78668394640434], ""reason"": ""No compatible authority / closed""}"
1fd7770b08a44c548fecd6f4ac900e92,b84a2ba52993,231.2,signal,engine,SIG-47073-0-5,SIG-47073-0-5 → red,"{""id"": ""SIG-47073-0-5"", ""edge"": 47073, ""direction"": 0, ""vertex"": null, ""resource"": ""b:47073:5"", ""block_index"": 5, ""aspect"": ""red"", ""owner"": ""KZ-101"", ""failed"": false, ""occupied_by"": ""KZ-101"", ""clear_blocks_ahead"": 0, ""available_distance_m"": 0, ""position"": [48.62114175111963, 80.76164198964018], ""reason"": ""Block occupied: stop""}","{""id"": ""SIG-47073-0-5"", ""edge"": 47073, ""direction"": 0, ""vertex"": null, ""resource"": ""b:47073:5"", ""block_index"": 5, ""aspect"": ""red"", ""owner"": null, ""failed"": false, ""occupied_by"": null, ""clear_blocks_ahead"": 0, ""available_distance_m"": 0, ""position"": [48.62114175111963, 80.76164198964018], ""reason"": ""No compatible authority / closed""}"
b79d50861984423589dec67625532197,b84a2ba52993,259.2,plan,engine,KZ-101,Movement authorised to section boundary at 11529.5 m; dispatch score 0.82. Highest feasible preference in this decision.,null,"{""authority_m"": 11529.508571428572, ""score"": 0.8214896136820209, ""parts"": {""importance"": 0.8888888888888888, ""delay"": 0.0, ""waiting"": 0.0, ""energy"": -0.0673992752068679}}"
9770df62c27546b1ac8499ac8a00c321,b84a2ba52993,259.2,plan,engine,,Plan 6: clock,null,"{""version"": 6}"
bde57a7bed8f435c9c8e1451b952a32d,b84a2ba52993,259.2,signal,engine,SIG-47073-1-2,SIG-47073-1-2 → green,"{""id"": ""SIG-47073-1-2"", ""edge"": 47073, ""direction"": 1, ""vertex"": null, ""resource"": ""b:47073:2"", ""block_index"": 2, ""aspect"": ""yellow"", ""owner"": ""KZ-101"", ""failed"": false, ""occupied_by"": null, ""clear_blocks_ahead"": 1, ""available_distance_m"": 1900.75, ""position"": [48.60300189532133, 80.71742852382842], ""reason"": ""Clear block; approach stop or restriction""}","{""id"": ""SIG-47073-1-2"", ""edge"": 47073, ""direction"": 1, ""vertex"": null, ""resource"": ""b:47073:2"", ""block_index"": 2, ""aspect"": ""green"", ""owner"": ""KZ-101"", ""failed"": false, ""occupied_by"": null, ""clear_blocks_ahead"": 2, ""available_distance_m"": 3826.5, ""position"": [48.60300189532133, 80.71742852382842], ""reason"": ""At least two clear blocks; braking distance available""}"
95a611c26a66443b8f062af5b588bde0,b84a2ba52993,259.2,signal,engine,SIG-47073-1-1,SIG-47073-1-1 → yellow,"{""id"": ""SIG-47073-1-1"", ""edge"": 47073, ""direction"": 1, ""vertex"": null, ""resource"": ""b:47073:1"", ""block_index"": 1, ""aspect"": ""red"", ""owner"": null, ""failed"": false, ""occupied_by"": null, ""clear_blocks_ahead"": 0, ""available_distance_m"": 0, ""position"": [48.59181627010142, 80.69754068803151], ""reason"": ""No compatible authority / closed""}","{""id"": ""SIG-47073-1-1"", ""edge"": 47073, ""direction"": 1, ""vertex"": null, ""resource"": ""b:47073:1"", ""block_index"": 1, ""aspect"": ""yellow"", ""owner"": ""KZ-101"", ""failed"": false, ""occupied_by"": null, ""clear_blocks_ahead"": 1, ""available_distance_m"": 1900.75, ""position"": [48.59181627010142, 80.69754068803151], ""reason"": ""Clear block; approach stop or restriction""}"
b8631eb48abf41e2adf409e9af990cdd,b84a2ba52993,259.2,signal,engine,SIG-47073-0-1,SIG-47073-0-1 → red,"{""id"": ""SIG-47073-0-1"", ""edge"": 47073, ""direction"": 0, ""vertex"": null, ""resource"": ""b:47073:1"", ""block_index"": 1, ""aspect"": ""red"", ""owner"": null, ""failed"": false, ""occupied_by"": null, ""clear_blocks_ahead"": 0, ""available_distance_m"": 0, ""position"": [48.57940238548389, 80.6792848658396], ""reason"": ""No compatible authority / closed""}","{""id"": ""SIG-47073-0-1"", ""edge"": 47073, ""direction"": 0, ""vertex"": null, ""resource"": ""b:47073:1"", ""block_index"": 1, ""aspect"": ""red"", ""owner"": ""KZ-101"", ""failed"": false, ""occupied_by"": null, ""clear_blocks_ahead"": 0, ""available_distance_m"": 0, ""position"": [48.57940238548389, 80.6792848658396], ""reason"": ""No compatible authority / closed""}"
4ed144ee331440689950c845546799fd,b84a2ba52993,279.2,quality,engine,,Movement quality 85.8: Normal,84.8,"{""score"": 85.8, ""status"": ""Normal"", ""factors"": {""schedule"": {""value"": 100.0, ""weight"": 0.3, ""contribution"": 30.0}, ""capacity"": {""value"": 99.6, ""weight"": 0.2, ""contribution"": 19.93}, ""energy"": {""value"": 29.1, ""weight"": 0.2, ""contribution"": 5.82}, ""conflicts"": {""value"": 100.0, ""weight"": 0.2, ""contribution"": 20.0}, ""stopping"": {""value"": 100.0, ""weight"": 0.1, ""contribution"": 10.0}}, ""reasons"": [""capacity: 99.6/100"", ""energy: 29.1/100""], ""window_s"": 300, ""observed_s"": 279.0, ""samples"": 280}"
358ffeb8af2e41dd88b140573e23e3fb,b84a2ba52993,314.2,quality,engine,,Movement quality 86.8: Normal,85.8,"{""score"": 86.8, ""status"": ""Normal"", ""factors"": {""schedule"": {""value"": 100.0, ""weight"": 0.3, ""contribution"": 30.0}, ""capacity"": {""value"": 100.0, ""weight"": 0.2, ""contribution"": 20.0}, ""energy"": {""value"": 34.1, ""weight"": 0.2, ""contribution"": 6.83}, ""conflicts"": {""value"": 100.0, ""weight"": 0.2, ""contribution"": 20.0}, ""stopping"": {""value"": 100.0, ""weight"": 0.1, ""contribution"": 10.0}}, ""reasons"": [""energy: 34.1/100""], ""window_s"": 300, ""observed_s"": 300.0, ""samples"": 301}"
364f70452ea7436bb998e9d3308809d7,b84a2ba52993,319.2,signal,engine,SIG-47073-1-3,SIG-47073-1-3 → red,"{""id"": ""SIG-47073-1-3"", ""edge"": 47073, ""direction"": 1, ""vertex"": null, ""resource"": ""b:47073:3"", ""block_index"": 3, ""aspect"": ""green"", ""owner"": ""KZ-101"", ""failed"": false, ""occupied_by"": null, ""clear_blocks_ahead"": 3, ""available_distance_m"": 5752.25, ""position"": [48.61345103362665, 80.73831563974878], ""reason"": ""At least two clear blocks; braking distance available""}","{""id"": ""SIG-47073-1-3"", ""edge"": 47073, ""direction"": 1, ""vertex"": null, ""resource"": ""b:47073:3"", ""block_index"": 3, ""aspect"": ""red"", ""owner"": ""KZ-101"", ""failed"": false, ""occupied_by"": ""KZ-101"", ""clear_blocks_ahead"": 0, ""available_distance_m"": 5752.25, ""position"": [48.61345103362665, 80.73831563974878], ""reason"": ""Block occupied: stop""}"
9edfcfeab59540f5bdcadcff6101e61f,b84a2ba52993,322.2,quality,engine,,Movement quality 87.8: Normal,86.8,"{""score"": 87.8, ""status"": ""Normal"", ""factors"": {""schedule"": {""value"": 100.0, ""weight"": 0.3, ""contribution"": 30.0}, ""capacity"": {""value"": 100.0, ""weight"": 0.2, ""contribution"": 20.0}, ""energy"": {""value"": 38.9, ""weight"": 0.2, ""contribution"": 7.79}, ""conflicts"": {""value"": 100.0, ""weight"": 0.2, ""contribution"": 20.0}, ""stopping"": {""value"": 100.0, ""weight"": 0.1, ""contribution"": 10.0}}, ""reasons"": [""energy: 38.9/100""], ""window_s"": 300, ""observed_s"": 300.0, ""samples"": 301}"
a616be3034254808b4e7fdbc3441955b,b84a2ba52993,327.2,quality,engine,,Movement quality 88.8: Normal,87.8,"{""score"": 88.8, ""status"": ""Normal"", ""factors"": {""schedule"": {""value"": 100.0, ""weight"": 0.3, ""contribution"": 30.0}, ""capacity"": {""value"": 100.0, ""weight"": 0.2, ""contribution"": 20.0}, ""energy"": {""value"": 43.9, ""weight"": 0.2, ""contribution"": 8.78}, ""conflicts"": {""value"": 100.0, ""weight"": 0.2, ""contribution"": 20.0}, ""stopping"": {""value"": 100.0, ""weight"": 0.1, ""contribution"": 10.0}}, ""reasons"": [""energy: 43.9/100""], ""window_s"": 300, ""observed_s"": 300.0, ""samples"": 301}"
25f5ab54211a473b80af01d9e881e2e4,b84a2ba52993,330.2,signal,engine,SIG-47073-1-4,SIG-47073-1-4 → red,"{""id"": ""SIG-47073-1-4"", ""edge"": 47073, ""direction"": 1, ""vertex"": null, ""resource"": ""b:47073:4"", ""block_index"": 4, ""aspect"": ""red"", ""owner"": ""KZ-101"", ""failed"": false, ""occupied_by"": ""KZ-101"", ""clear_blocks_ahead"": 0, ""available_distance_m"": 7678.01, ""position"": [48.62114175111963, 80.76164198964018], ""reason"": ""Block occupied: stop""}","{""id"": ""SIG-47073-1-4"", ""edge"": 47073, ""direction"": 1, ""vertex"": null, ""resource"": ""b:47073:4"", ""block_index"": 4, ""aspect"": ""red"", ""owner"": null, ""failed"": false, ""occupied_by"": null, ""clear_blocks_ahead"": 0, ""available_distance_m"": 7678.01, ""position"": [48.62114175111963, 80.76164198964018], ""reason"": ""No compatible authority / closed""}"
e0c80ac589d44924973baeb0a9228509,b84a2ba52993,330.2,signal,engine,SIG-47073-0-4,SIG-47073-0-4 → red,"{""id"": ""SIG-47073-0-4"", ""edge"": 47073, ""direction"": 0, ""vertex"": null, ""resource"": ""b:47073:4"", ""block_index"": 4, ""aspect"": ""red"", ""owner"": ""KZ-101"", ""failed"": false, ""occupied_by"": ""KZ-101"", ""clear_blocks_ahead"": 0, ""available_distance_m"": 0, ""position"": [48.61345103362665, 80.73831563974878], ""reason"": ""Block occupied: stop""}","{""id"": ""SIG-47073-0-4"", ""edge"": 47073, ""direction"": 0, ""vertex"": null, ""resource"": ""b:47073:4"", ""block_index"": 4, ""aspect"": ""red"", ""owner"": null, ""failed"": false, ""occupied_by"": null, ""clear_blocks_ahead"": 0, ""available_distance_m"": 0, ""position"": [48.61345103362665, 80.73831563974878], ""reason"": ""No compatible authority / closed""}"
d98a75f2efdd4d38b933f636bd67b6ed,b84a2ba52993,331.2,quality,engine,,Movement quality 90: Normal,88.8,"{""score"": 90.0, ""status"": ""Normal"", ""factors"": {""schedule"": {""value"": 100.0, ""weight"": 0.3, ""contribution"": 30.0}, ""capacity"": {""value"": 100.0, ""weight"": 0.2, ""contribution"": 20.0}, ""energy"": {""value"": 49.8, ""weight"": 0.2, ""contribution"": 9.96}, ""conflicts"": {""value"": 100.0, ""weight"": 0.2, ""contribution"": 20.0}, ""stopping"": {""value"": 100.0, ""weight"": 0.1, ""contribution"": 10.0}}, ""reasons"": [""energy: 49.8/100""], ""window_s"": 300, ""observed_s"": 300.0, ""samples"": 301}"
7b1da93276e44a9083e482526feda702,b84a2ba52993,334.2,quality,engine,,Movement quality 91.2: Normal,90.0,"{""score"": 91.2, ""status"": ""Normal"", ""factors"": {""schedule"": {""value"": 100.0, ""weight"": 0.3, ""contribution"": 30.0}, ""capacity"": {""value"": 100.0, ""weight"": 0.2, ""contribution"": 20.0}, ""energy"": {""value"": 56.0, ""weight"": 0.2, ""contribution"": 11.21}, ""conflicts"": {""value"": 100.0, ""weight"": 0.2, ""contribution"": 20.0}, ""stopping"": {""value"": 100.0, ""weight"": 0.1, ""contribution"": 10.0}}, ""reasons"": [""energy: 56.0/100""], ""window_s"": 300, ""observed_s"": 300.0, ""samples"": 301}"
6e2475aad8974e3dab15addb17eed18a,b84a2ba52993,336.2,quality,engine,,Movement quality 92.3: Normal,91.2,"{""score"": 92.3, ""status"": ""Normal"", ""factors"": {""schedule"": {""value"": 100.0, ""weight"": 0.3, ""contribution"": 30.0}, ""capacity"": {""value"": 100.0, ""weight"": 0.2, ""contribution"": 20.0}, ""energy"": {""value"": 61.5, ""weight"": 0.2, ""contribution"": 12.3}, ""conflicts"": {""value"": 100.0, ""weight"": 0.2, ""contribution"": 20.0}, ""stopping"": {""value"": 100.0, ""weight"": 0.1, ""contribution"": 10.0}}, ""reasons"": [""energy: 61.5/100""], ""window_s"": 300, ""observed_s"": 300.0, ""samples"": 301}"
dc7097ed289e43d5b9b8a856adbf809f,b84a2ba52993,338.2,quality,engine,,Movement quality 94.4: Normal,92.3,"{""score"": 94.4, ""status"": ""Normal"", ""factors"": {""schedule"": {""value"": 100.0, ""weight"": 0.3, ""contribution"": 30.0}, ""capacity"": {""value"": 100.0, ""weight"": 0.2, ""contribution"": 20.0}, ""energy"": {""value"": 72.0, ""weight"": 0.2, ""contribution"": 14.39}, ""conflicts"": {""value"": 100.0, ""weight"": 0.2, ""contribution"": 20.0}, ""stopping"": {""value"": 100.0, ""weight"": 0.1, ""contribution"": 10.0}}, ""reasons"": [""energy: 72.0/100""], ""window_s"": 300, ""observed_s"": 299.2, ""samples"": 300}"
79aa222c002846dc8b131d1544a4375a,b84a2ba52993,339.2,quality,engine,,Movement quality 95.4: Normal,94.4,"{""score"": 95.4, ""status"": ""Normal"", ""factors"": {""schedule"": {""value"": 100.0, ""weight"": 0.3, ""contribution"": 30.0}, ""capacity"": {""value"": 100.0, ""weight"": 0.2, ""contribution"": 20.0}, ""energy"": {""value"": 76.9, ""weight"": 0.2, ""contribution"": 15.38}, ""conflicts"": {""value"": 100.0, ""weight"": 0.2, ""contribution"": 20.0}, ""stopping"": {""value"": 100.0, ""weight"": 0.1, ""contribution"": 10.0}}, ""reasons"": [""energy: 76.9/100""], ""window_s"": 300, ""observed_s"": 299.2, ""samples"": 300}"
cb07f71ab66545b49beaca20a12bb3bc,b84a2ba52993,340.2,quality,engine,,Movement quality 96.5: Normal,95.4,"{""score"": 96.5, ""status"": ""Normal"", ""factors"": {""schedule"": {""value"": 100.0, ""weight"": 0.3, ""contribution"": 30.0}, ""capacity"": {""value"": 100.0, ""weight"": 0.2, ""contribution"": 20.0}, ""energy"": {""value"": 82.7, ""weight"": 0.2, ""contribution"": 16.54}, ""conflicts"": {""value"": 100.0, ""weight"": 0.2, ""contribution"": 20.0}, ""stopping"": {""value"": 100.0, ""weight"": 0.1, ""contribution"": 10.0}}, ""reasons"": [""energy: 82.7/100""], ""window_s"": 300, ""observed_s"": 299.2, ""samples"": 300}"
36b15720091a48e8997ca2509443275b,b84a2ba52993,341.2,quality,engine,,Movement quality 97.9: Normal,96.5,"{""score"": 97.9, ""status"": ""Normal"", ""factors"": {""schedule"": {""value"": 100.0, ""weight"": 0.3, ""contribution"": 30.0}, ""capacity"": {""value"": 100.0, ""weight"": 0.2, ""contribution"": 20.0}, ""energy"": {""value"": 89.6, ""weight"": 0.2, ""contribution"": 17.92}, ""conflicts"": {""value"": 100.0, ""weight"": 0.2, ""contribution"": 20.0}, ""stopping"": {""value"": 100.0, ""weight"": 0.1, ""contribution"": 10.0}}, ""reasons"": [""energy: 89.6/100""], ""window_s"": 300, ""observed_s"": 299.2, ""samples"": 300}"
8ad7dbad28194227a6dd21a0bbc85ac2,b84a2ba52993,342.2,quality,engine,,Movement quality 99.6: Normal,97.9,"{""score"": 99.6, ""status"": ""Normal"", ""factors"": {""schedule"": {""value"": 100.0, ""weight"": 0.3, ""contribution"": 30.0}, ""capacity"": {""value"": 100.0, ""weight"": 0.2, ""contribution"": 20.0}, ""energy"": {""value"": 98.0, ""weight"": 0.2, ""contribution"": 19.6}, ""conflicts"": {""value"": 100.0, ""weight"": 0.2, ""contribution"": 20.0}, ""stopping"": {""value"": 100.0, ""weight"": 0.1, ""contribution"": 10.0}}, ""reasons"": [""energy: 98.0/100""], ""window_s"": 300, ""observed_s"": 299.2, ""samples"": 300}"
18d3a11ec5d84d95a0184e573ca704f3,b84a2ba52993,358.2,plan,engine,KZ-101,Movement authorised to section boundary at 13455.3 m; dispatch score 0.83. Highest feasible preference in this decision.,null,"{""authority_m"": 13455.26, ""score"": 0.8252399774962708, ""parts"": {""importance"": 0.8888888888888888, ""delay"": 0.0, ""waiting"": 0.0, ""energy"": -0.06364891139261812}}"
c186325d31184a0e8c1b31ded70fc259,b84a2ba52993,358.2,plan,engine,,Plan 7: clock,null,"{""version"": 7}"
b8297bab020f45eea08d8cef1d4758a8,b84a2ba52993,358.2,signal,engine,SIG-47073-1-1,SIG-47073-1-1 → green,"{""id"": ""SIG-47073-1-1"", ""edge"": 47073, ""direction"": 1, ""vertex"": null, ""resource"": ""b:47073:1"", ""block_index"": 1, ""aspect"": ""yellow"", ""owner"": ""KZ-101"", ""failed"": false, ""occupied_by"": null, ""clear_blocks_ahead"": 1, ""available_distance_m"": 1900.75, ""position"": [48.59181627010142, 80.69754068803151], ""reason"": ""Clear block; approach stop or restriction""}","{""id"": ""SIG-47073-1-1"", ""edge"": 47073, ""direction"": 1, ""vertex"": null, ""resource"": ""b:47073:1"", ""block_index"": 1, ""aspect"": ""green"", ""owner"": ""KZ-101"", ""failed"": false, ""occupied_by"": null, ""clear_blocks_ahead"": 2, ""available_distance_m"": 3826.5, ""position"": [48.59181627010142, 80.69754068803151], ""reason"": ""At least two clear blocks; braking distance available""}"
f93f7bbb320e4f4e93221fcf745f6bb5,b84a2ba52993,358.2,signal,engine,SIG-47073-1-0,SIG-47073-1-0 → yellow,"{""id"": ""SIG-47073-1-0"", ""edge"": 47073, ""direction"": 1, ""vertex"": null, ""resource"": ""b:47073:0"", ""block_index"": 0, ""aspect"": ""red"", ""owner"": null, ""failed"": false, ""occupied_by"": null, ""clear_blocks_ahead"": 0, ""available_distance_m"": 0, ""position"": [48.57940238548389, 80.6792848658396], ""reason"": ""No compatible authority / closed""}","{""id"": ""SIG-47073-1-0"", ""edge"": 47073, ""direction"": 1, ""vertex"": null, ""resource"": ""b:47073:0"", ""block_index"": 0, ""aspect"": ""yellow"", ""owner"": ""KZ-101"", ""failed"": false, ""occupied_by"": null, ""clear_blocks_ahead"": 1, ""available_distance_m"": 1900.75, ""position"": [48.57940238548389, 80.6792848658396], ""reason"": ""Clear block; approach stop or restriction""}"
5539fb54e1e8446483df9e2618b5c20d,b84a2ba52993,358.2,signal,engine,SIG-47073-0,SIG-47073-0 → red,"{""id"": ""SIG-47073-0"", ""edge"": 47073, ""direction"": 0, ""vertex"": 39874, ""resource"": ""b:47073:0"", ""block_index"": 0, ""aspect"": ""red"", ""owner"": null, ""failed"": false, ""occupied_by"": null, ""clear_blocks_ahead"": 0, ""available_distance_m"": 0, ""position"": [48.566982, 80.6610438], ""reason"": ""No compatible authority / closed""}","{""id"": ""SIG-47073-0"", ""edge"": 47073, ""direction"": 0, ""vertex"": 39874, ""resource"": ""b:47073:0"", ""block_index"": 0, ""aspect"": ""red"", ""owner"": ""KZ-101"", ""failed"": false, ""occupied_by"": null, ""clear_blocks_ahead"": 0, ""available_distance_m"": 0, ""position"": [48.566982, 80.6610438], ""reason"": ""No compatible authority / closed""}"
453a922dd8534e5db3de0ca1efe5835c,b84a2ba52993,418.2,signal,engine,SIG-47073-1-2,SIG-47073-1-2 → red,"{""id"": ""SIG-47073-1-2"", ""edge"": 47073, ""direction"": 1, ""vertex"": null, ""resource"": ""b:47073:2"", ""block_index"": 2, ""aspect"": ""green"", ""owner"": ""KZ-101"", ""failed"": false, ""occupied_by"": null, ""clear_blocks_ahead"": 3, ""available_distance_m"": 5752.25, ""position"": [48.60300189532133, 80.71742852382842], ""reason"": ""At least two clear blocks; braking distance available""}","{""id"": ""SIG-47073-1-2"", ""edge"": 47073, ""direction"": 1, ""vertex"": null, ""resource"": ""b:47073:2"", ""block_index"": 2, ""aspect"": ""red"", ""owner"": ""KZ-101"", ""failed"": false, ""occupied_by"": ""KZ-101"", ""clear_blocks_ahead"": 0, ""available_distance_m"": 5752.25, ""position"": [48.60300189532133, 80.71742852382842], ""reason"": ""Block occupied: stop""}"
41a5e5572e3e490c9809f3ead17e58b9,b84a2ba52993,429.2,signal,engine,SIG-47073-1-3,SIG-47073-1-3 → red,"{""id"": ""SIG-47073-1-3"", ""edge"": 47073, ""direction"": 1, ""vertex"": null, ""resource"": ""b:47073:3"", ""block_index"": 3, ""aspect"": ""red"", ""owner"": ""KZ-101"", ""failed"": false, ""occupied_by"": ""KZ-101"", ""clear_blocks_ahead"": 0, ""available_distance_m"": 7678.01, ""position"": [48.61345103362665, 80.73831563974878], ""reason"": ""Block occupied: stop""}","{""id"": ""SIG-47073-1-3"", ""edge"": 47073, ""direction"": 1, ""vertex"": null, ""resource"": ""b:47073:3"", ""block_index"": 3, ""aspect"": ""red"", ""owner"": null, ""failed"": false, ""occupied_by"": null, ""clear_blocks_ahead"": 0, ""available_distance_m"": 7678.01, ""position"": [48.61345103362665, 80.73831563974878], ""reason"": ""No compatible authority / closed""}"
e4732092561943afbbd5dadf3d5a1f37,b84a2ba52993,429.2,signal,engine,SIG-47073-0-3,SIG-47073-0-3 → red,"{""id"": ""SIG-47073-0-3"", ""edge"": 47073, ""direction"": 0, ""vertex"": null, ""resource"": ""b:47073:3"", ""block_index"": 3, ""aspect"": ""red"", ""owner"": ""KZ-101"", ""failed"": false, ""occupied_by"": ""KZ-101"", ""clear_blocks_ahead"": 0, ""available_distance_m"": 0, ""position"": [48.60300189532133, 80.71742852382842], ""reason"": ""Block occupied: stop""}","{""id"": ""SIG-47073-0-3"", ""edge"": 47073, ""direction"": 0, ""vertex"": null, ""resource"": ""b:47073:3"", ""block_index"": 3, ""aspect"": ""red"", ""owner"": null, ""failed"": false, ""occupied_by"": null, ""clear_blocks_ahead"": 0, ""available_distance_m"": 0, ""position"": [48.60300189532133, 80.71742852382842], ""reason"": ""No compatible authority / closed""}"
495a4df330fd4eaaac0e50d2a5e4075f,b84a2ba52993,457.2,plan,engine,KZ-101,Movement authorised to Siding E47083; dispatch score 0.83. Highest feasible preference in this decision.,null,"{""authority_m"": 14452.7, ""score"": 0.8289903413105205, ""parts"": {""importance"": 0.8888888888888888, ""delay"": 0.0, ""waiting"": 0.0, ""energy"": -0.05989854757836834}}"
071ed3086f5e4080aa01c1e75ce7e4ec,b84a2ba52993,457.2,plan,engine,,Plan 8: clock,null,"{""version"": 8}"
7aa54700aca0426e9cb7876a910459cd,b84a2ba52993,457.2,signal,engine,SIG-47073-1-0,SIG-47073-1-0 → green,"{""id"": ""SIG-47073-1-0"", ""edge"": 47073, ""direction"": 1, ""vertex"": null, ""resource"": ""b:47073:0"", ""block_index"": 0, ""aspect"": ""yellow"", ""owner"": ""KZ-101"", ""failed"": false, ""occupied_by"": null, ""clear_blocks_ahead"": 1, ""available_distance_m"": 1900.75, ""position"": [48.57940238548389, 80.6792848658396], ""reason"": ""Clear block; approach stop or restriction""}","{""id"": ""SIG-47073-1-0"", ""edge"": 47073, ""direction"": 1, ""vertex"": null, ""resource"": ""b:47073:0"", ""block_index"": 0, ""aspect"": ""green"", ""owner"": ""KZ-101"", ""failed"": false, ""occupied_by"": null, ""clear_blocks_ahead"": 2, ""available_distance_m"": 2898.19, ""position"": [48.57940238548389, 80.6792848658396], ""reason"": ""At least two clear blocks; braking distance available""}"
b04bd9774f924a2190f16070c5ee2fc8,b84a2ba52993,457.2,signal,engine,SIG-47083-0,SIG-47083-0 → yellow,"{""id"": ""SIG-47083-0"", ""edge"": 47083, ""direction"": 0, ""vertex"": 39874, ""resource"": ""e:47083"", ""block_index"": 0, ""aspect"": ""red"", ""owner"": null, ""failed"": false, ""occupied_by"": null, ""clear_blocks_ahead"": 0, ""available_distance_m"": 0, ""position"": [48.566982, 80.6610438], ""reason"": ""No compatible authority / closed""}","{""id"": ""SIG-47083-0"", ""edge"": 47083, ""direction"": 0, ""vertex"": 39874, ""resource"": ""e:47083"", ""block_index"": 0, ""aspect"": ""yellow"", ""owner"": ""KZ-101"", ""failed"": false, ""occupied_by"": null, ""clear_blocks_ahead"": 1, ""available_distance_m"": 972.44, ""position"": [48.566982, 80.6610438], ""reason"": ""Clear block; approach stop or restriction""}"
a9c039f9806e4ff39c4be8f97be18054,b84a2ba52993,457.2,switch,engine,39874,V39874 route lock changed,null,"{""vertex"": 39874, ""owner"": ""KZ-101"", ""position"": [47073, 47083], ""locked"": true}"
9226532998aa4159941097f0e6d96208,b84a2ba52993,517.2,signal,engine,SIG-47073-1-1,SIG-47073-1-1 → red,"{""id"": ""SIG-47073-1-1"", ""edge"": 47073, ""direction"": 1, ""vertex"": null, ""resource"": ""b:47073:1"", ""block_index"": 1, ""aspect"": ""green"", ""owner"": ""KZ-101"", ""failed"": false, ""occupied_by"": null, ""clear_blocks_ahead"": 3, ""available_distance_m"": 4823.94, ""position"": [48.59181627010142, 80.69754068803151], ""reason"": ""At least two clear blocks; braking distance available""}","{""id"": ""SIG-47073-1-1"", ""edge"": 47073, ""direction"": 1, ""vertex"": null, ""resource"": ""b:47073:1"", ""block_index"": 1, ""aspect"": ""red"", ""owner"": ""KZ-101"", ""failed"": false, ""occupied_by"": ""KZ-101"", ""clear_blocks_ahead"": 0, ""available_distance_m"": 4823.94, ""position"": [48.59181627010142, 80.69754068803151], ""reason"": ""Block occupied: stop""}"
b8f3ee7b3eab4fbc88e522e1432c006a,b84a2ba52993,528.2,signal,engine,SIG-47073-1-2,SIG-47073-1-2 → red,"{""id"": ""SIG-47073-1-2"", ""edge"": 47073, ""direction"": 1, ""vertex"": null, ""resource"": ""b:47073:2"", ""block_index"": 2, ""aspect"": ""red"", ""owner"": ""KZ-101"", ""failed"": false, ""occupied_by"": ""KZ-101"", ""clear_blocks_ahead"": 0, ""available_distance_m"": 6749.69, ""position"": [48.60300189532133, 80.71742852382842], ""reason"": ""Block occupied: stop""}","{""id"": ""SIG-47073-1-2"", ""edge"": 47073, ""direction"": 1, ""vertex"": null, ""resource"": ""b:47073:2"", ""block_index"": 2, ""aspect"": ""red"", ""owner"": null, ""failed"": false, ""occupied_by"": null, ""clear_blocks_ahead"": 0, ""available_distance_m"": 6749.69, ""position"": [48.60300189532133, 80.71742852382842], ""reason"": ""No compatible authority / closed""}"
3d2f621666f645a1a02d52700d4bdf47,b84a2ba52993,528.2,signal,engine,SIG-47073-0-2,SIG-47073-0-2 → red,"{""id"": ""SIG-47073-0-2"", ""edge"": 47073, ""direction"": 0, ""vertex"": null, ""resource"": ""b:47073:2"", ""block_index"": 2, ""aspect"": ""red"", ""owner"": ""KZ-101"", ""failed"": false, ""occupied_by"": ""KZ-101"", ""clear_blocks_ahead"": 0, ""available_distance_m"": 0, ""position"": [48.59181627010142, 80.69754068803151], ""reason"": ""Block occupied: stop""}","{""id"": ""SIG-47073-0-2"", ""edge"": 47073, ""direction"": 0, ""vertex"": null, ""resource"": ""b:47073:2"", ""block_index"": 2, ""aspect"": ""red"", ""owner"": null, ""failed"": false, ""occupied_by"": null, ""clear_blocks_ahead"": 0, ""available_distance_m"": 0, ""position"": [48.59181627010142, 80.69754068803151], ""reason"": ""No compatible authority / closed""}"
16bf6a6917594cd98ee8e8f4d3050650,b84a2ba52993,616.0,signal,engine,SIG-47073-1-0,SIG-47073-1-0 → red,"{""id"": ""SIG-47073-1-0"", ""edge"": 47073, ""direction"": 1, ""vertex"": null, ""resource"": ""b:47073:0"", ""block_index"": 0, ""aspect"": ""green"", ""owner"": ""KZ-101"", ""failed"": false, ""occupied_by"": null, ""clear_blocks_ahead"": 2, ""available_distance_m"": 2898.19, ""position"": [48.57940238548389, 80.6792848658396], ""reason"": ""At least two clear blocks; braking distance available""}","{""id"": ""SIG-47073-1-0"", ""edge"": 47073, ""direction"": 1, ""vertex"": null, ""resource"": ""b:47073:0"", ""block_index"": 0, ""aspect"": ""red"", ""owner"": ""KZ-101"", ""failed"": false, ""occupied_by"": ""KZ-101"", ""clear_blocks_ahead"": 0, ""available_distance_m"": 2898.19, ""position"": [48.57940238548389, 80.6792848658396], ""reason"": ""Block occupied: stop""}"
1ed7c85da38b4175a3d772922a383800,b84a2ba52993,627.0,signal,engine,SIG-47073-1-1,SIG-47073-1-1 → red,"{""id"": ""SIG-47073-1-1"", ""edge"": 47073, ""direction"": 1, ""vertex"": null, ""resource"": ""b:47073:1"", ""block_index"": 1, ""aspect"": ""red"", ""owner"": ""KZ-101"", ""failed"": false, ""occupied_by"": ""KZ-101"", ""clear_blocks_ahead"": 0, ""available_distance_m"": 4823.94, ""position"": [48.59181627010142, 80.69754068803151], ""reason"": ""Block occupied: stop""}","{""id"": ""SIG-47073-1-1"", ""edge"": 47073, ""direction"": 1, ""vertex"": null, ""resource"": ""b:47073:1"", ""block_index"": 1, ""aspect"": ""red"", ""owner"": null, ""failed"": false, ""occupied_by"": null, ""clear_blocks_ahead"": 0, ""available_distance_m"": 4823.94, ""position"": [48.59181627010142, 80.69754068803151], ""reason"": ""No compatible authority / closed""}"
5956f551c81a45f4acd99e37e703d5cf,b84a2ba52993,627.0,signal,engine,SIG-47073-0-1,SIG-47073-0-1 → red,"{""id"": ""SIG-47073-0-1"", ""edge"": 47073, ""direction"": 0, ""vertex"": null, ""resource"": ""b:47073:1"", ""block_index"": 1, ""aspect"": ""red"", ""owner"": ""KZ-101"", ""failed"": false, ""occupied_by"": ""KZ-101"", ""clear_blocks_ahead"": 0, ""available_distance_m"": 0, ""position"": [48.57940238548389, 80.6792848658396], ""reason"": ""Block occupied: stop""}","{""id"": ""SIG-47073-0-1"", ""edge"": 47073, ""direction"": 0, ""vertex"": null, ""resource"": ""b:47073:1"", ""block_index"": 1, ""aspect"": ""red"", ""owner"": null, ""failed"": false, ""occupied_by"": null, ""clear_blocks_ahead"": 0, ""available_distance_m"": 0, ""position"": [48.57940238548389, 80.6792848658396], ""reason"": ""No compatible authority / closed""}"
5cf19cae286b473093fd2ba159556847,b84a2ba52993,718.0,signal,engine,SIG-47083-0,SIG-47083-0 → red,"{""id"": ""SIG-47083-0"", ""edge"": 47083, ""direction"": 0, ""vertex"": 39874, ""resource"": ""e:47083"", ""block_index"": 0, ""aspect"": ""yellow"", ""owner"": ""KZ-101"", ""failed"": false, ""occupied_by"": null, ""clear_blocks_ahead"": 1, ""available_distance_m"": 972.44, ""position"": [48.566982, 80.6610438], ""reason"": ""Clear block; approach stop or restriction""}","{""id"": ""SIG-47083-0"", ""edge"": 47083, ""direction"": 0, ""vertex"": 39874, ""resource"": ""e:47083"", ""block_index"": 0, ""aspect"": ""red"", ""owner"": ""KZ-101"", ""failed"": false, ""occupied_by"": ""KZ-101"", ""clear_blocks_ahead"": 0, ""available_distance_m"": 972.44, ""position"": [48.566982, 80.6610438], ""reason"": ""Block occupied: stop""}"
3b85045cd1e747b48cd42cd1db84ff34,b84a2ba52993,736.0,signal,engine,SIG-47073-1-0,SIG-47073-1-0 → red,"{""id"": ""SIG-47073-1-0"", ""edge"": 47073, ""direction"": 1, ""vertex"": null, ""resource"": ""b:47073:0"", ""block_index"": 0, ""aspect"": ""red"", ""owner"": ""KZ-101"", ""failed"": false, ""occupied_by"": ""KZ-101"", ""clear_blocks_ahead"": 0, ""available_distance_m"": 2898.19, ""position"": [48.57940238548389, 80.6792848658396], ""reason"": ""Block occupied: stop""}","{""id"": ""SIG-47073-1-0"", ""edge"": 47073, ""direction"": 1, ""vertex"": null, ""resource"": ""b:47073:0"", ""block_index"": 0, ""aspect"": ""red"", ""owner"": null, ""failed"": false, ""occupied_by"": null, ""clear_blocks_ahead"": 0, ""available_distance_m"": 2898.19, ""position"": [48.57940238548389, 80.6792848658396], ""reason"": ""No compatible authority / closed""}"
112c9798b99d4d58ba412e01e8065056,b84a2ba52993,736.0,signal,engine,SIG-47073-0,SIG-47073-0 → red,"{""id"": ""SIG-47073-0"", ""edge"": 47073, ""direction"": 0, ""vertex"": 39874, ""resource"": ""b:47073:0"", ""block_index"": 0, ""aspect"": ""red"", ""owner"": ""KZ-101"", ""failed"": false, ""occupied_by"": ""KZ-101"", ""clear_blocks_ahead"": 0, ""available_distance_m"": 0, ""position"": [48.566982, 80.6610438], ""reason"": ""Block occupied: stop""}","{""id"": ""SIG-47073-0"", ""edge"": 47073, ""direction"": 0, ""vertex"": 39874, ""resource"": ""b:47073:0"", ""block_index"": 0, ""aspect"": ""red"", ""owner"": null, ""failed"": false, ""occupied_by"": null, ""clear_blocks_ahead"": 0, ""available_distance_m"": 0, ""position"": [48.566982, 80.6610438], ""reason"": ""No compatible authority / closed""}"
8065fe90b7fb42c1979a2396a4a460b3,b84a2ba52993,736.0,switch,engine,39874,V39874 route lock changed,"{""vertex"": 39874, ""owner"": ""KZ-101"", ""position"": [47073, 47083], ""locked"": true}",null
b0e0cf49a6f846d6b08103d5a7d0790c,b84a2ba52993,750.0,departure,engine,KZ-009,Movement authorised to section boundary at 5140.6 m; dispatch score 3.47. Highest feasible preference in this decision.,null,"{""authority_m"": 5140.622857142857, ""score"": 3.473391021772694, ""parts"": {""importance"": 3.5555555555555554, ""delay"": 0.0, ""waiting"": 0.0020000000000000005, ""energy"": -0.0841645337828613}}"
f8d4719041f743e28c9b2e5c192981d1,b84a2ba52993,750.0,plan,engine,,Plan 9: clock,null,"{""version"": 9}"
7a8d9952ef3c4ed4b4c4ac8b8adad969,b84a2ba52993,750.0,signal,engine,SIG-47069-1-2,SIG-47069-1-2 → red,"{""id"": ""SIG-47069-1-2"", ""edge"": 47069, ""direction"": 1, ""vertex"": null, ""resource"": ""b:47069:2"", ""block_index"": 2, ""aspect"": ""red"", ""owner"": null, ""failed"": false, ""occupied_by"": null, ""clear_blocks_ahead"": 0, ""available_distance_m"": 0, ""position"": [48.503730762133834, 80.62417782138552], ""reason"": ""No compatible authority / closed""}","{""id"": ""SIG-47069-1-2"", ""edge"": 47069, ""direction"": 1, ""vertex"": null, ""resource"": ""b:47069:2"", ""block_index"": 2, ""aspect"": ""red"", ""owner"": ""KZ-009"", ""failed"": false, ""occupied_by"": null, ""clear_blocks_ahead"": 0, ""available_distance_m"": 0, ""position"": [48.503730762133834, 80.62417782138552], ""reason"": ""No compatible authority / closed""}"
31e2d84063fd42358361d091c9cf20a5,b84a2ba52993,750.0,signal,engine,SIG-47069-1-1,SIG-47069-1-1 → red,"{""id"": ""SIG-47069-1-1"", ""edge"": 47069, ""direction"": 1, ""vertex"": null, ""resource"": ""b:47069:1"", ""block_index"": 1, ""aspect"": ""red"", ""owner"": null, ""failed"": false, ""occupied_by"": null, ""clear_blocks_ahead"": 0, ""available_distance_m"": 0, ""position"": [48.490639390187695, 80.61169655534965], ""reason"": ""No compatible authority / closed""}","{""id"": ""SIG-47069-1-1"", ""edge"": 47069, ""direction"": 1, ""vertex"": null, ""resource"": ""b:47069:1"", ""block_index"": 1, ""aspect"": ""red"", ""owner"": ""KZ-009"", ""failed"": false, ""occupied_by"": null, ""clear_blocks_ahead"": 0, ""available_distance_m"": 0, ""position"": [48.490639390187695, 80.61169655534965], ""reason"": ""No compatible authority / closed""}"
2067ae9f37f24687a95cb6de3bb9887f,b84a2ba52993,750.0,signal,engine,SIG-47069-1-0,SIG-47069-1-0 → red,"{""id"": ""SIG-47069-1-0"", ""edge"": 47069, ""direction"": 1, ""vertex"": null, ""resource"": ""b:47069:0"", ""block_index"": 0, ""aspect"": ""red"", ""owner"": null, ""failed"": false, ""occupied_by"": null, ""clear_blocks_ahead"": 0, ""available_distance_m"": 0, ""position"": [48.47755092626786, 80.59921152743281], ""reason"": ""No compatible authority / closed""}","{""id"": ""SIG-47069-1-0"", ""edge"": 47069, ""direction"": 1, ""vertex"": null, ""resource"": ""b:47069:0"", ""block_index"": 0, ""aspect"": ""red"", ""owner"": ""KZ-009"", ""failed"": false, ""occupied_by"": ""KZ-009"", ""clear_blocks_ahead"": 0, ""available_distance_m"": 0, ""position"": [48.47755092626786, 80.59921152743281], ""reason"": ""Block occupied: stop""}"
ec09edb3c4614f1084490f0901faf49c,b84a2ba52993,750.0,signal,engine,SIG-47069-0,SIG-47069-0 → red,"{""id"": ""SIG-47069-0"", ""edge"": 47069, ""direction"": 0, ""vertex"": 39870, ""resource"": ""b:47069:0"", ""block_index"": 0, ""aspect"": ""red"", ""owner"": null, ""failed"": false, ""occupied_by"": null, ""clear_blocks_ahead"": 0, ""available_distance_m"": 0, ""position"": [48.4652659, 80.5849929], ""reason"": ""No compatible authority / closed""}","{""id"": ""SIG-47069-0"", ""edge"": 47069, ""direction"": 0, ""vertex"": 39870, ""resource"": ""b:47069:0"", ""block_index"": 0, ""aspect"": ""red"", ""owner"": ""KZ-009"", ""failed"": false, ""occupied_by"": ""KZ-009"", ""clear_blocks_ahead"": 0, ""available_distance_m"": 5140.62, ""position"": [48.4652659, 80.5849929], ""reason"": ""Block occupied: stop""}"
e97a9f0aac1240a2b7ee22b19f365f93,b84a2ba52993,750.0,signal,engine,SIG-47069-0-1,SIG-47069-0-1 → green,"{""id"": ""SIG-47069-0-1"", ""edge"": 47069, ""direction"": 0, ""vertex"": null, ""resource"": ""b:47069:1"", ""block_index"": 1, ""aspect"": ""red"", ""owner"": null, ""failed"": false, ""occupied_by"": null, ""clear_blocks_ahead"": 0, ""available_distance_m"": 0, ""position"": [48.47755092626786, 80.59921152743281], ""reason"": ""No compatible authority / closed""}","{""id"": ""SIG-47069-0-1"", ""edge"": 47069, ""direction"": 0, ""vertex"": null, ""resource"": ""b:47069:1"", ""block_index"": 1, ""aspect"": ""green"", ""owner"": ""KZ-009"", ""failed"": false, ""occupied_by"": null, ""clear_blocks_ahead"": 2, ""available_distance_m"": 3418.75, ""position"": [48.47755092626786, 80.59921152743281], ""reason"": ""At least two clear blocks; braking distance available""}"
c0ccbff2a442450a94310bbe168e9dad,b84a2ba52993,750.0,signal,engine,SIG-47069-0-2,SIG-47069-0-2 → yellow,"{""id"": ""SIG-47069-0-2"", ""edge"": 47069, ""direction"": 0, ""vertex"": null, ""resource"": ""b:47069:2"", ""block_index"": 2, ""aspect"": ""red"", ""owner"": null, ""failed"": false, ""occupied_by"": null, ""clear_blocks_ahead"": 0, ""available_distance_m"": 0, ""position"": [48.490639390187695, 80.61169655534965], ""reason"": ""No compatible authority / closed""}","{""id"": ""SIG-47069-0-2"", ""edge"": 47069, ""direction"": 0, ""vertex"": null, ""resource"": ""b:47069:2"", ""block_index"": 2, ""aspect"": ""yellow"", ""owner"": ""KZ-009"", ""failed"": false, ""occupied_by"": null, ""clear_blocks_ahead"": 1, ""available_distance_m"": 1696.87, ""position"": [48.490639390187695, 80.61169655534965], ""reason"": ""Clear block; approach stop or restriction""}"
e6b1650fc8874420a28914a0ee820c07,b84a2ba52993,750.0,switch,engine,39870,V39870 route lock changed,null,"{""vertex"": 39870, ""owner"": ""KZ-009"", ""position"": [null, 47069], ""locked"": true}"
8f45f9ddb3e94b199f4aecf0048b0119,b84a2ba52993,775.0,plan,engine,KZ-009,Movement authorised to section boundary at 6862.5 m; dispatch score 3.47. Highest feasible preference in this decision.,null,"{""authority_m"": 6862.497142857143, ""score"": 3.4716660569488016, ""parts"": {""importance"": 3.5555555555555554, ""delay"": 0.0, ""waiting"": 0.0, ""energy"": -0.08388949860675382}}"
6a7b1fc558184728b6b1683724288824,b84a2ba52993,775.0,plan,engine,,Plan 10: clock,null,"{""version"": 10}"
b060f2a55b5940168a2856853c6ff8c9,b84a2ba52993,775.0,signal,engine,SIG-47069-1-3,SIG-47069-1-3 → red,"{""id"": ""SIG-47069-1-3"", ""edge"": 47069, ""direction"": 1, ""vertex"": null, ""resource"": ""b:47069:3"", ""block_index"": 3, ""aspect"": ""red"", ""owner"": null, ""failed"": false, ""occupied_by"": null, ""clear_blocks_ahead"": 0, ""available_distance_m"": 0, ""position"": [48.5168171248757, 80.63667400388232], ""reason"": ""No compatible authority / closed""}","{""id"": ""SIG-47069-1-3"", ""edge"": 47069, ""direction"": 1, ""vertex"": null, ""resource"": ""b:47069:3"", ""block_index"": 3, ""aspect"": ""red"", ""owner"": ""KZ-009"", ""failed"": false, ""occupied_by"": null, ""clear_blocks_ahead"": 0, ""available_distance_m"": 0, ""position"": [48.5168171248757, 80.63667400388232], ""reason"": ""No compatible authority / closed""}"
7d32134ef9204d2ab338fd59505e019b,b84a2ba52993,775.0,signal,engine,SIG-47069-0-2,SIG-47069-0-2 → green,"{""id"": ""SIG-47069-0-2"", ""edge"": 47069, ""direction"": 0, ""vertex"": null, ""resource"": ""b:47069:2"", ""block_index"": 2, ""aspect"": ""yellow"", ""owner"": ""KZ-009"", ""failed"": false, ""occupied_by"": null, ""clear_blocks_ahead"": 1, ""available_distance_m"": 1696.87, ""position"": [48.490639390187695, 80.61169655534965], ""reason"": ""Clear block; approach stop or restriction""}","{""id"": ""SIG-47069-0-2"", ""edge"": 47069, ""direction"": 0, ""vertex"": null, ""resource"": ""b:47069:2"", ""block_index"": 2, ""aspect"": ""green"", ""owner"": ""KZ-009"", ""failed"": false, ""occupied_by"": null, ""clear_blocks_ahead"": 2, ""available_distance_m"": 3418.75, ""position"": [48.490639390187695, 80.61169655534965], ""reason"": ""At least two clear blocks; braking distance available""}"
bf50f1ac8529453abb4610501ccb8c43,b84a2ba52993,775.0,signal,engine,SIG-47069-0-3,SIG-47069-0-3 → yellow,"{""id"": ""SIG-47069-0-3"", ""edge"": 47069, ""direction"": 0, ""vertex"": null, ""resource"": ""b:47069:3"", ""block_index"": 3, ""aspect"": ""red"", ""owner"": null, ""failed"": false, ""occupied_by"": null, ""clear_blocks_ahead"": 0, ""available_distance_m"": 0, ""position"": [48.503730762133834, 80.62417782138552], ""reason"": ""No compatible authority / closed""}","{""id"": ""SIG-47069-0-3"", ""edge"": 47069, ""direction"": 0, ""vertex"": null, ""resource"": ""b:47069:3"", ""block_index"": 3, ""aspect"": ""yellow"", ""owner"": ""KZ-009"", ""failed"": false, ""occupied_by"": null, ""clear_blocks_ahead"": 1, ""available_distance_m"": 1696.87, ""position"": [48.503730762133834, 80.62417782138552], ""reason"": ""Clear block; approach stop or restriction""}"
d531c06ef6df42d0afe7098318e29322,b84a2ba52993,781.0,switch,engine,39870,V39870 route lock changed,"{""vertex"": 39870, ""owner"": ""KZ-009"", ""position"": [null, 47069], ""locked"": true}",null
95de4f902ffd43c8bc97be4191d46a4e,b84a2ba52993,812.8,arrival,engine,KZ-101,Siding E47083: dwell / give way for 140 simulation seconds,null,"{""label"": ""Siding E47083"", ""time"": 812.8, ""scheduled"": null, ""error_m"": 0.0}"
2bae516bed354dfdb985235433367f96,b84a2ba52993,812.8,plan,engine,,Plan 11: movement transition,null,"{""version"": 11}"
014d38f321fe46e591973fecfb83de2a,b84a2ba52993,864.0,signal,engine,SIG-47069-0-1,SIG-47069-0-1 → red,"{""id"": ""SIG-47069-0-1"", ""edge"": 47069, ""direction"": 0, ""vertex"": null, ""resource"": ""b:47069:1"", ""block_index"": 1, ""aspect"": ""green"", ""owner"": ""KZ-009"", ""failed"": false, ""occupied_by"": null, ""clear_blocks_ahead"": 3, ""available_distance_m"": 5140.62, ""position"": [48.47755092626786, 80.59921152743281], ""reason"": ""At least two clear blocks; braking distance available""}","{""id"": ""SIG-47069-0-1"", ""edge"": 47069, ""direction"": 0, ""vertex"": null, ""resource"": ""b:47069:1"", ""block_index"": 1, ""aspect"": ""red"", ""owner"": ""KZ-009"", ""failed"": false, ""occupied_by"": ""KZ-009"", ""clear_blocks_ahead"": 0, ""available_distance_m"": 5140.62, ""position"": [48.47755092626786, 80.59921152743281], ""reason"": ""Block occupied: stop""}"
64ef0870223f47499953393c18ad0bf3,b84a2ba52993,871.0,plan,engine,KZ-009,Movement authorised to section boundary at 8584.4 m; dispatch score 3.48. Highest feasible preference in this decision.,null,"{""authority_m"": 8584.371428571429, ""score"": 3.475045550699485, ""parts"": {""importance"": 3.5555555555555554, ""delay"": 0.0, ""waiting"": 0.0, ""energy"": -0.08051000485607043}}"
ebac436f2f8d4cdda7e0f6d706e5e553,b84a2ba52993,871.0,plan,engine,,Plan 12: clock,null,"{""version"": 12}"
accd68d63c35466d875d3186e837bc6e,b84a2ba52993,871.0,signal,engine,SIG-47069-1-4,SIG-47069-1-4 → red,"{""id"": ""SIG-47069-1-4"", ""edge"": 47069, ""direction"": 1, ""vertex"": null, ""resource"": ""b:47069:4"", ""block_index"": 4, ""aspect"": ""red"", ""owner"": null, ""failed"": false, ""occupied_by"": null, ""clear_blocks_ahead"": 0, ""available_distance_m"": 0, ""position"": [48.53041754091322, 80.64726711498463], ""reason"": ""No compatible authority / closed""}","{""id"": ""SIG-47069-1-4"", ""edge"": 47069, ""direction"": 1, ""vertex"": null, ""resource"": ""b:47069:4"", ""block_index"": 4, ""aspect"": ""red"", ""owner"": ""KZ-009"", ""failed"": false, ""occupied_by"": null, ""clear_blocks_ahead"": 0, ""available_distance_m"": 0, ""position"": [48.53041754091322, 80.64726711498463], ""reason"": ""No compatible authority / closed""}"
0a1d821ee15c4544ab5a40b07a82fbce,b84a2ba52993,871.0,signal,engine,SIG-47069-0-3,SIG-47069-0-3 → green,"{""id"": ""SIG-47069-0-3"", ""edge"": 47069, ""direction"": 0, ""vertex"": null, ""resource"": ""b:47069:3"", ""block_index"": 3, ""aspect"": ""yellow"", ""owner"": ""KZ-009"", ""failed"": false, ""occupied_by"": null, ""clear_blocks_ahead"": 1, ""available_distance_m"": 1696.87, ""position"": [48.503730762133834, 80.62417782138552], ""reason"": ""Clear block; approach stop or restriction""}","{""id"": ""SIG-47069-0-3"", ""edge"": 47069, ""direction"": 0, ""vertex"": null, ""resource"": ""b:47069:3"", ""block_index"": 3, ""aspect"": ""green"", ""owner"": ""KZ-009"", ""failed"": false, ""occupied_by"": null, ""clear_blocks_ahead"": 2, ""available_distance_m"": 3418.75, ""position"": [48.503730762133834, 80.62417782138552], ""reason"": ""At least two clear blocks; braking distance available""}"
bf255f98518b4457b9249d48bd40bc00,b84a2ba52993,871.0,signal,engine,SIG-47069-0-4,SIG-47069-0-4 → yellow,"{""id"": ""SIG-47069-0-4"", ""edge"": 47069, ""direction"": 0, ""vertex"": null, ""resource"": ""b:47069:4"", ""block_index"": 4, ""aspect"": ""red"", ""owner"": null, ""failed"": false, ""occupied_by"": null, ""clear_blocks_ahead"": 0, ""available_distance_m"": 0, ""position"": [48.5168171248757, 80.63667400388232], ""reason"": ""No compatible authority / closed""}","{""id"": ""SIG-47069-0-4"", ""edge"": 47069, ""direction"": 0, ""vertex"": null, ""resource"": ""b:47069:4"", ""block_index"": 4, ""aspect"": ""yellow"", ""owner"": ""KZ-009"", ""failed"": false, ""occupied_by"": null, ""clear_blocks_ahead"": 1, ""available_distance_m"": 1696.87, ""position"": [48.5168171248757, 80.63667400388232], ""reason"": ""Clear block; approach stop or restriction""}"
18807c92c2bc4461be8b7f8d8bb82412,b84a2ba52993,875.0,signal,engine,SIG-47069-1-0,SIG-47069-1-0 → red,"{""id"": ""SIG-47069-1-0"", ""edge"": 47069, ""direction"": 1, ""vertex"": null, ""resource"": ""b:47069:0"", ""block_index"": 0, ""aspect"": ""red"", ""owner"": ""KZ-009"", ""failed"": false, ""occupied_by"": ""KZ-009"", ""clear_blocks_ahead"": 0, ""available_distance_m"": 0, ""position"": [48.47755092626786, 80.59921152743281], ""reason"": ""Block occupied: stop""}","{""id"": ""SIG-47069-1-0"", ""edge"": 47069, ""direction"": 1, ""vertex"": null, ""resource"": ""b:47069:0"", ""block_index"": 0, ""aspect"": ""red"", ""owner"": null, ""failed"": false, ""occupied_by"": null, ""clear_blocks_ahead"": 0, ""available_distance_m"": 0, ""position"": [48.47755092626786, 80.59921152743281], ""reason"": ""No compatible authority / closed""}"
27ad2acb5953465099fe26911626fc70,b84a2ba52993,875.0,signal,engine,SIG-47069-0,SIG-47069-0 → red,"{""id"": ""SIG-47069-0"", ""edge"": 47069, ""direction"": 0, ""vertex"": 39870, ""resource"": ""b:47069:0"", ""block_index"": 0, ""aspect"": ""red"", ""owner"": ""KZ-009"", ""failed"": false, ""occupied_by"": ""KZ-009"", ""clear_blocks_ahead"": 0, ""available_distance_m"": 8584.37, ""position"": [48.4652659, 80.5849929], ""reason"": ""Block occupied: stop""}","{""id"": ""SIG-47069-0"", ""edge"": 47069, ""direction"": 0, ""vertex"": 39870, ""resource"": ""b:47069:0"", ""block_index"": 0, ""aspect"": ""red"", ""owner"": null, ""failed"": false, ""occupied_by"": null, ""clear_blocks_ahead"": 0, ""available_distance_m"": 8584.37, ""position"": [48.4652659, 80.5849929], ""reason"": ""No compatible authority / closed""}"
07858008f4ea49429f50a7713ec8b68d,b84a2ba52993,953.0,conflict,engine,KZ-101;KZ-009,Opposing or crossing route direction locked for KZ-009 (conservative protection to next scheduled stop); waiting for a clear section,"""Siding E47083: dwell / give way for 140 simulation seconds""","""Opposing or crossing route direction locked for KZ-009 (conservative protection to next scheduled stop); waiting for a clear section"""
29f7695588d84b64a469885d32ddf1a1,b84a2ba52993,956.0,signal,engine,SIG-47069-0-2,SIG-47069-0-2 → red,"{""id"": ""SIG-47069-0-2"", ""edge"": 47069, ""direction"": 0, ""vertex"": null, ""resource"": ""b:47069:2"", ""block_index"": 2, ""aspect"": ""green"", ""owner"": ""KZ-009"", ""failed"": false, ""occupied_by"": null, ""clear_blocks_ahead"": 3, ""available_distance_m"": 5140.62, ""position"": [48.490639390187695, 80.61169655534965], ""reason"": ""At least two clear blocks; braking distance available""}","{""id"": ""SIG-47069-0-2"", ""edge"": 47069, ""direction"": 0, ""vertex"": null, ""resource"": ""b:47069:2"", ""block_index"": 2, ""aspect"": ""red"", ""owner"": ""KZ-009"", ""failed"": false, ""occupied_by"": ""KZ-009"", ""clear_blocks_ahead"": 0, ""available_distance_m"": 5140.62, ""position"": [48.490639390187695, 80.61169655534965], ""reason"": ""Block occupied: stop""}"
ed50d1bdcdf04637925137151e614b0c,b84a2ba52993,964.0,plan,engine,KZ-009,Movement authorised to section boundary at 10306.2 m; dispatch score 3.48. Highest feasible preference in this decision.,null,"{""authority_m"": 10306.245714285715, ""score"": 3.4784340806486105, ""parts"": {""importance"": 3.5555555555555554, ""delay"": 0.0, ""waiting"": 0.0, ""energy"": -0.07712147490694483}}"
436f9675187f45ab9d8005d208f6912e,b84a2ba52993,964.0,plan,engine,,Plan 13: clock,null,"{""version"": 13}"
877618c9006247a8bfd4d6bf93b1ed7b,b84a2ba52993,964.0,signal,engine,SIG-47069-1-5,SIG-47069-1-5 → red,"{""id"": ""SIG-47069-1-5"", ""edge"": 47069, ""direction"": 1, ""vertex"": null, ""resource"": ""b:47069:5"", ""block_index"": 5, ""aspect"": ""red"", ""owner"": null, ""failed"": false, ""occupied_by"": null, ""clear_blocks_ahead"": 0, ""available_distance_m"": 0, ""position"": [48.54580540804259, 80.64622680384115], ""reason"": ""No compatible authority / closed""}","{""id"": ""SIG-47069-1-5"", ""edge"": 47069, ""direction"": 1, ""vertex"": null, ""resource"": ""b:47069:5"", ""block_index"": 5, ""aspect"": ""red"", ""owner"": ""KZ-009"", ""failed"": false, ""occupied_by"": null, ""clear_blocks_ahead"": 0, ""available_distance_m"": 0, ""position"": [48.54580540804259, 80.64622680384115], ""reason"": ""No compatible authority / closed""}"
fda61f23e8c440249890afbd379f7ce4,b84a2ba52993,964.0,signal,engine,SIG-47069-0-4,SIG-47069-0-4 → green,"{""id"": ""SIG-47069-0-4"", ""edge"": 47069, ""direction"": 0, ""vertex"": null, ""resource"": ""b:47069:4"", ""block_index"": 4, ""aspect"": ""yellow"", ""owner"": ""KZ-009"", ""failed"": false, ""occupied_by"": null, ""clear_blocks_ahead"": 1, ""available_distance_m"": 1696.87, ""position"": [48.5168171248757, 80.63667400388232], ""reason"": ""Clear block; approach stop or restriction""}","{""id"": ""SIG-47069-0-4"", ""edge"": 47069, ""direction"": 0, ""vertex"": null, ""resource"": ""b:47069:4"", ""block_index"": 4, ""aspect"": ""green"", ""owner"": ""KZ-009"", ""failed"": false, ""occupied_by"": null, ""clear_blocks_ahead"": 2, ""available_distance_m"": 3418.75, ""position"": [48.5168171248757, 80.63667400388232], ""reason"": ""At least two clear blocks; braking distance available""}"
f8f7c07e545b490e819b566a6150a713,b84a2ba52993,964.0,signal,engine,SIG-47069-0-5,SIG-47069-0-5 → yellow,"{""id"": ""SIG-47069-0-5"", ""edge"": 47069, ""direction"": 0, ""vertex"": null, ""resource"": ""b:47069:5"", ""block_index"": 5, ""aspect"": ""red"", ""owner"": null, ""failed"": false, ""occupied_by"": null, ""clear_blocks_ahead"": 0, ""available_distance_m"": 0, ""position"": [48.53041754091322, 80.64726711498463], ""reason"": ""No compatible authority / closed""}","{""id"": ""SIG-47069-0-5"", ""edge"": 47069, ""direction"": 0, ""vertex"": null, ""resource"": ""b:47069:5"", ""block_index"": 5, ""aspect"": ""yellow"", ""owner"": ""KZ-009"", ""failed"": false, ""occupied_by"": null, ""clear_blocks_ahead"": 1, ""available_distance_m"": 1696.87, ""position"": [48.53041754091322, 80.64726711498463], ""reason"": ""Clear block; approach stop or restriction""}"
33f577f5ce97487d8f0d767b6c2699ab,b84a2ba52993,967.0,signal,engine,SIG-47069-1-1,SIG-47069-1-1 → red,"{""id"": ""SIG-47069-1-1"", ""edge"": 47069, ""direction"": 1, ""vertex"": null, ""resource"": ""b:47069:1"", ""block_index"": 1, ""aspect"": ""red"", ""owner"": ""KZ-009"", ""failed"": false, ""occupied_by"": ""KZ-009"", ""clear_blocks_ahead"": 0, ""available_distance_m"": 0, ""position"": [48.490639390187695, 80.61169655534965], ""reason"": ""Block occupied: stop""}","{""id"": ""SIG-47069-1-1"", ""edge"": 47069, ""direction"": 1, ""vertex"": null, ""resource"": ""b:47069:1"", ""block_index"": 1, ""aspect"": ""red"", ""owner"": null, ""failed"": false, ""occupied_by"": null, ""clear_blocks_ahead"": 0, ""available_distance_m"": 0, ""position"": [48.490639390187695, 80.61169655534965], ""reason"": ""No compatible authority / closed""}"
47c020a8b62b45c58bbfbd6706bbd888,b84a2ba52993,967.0,signal,engine,SIG-47069-0-1,SIG-47069-0-1 → red,"{""id"": ""SIG-47069-0-1"", ""edge"": 47069, ""direction"": 0, ""vertex"": null, ""resource"": ""b:47069:1"", ""block_index"": 1, ""aspect"": ""red"", ""owner"": ""KZ-009"", ""failed"": false, ""occupied_by"": ""KZ-009"", ""clear_blocks_ahead"": 0, ""available_distance_m"": 8584.37, ""position"": [48.47755092626786, 80.59921152743281], ""reason"": ""Block occupied: stop""}","{""id"": ""SIG-47069-0-1"", ""edge"": 47069, ""direction"": 0, ""vertex"": null, ""resource"": ""b:47069:1"", ""block_index"": 1, ""aspect"": ""red"", ""owner"": null, ""failed"": false, ""occupied_by"": null, ""clear_blocks_ahead"": 0, ""available_distance_m"": 8584.37, ""position"": [48.47755092626786, 80.59921152743281], ""reason"": ""No compatible authority / closed""}"
ad32868cb5b7455687abcad352075d8b,b84a2ba52993,968.0,quality,engine,,Movement quality 98.6: Normal,99.6,"{""score"": 98.6, ""status"": ""Normal"", ""factors"": {""schedule"": {""value"": 98.3, ""weight"": 0.3, ""contribution"": 29.48}, ""capacity"": {""value"": 95.5, ""weight"": 0.2, ""contribution"": 19.1}, ""energy"": {""value"": 100, ""weight"": 0.2, ""contribution"": 20.0}, ""conflicts"": {""value"": 100.0, ""weight"": 0.2, ""contribution"": 20.0}, ""stopping"": {""value"": 100.0, ""weight"": 0.1, ""contribution"": 10.0}}, ""reasons"": [""schedule: 98.3/100"", ""capacity: 95.5/100""], ""window_s"": 300, ""observed_s"": 299.0, ""samples"": 300}"
d3a5dfce6da14f8da5016efea7c6a015,b84a2ba52993,980.0,quality,engine,,Movement quality 97.6: Normal,98.6,"{""score"": 97.6, ""status"": ""Normal"", ""factors"": {""schedule"": {""value"": 96.9, ""weight"": 0.3, ""contribution"": 29.08}, ""capacity"": {""value"": 92.6, ""weight"": 0.2, ""contribution"": 18.52}, ""energy"": {""value"": 100, ""weight"": 0.2, ""contribution"": 20.0}, ""conflicts"": {""value"": 100.0, ""weight"": 0.2, ""contribution"": 20.0}, ""stopping"": {""value"": 100.0, ""weight"": 0.1, ""contribution"": 10.0}}, ""reasons"": [""schedule: 96.9/100"", ""capacity: 92.6/100""], ""window_s"": 300, ""observed_s"": 299.0, ""samples"": 300}"
d84b9b1073c24f579244a553dcfc8e98,b84a2ba52993,993.0,quality,engine,,Movement quality 96.6: Normal,97.6,"{""score"": 96.6, ""status"": ""Normal"", ""factors"": {""schedule"": {""value"": 95.5, ""weight"": 0.3, ""contribution"": 28.64}, ""capacity"": {""value"": 89.6, ""weight"": 0.2, ""contribution"": 17.92}, ""energy"": {""value"": 100, ""weight"": 0.2, ""contribution"": 20.0}, ""conflicts"": {""value"": 100.0, ""weight"": 0.2, ""contribution"": 20.0}, ""stopping"": {""value"": 100.0, ""weight"": 0.1, ""contribution"": 10.0}}, ""reasons"": [""schedule: 95.5/100"", ""capacity: 89.6/100""], ""window_s"": 300, ""observed_s"": 299.0, ""samples"": 300}"
60c86fb580904bf59e4a885e82bd7e58,b84a2ba52993,1005.0,quality,engine,,Movement quality 95.6: Normal,96.6,"{""score"": 95.6, ""status"": ""Normal"", ""factors"": {""schedule"": {""value"": 94.1, ""weight"": 0.3, ""contribution"": 28.24}, ""capacity"": {""value"": 87.0, ""weight"": 0.2, ""contribution"": 17.4}, ""energy"": {""value"": 100, ""weight"": 0.2, ""contribution"": 20.0}, ""conflicts"": {""value"": 100.0, ""weight"": 0.2, ""contribution"": 20.0}, ""stopping"": {""value"": 100.0, ""weight"": 0.1, ""contribution"": 10.0}}, ""reasons"": [""schedule: 94.1/100"", ""capacity: 87.0/100""], ""window_s"": 300, ""observed_s"": 299.0, ""samples"": 300}"
54dae5ae178a4d13a18d2239017dad48,b84a2ba52993,1019.0,quality,engine,,Movement quality 94.6: Normal,95.6,"{""score"": 94.6, ""status"": ""Normal"", ""factors"": {""schedule"": {""value"": 92.5, ""weight"": 0.3, ""contribution"": 27.76}, ""capacity"": {""value"": 84.2, ""weight"": 0.2, ""contribution"": 16.84}, ""energy"": {""value"": 100, ""weight"": 0.2, ""contribution"": 20.0}, ""conflicts"": {""value"": 100.0, ""weight"": 0.2, ""contribution"": 20.0}, ""stopping"": {""value"": 100.0, ""weight"": 0.1, ""contribution"": 10.0}}, ""reasons"": [""schedule: 92.5/100"", ""capacity: 84.2/100""], ""window_s"": 300, ""observed_s"": 299.0, ""samples"": 300}"
24647a43655f48cd8ba9077ca03265f2,b84a2ba52993,1033.0,quality,engine,,Movement quality 93.6: Normal,94.6,"{""score"": 93.6, ""status"": ""Normal"", ""factors"": {""schedule"": {""value"": 90.9, ""weight"": 0.3, ""contribution"": 27.27}, ""capacity"": {""value"": 81.5, ""weight"": 0.2, ""contribution"": 16.31}, ""energy"": {""value"": 100, ""weight"": 0.2, ""contribution"": 20.0}, ""conflicts"": {""value"": 100.0, ""weight"": 0.2, ""contribution"": 20.0}, ""stopping"": {""value"": 100.0, ""weight"": 0.1, ""contribution"": 10.0}}, ""reasons"": [""schedule: 90.9/100"", ""capacity: 81.5/100""], ""window_s"": 300, ""observed_s"": 299.0, ""samples"": 300}"
0e184fea78f34d88a5243009fb7da98b,b84a2ba52993,1047.0,quality,engine,,Movement quality 92.6: Normal,93.6,"{""score"": 92.6, ""status"": ""Normal"", ""factors"": {""schedule"": {""value"": 89.3, ""weight"": 0.3, ""contribution"": 26.78}, ""capacity"": {""value"": 79.0, ""weight"": 0.2, ""contribution"": 15.81}, ""energy"": {""value"": 100, ""weight"": 0.2, ""contribution"": 20.0}, ""conflicts"": {""value"": 100.0, ""weight"": 0.2, ""contribution"": 20.0}, ""stopping"": {""value"": 100.0, ""weight"": 0.1, ""contribution"": 10.0}}, ""reasons"": [""schedule: 89.3/100"", ""capacity: 79.0/100""], ""window_s"": 300, ""observed_s"": 299.0, ""samples"": 300}"
1278117ddd8146c7becec2172734da60,b84a2ba52993,1048.0,signal,engine,SIG-47069-0-3,SIG-47069-0-3 → red,"{""id"": ""SIG-47069-0-3"", ""edge"": 47069, ""direction"": 0, ""vertex"": null, ""resource"": ""b:47069:3"", ""block_index"": 3, ""aspect"": ""green"", ""owner"": ""KZ-009"", ""failed"": false, ""occupied_by"": null, ""clear_blocks_ahead"": 3, ""available_distance_m"": 5140.62, ""position"": [48.503730762133834, 80.62417782138552], ""reason"": ""At least two clear blocks; braking distance available""}","{""id"": ""SIG-47069-0-3"", ""edge"": 47069, ""direction"": 0, ""vertex"": null, ""resource"": ""b:47069:3"", ""block_index"": 3, ""aspect"": ""red"", ""owner"": ""KZ-009"", ""failed"": false, ""occupied_by"": ""KZ-009"", ""clear_blocks_ahead"": 0, ""available_distance_m"": 5140.62, ""position"": [48.503730762133834, 80.62417782138552], ""reason"": ""Block occupied: stop""}"
a2103ab7e0b145809729198951ff939f,b84a2ba52993,1050.0,quality,engine,,Movement quality 79.3: Attention,92.6,"{""score"": 79.3, ""status"": ""Attention"", ""factors"": {""schedule"": {""value"": 88.9, ""weight"": 0.3, ""contribution"": 26.68}, ""capacity"": {""value"": 78.7, ""weight"": 0.2, ""contribution"": 15.74}, ""energy"": {""value"": 34.5, ""weight"": 0.2, ""contribution"": 6.91}, ""conflicts"": {""value"": 100.0, ""weight"": 0.2, ""contribution"": 20.0}, ""stopping"": {""value"": 100.0, ""weight"": 0.1, ""contribution"": 10.0}}, ""reasons"": [""schedule: 88.9/100"", ""capacity: 78.7/100"", ""energy: 34.5/100""], ""window_s"": 300, ""observed_s"": 299.0, ""samples"": 300}"
19f975edc3b040169920699510b8fb19,b84a2ba52993,1055.0,action,dispatcher,,pause,"{""running"": true, ""speed"": 120.0}","{""running"": false, ""speed"": 120.0}"
ad156bb84e384ad2957945e4f001c0c2,b84a2ba52993,1055.0,connection,dispatcher,,Realtime disconnected; client should reconnect and resynchronize,null,null
ea838137c6fb4fcd98c3c4d608bb13c0,b84a2ba52993,1055.0,connection,dispatcher,,Realtime connected; full state resynchronization,null,"{""last_event_id"": null}"
2ee34a2df92040ffb21ca4059db0b8d8,b84a2ba52993,1055.0,incident,dispatcher,INC-6d975cab;KZ-101,train_breakdown: train KZ-101,null,"{""id"": ""INC-6d975cab"", ""kind"": ""train_breakdown"", ""asset_type"": ""train"", ""asset_id"": ""KZ-101"", ""start_s"": 1055.0000000001028, ""duration_s"": 30.0, ""speed_kmh"": 20, ""note"": ""Repeatable 10-incident burst"", ""end_s"": 1085.0000000001028, ""status"": ""active"", ""affected_trains"": [""KZ-101""], ""created_at_s"": 1055.0000000001028}"
022e143950f84f6f80eca625b7109561,b84a2ba52993,1055.0,incident,dispatcher,INC-82902034;KZ-009,train_delay: train KZ-009,null,"{""id"": ""INC-82902034"", ""kind"": ""train_delay"", ""asset_type"": ""train"", ""asset_id"": ""KZ-009"", ""start_s"": 1055.0000000001028, ""duration_s"": 35.0, ""speed_kmh"": 20, ""note"": ""Repeatable 10-incident burst"", ""end_s"": 1090.0000000001028, ""status"": ""active"", ""affected_trains"": [""KZ-009""], ""created_at_s"": 1055.0000000001028}"
41d234d7f4ec499d9e80ed4727fe2227,b84a2ba52993,1055.0,incident,dispatcher,INC-78fb4fc8;KZ-101,train_breakdown: train KZ-101,null,"{""id"": ""INC-78fb4fc8"", ""kind"": ""train_breakdown"", ""asset_type"": ""train"", ""asset_id"": ""KZ-101"", ""start_s"": 1055.0000000001028, ""duration_s"": 40.0, ""speed_kmh"": 20, ""note"": ""Repeatable 10-incident burst"", ""end_s"": 1095.0000000001028, ""status"": ""active"", ""affected_trains"": [""KZ-101""], ""created_at_s"": 1055.0000000001028}"
c94b8fc3321b405c810bbaa890c4e39f,b84a2ba52993,1055.0,incident,dispatcher,INC-6345c335;KZ-009,train_delay: train KZ-009,null,"{""id"": ""INC-6345c335"", ""kind"": ""train_delay"", ""asset_type"": ""train"", ""asset_id"": ""KZ-009"", ""start_s"": 1055.0000000001028, ""duration_s"": 45.0, ""speed_kmh"": 20, ""note"": ""Repeatable 10-incident burst"", ""end_s"": 1100.0000000001028, ""status"": ""active"", ""affected_trains"": [""KZ-009""], ""created_at_s"": 1055.0000000001028}"
a3fd23aef07e4e10964e78ba0df8ad72,b84a2ba52993,1055.0,incident,dispatcher,INC-9eb249ad;KZ-101,train_breakdown: train KZ-101,null,"{""id"": ""INC-9eb249ad"", ""kind"": ""train_breakdown"", ""asset_type"": ""train"", ""asset_id"": ""KZ-101"", ""start_s"": 1055.0000000001028, ""duration_s"": 50.0, ""speed_kmh"": 20, ""note"": ""Repeatable 10-incident burst"", ""end_s"": 1105.0000000001028, ""status"": ""active"", ""affected_trains"": [""KZ-101""], ""created_at_s"": 1055.0000000001028}"
d5923d721c2e410f9bcd5bfc79b9b25a,b84a2ba52993,1055.0,incident,dispatcher,INC-338d9a00;KZ-009,train_delay: train KZ-009,null,"{""id"": ""INC-338d9a00"", ""kind"": ""train_delay"", ""asset_type"": ""train"", ""asset_id"": ""KZ-009"", ""start_s"": 1055.0000000001028, ""duration_s"": 55.0, ""speed_kmh"": 20, ""note"": ""Repeatable 10-incident burst"", ""end_s"": 1110.0000000001028, ""status"": ""active"", ""affected_trains"": [""KZ-009""], ""created_at_s"": 1055.0000000001028}"
7ad01abadc5c49998d4ccbcca7a79ba7,b84a2ba52993,1055.0,incident,dispatcher,INC-b98672ad;KZ-101,train_breakdown: train KZ-101,null,"{""id"": ""INC-b98672ad"", ""kind"": ""train_breakdown"", ""asset_type"": ""train"", ""asset_id"": ""KZ-101"", ""start_s"": 1055.0000000001028, ""duration_s"": 60.0, ""speed_kmh"": 20, ""note"": ""Repeatable 10-incident burst"", ""end_s"": 1115.0000000001028, ""status"": ""active"", ""affected_trains"": [""KZ-101""], ""created_at_s"": 1055.0000000001028}"
6aed04fe08214b799e91c7ffd1987e87,b84a2ba52993,1055.0,incident,dispatcher,INC-141a41f5;KZ-009,train_delay: train KZ-009,null,"{""id"": ""INC-141a41f5"", ""kind"": ""train_delay"", ""asset_type"": ""train"", ""asset_id"": ""KZ-009"", ""start_s"": 1055.0000000001028, ""duration_s"": 65.0, ""speed_kmh"": 20, ""note"": ""Repeatable 10-incident burst"", ""end_s"": 1120.0000000001028, ""status"": ""active"", ""affected_trains"": [""KZ-009""], ""created_at_s"": 1055.0000000001028}"
0816ce7b930a433188c89d24009c6174,b84a2ba52993,1055.0,incident,dispatcher,INC-b3c0644b;KZ-101,train_breakdown: train KZ-101,null,"{""id"": ""INC-b3c0644b"", ""kind"": ""train_breakdown"", ""asset_type"": ""train"", ""asset_id"": ""KZ-101"", ""start_s"": 1055.0000000001028, ""duration_s"": 70.0, ""speed_kmh"": 20, ""note"": ""Repeatable 10-incident burst"", ""end_s"": 1125.0000000001028, ""status"": ""active"", ""affected_trains"": [""KZ-101""], ""created_at_s"": 1055.0000000001028}"
e23f97c558ee4c479f9aac0b8e863297,b84a2ba52993,1055.0,incident,dispatcher,INC-1889a9cb;KZ-009,train_delay: train KZ-009,null,"{""id"": ""INC-1889a9cb"", ""kind"": ""train_delay"", ""asset_type"": ""train"", ""asset_id"": ""KZ-009"", ""start_s"": 1055.0000000001028, ""duration_s"": 75.0, ""speed_kmh"": 20, ""note"": ""Repeatable 10-incident burst"", ""end_s"": 1130.0000000001028, ""status"": ""active"", ""affected_trains"": [""KZ-009""], ""created_at_s"": 1055.0000000001028}"
3e55c56e464e488cb1b3344970d88673,b84a2ba52993,1055.0,alternatives,engine,,10 affected train/incident evaluations,null,"[{""incident_id"": ""INC-6d975cab"", ""train_id"": ""KZ-101"", ""actions"": [{""action"": ""hold / retain authority"", ""arrival_s"": 2087.0, ""delay_s"": 287.0, ""recovery_s"": 30.0, ""quality_schedule_delta"": -1.5, ""recommended"": true, ""note"": ""Schedule-factor forecast vs immediate clearance; other measured factors held fixed. Not a measured improvement.""}], ""reason"": ""Only hold / recovery is feasible: committed routes cannot be invalidated, or no compatible alternate track is available."", ""evaluated_at_s"": 1055.0000000001028, ""plan_version"": 14}, {""incident_id"": ""INC-82902034"", ""train_id"": ""KZ-009"", ""actions"": [{""action"": ""hold / retain authority"", ""arrival_s"": 2085.5, ""delay_s"": 0, ""recovery_s"": 35.0, ""quality_schedule_delta"": -0.0, ""recommended"": true, ""note"": ""Schedule-factor forecast vs immediate clearance; other measured factors held fixed. Not a measured improvement.""}], ""reason"": ""Only hold / recovery is feasible: committed routes cannot be invalidated, or no compatible alternate track is available."", ""evaluated_at_s"": 1055.0000000001028, ""plan_version"": 14}, {""incident_id"": ""INC-78fb4fc8"", ""train_id"": ""KZ-101"", ""actions"": [{""action"": ""hold / retain authority"", ""arrival_s"": 2087.0, ""delay_s"": 287.0, ""recovery_s"": 40.0, ""quality_schedule_delta"": -2.0, ""recommended"": true, ""note"": ""Schedule-factor forecast vs immediate clearance; other measured factors held fixed. Not a measured improvement.""}], ""reason"": ""Only hold / recovery is feasible: committed routes cannot be invalidated, or no compatible alternate track is available."", ""evaluated_at_s"": 1055.0000000001028, ""plan_version"": 14}, {""incident_id"": ""INC-6345c335"", ""train_id"": ""KZ-009"", ""actions"": [{""action"": ""hold / retain authority"", ""arrival_s"": 2085.5, ""delay_s"": 0, ""recovery_s"": 45.0, ""quality_schedule_delta"": -0.0, ""recommended"": true, ""note"": ""Schedule-factor forecast vs immediate clearance; other measured factors held fixed. Not a measured improvement.""}], ""reason"": ""Only hold / recovery is feasible: committed routes cannot be invalidated, or no compatible alternate track is available."", ""evaluated_at_s"": 1055.0000000001028, ""plan_version"": 14}, {""incident_id"": ""INC-9eb249ad"", ""train_id"": ""KZ-101"", ""actions"": [{""action"": ""hold / retain authority"", ""arrival_s"": 2087.0, ""delay_s"": 287.0, ""recovery_s"": 50.0, ""quality_schedule_delta"": -2.5, ""recommended"": true, ""note"": ""Schedule-factor forecast vs immediate clearance; other measured factors held fixed. Not a measured improvement.""}], ""reason"": ""Only hold / recovery is feasible: committed routes cannot be invalidated, or no compatible alternate track is available."", ""evaluated_at_s"": 1055.0000000001028, ""plan_version"": 14}, {""incident_id"": ""INC-338d9a00"", ""train_id"": ""KZ-009"", ""actions"": [{""action"": ""hold / retain authority"", ""arrival_s"": 2085.5, ""delay_s"": 0, ""recovery_s"": 55.0, ""quality_schedule_delta"": -0.0, ""recommended"": true, ""note"": ""Schedule-factor forecast vs immediate clearance; other measured factors held fixed. Not a measured improvement.""}], ""reason"": ""Only hold / recovery is feasible: committed routes cannot be invalidated, or no compatible alternate track is available."", ""evaluated_at_s"": 1055.0000000001028, ""plan_version"": 14}, {""incident_id"": ""INC-b98672ad"", ""train_id"": ""KZ-101"", ""actions"": [{""action"": ""hold / retain authority"", ""arrival_s"": 2087.0, ""delay_s"": 287.0, ""recovery_s"": 60.0, ""quality_schedule_delta"": -3.0, ""recommended"": true, ""note"": ""Schedule-factor forecast vs immediate clearance; other measured factors held fixed. Not a measured improvement.""}], ""reason"": ""Only hold / recovery is feasible: committed routes cannot be invalidated, or no compatible alternate track is available."", ""evaluated_at_s"": 1055.0000000001028, ""plan_version"": 14}, {""incident_id"": ""INC-141a41f5"", ""train_id"": ""KZ-009"", ""actions"": [{""action"": ""hold / retain authority"", ""arrival_s"": 2085.5, ""delay_s"": 0, ""recovery_s"": 65.0, ""quality_schedule_delta"": -0.0, ""recommended"": true, ""note"": ""Schedule-factor forecast vs immediate clearance; other measured factors held fixed. Not a measured improvement.""}], ""reason"": ""Only hold / recovery is feasible: committed routes cannot be invalidated, or no compatible alternate track is available."", ""evaluated_at_s"": 1055.0000000001028, ""plan_version"": 14}, {""incident_id"": ""INC-b3c0644b"", ""train_id"": ""KZ-101"", ""actions"": [{""action"": ""hold / retain authority"", ""arrival_s"": 2087.0, ""delay_s"": 287.0, ""recovery_s"": 70.0, ""quality_schedule_delta"": -3.5, ""recommended"": true, ""note"": ""Schedule-factor forecast vs immediate clearance; other measured factors held fixed. Not a measured improvement.""}], ""reason"": ""Only hold / recovery is feasible: committed routes cannot be invalidated, or no compatible alternate track is available."", ""evaluated_at_s"": 1055.0000000001028, ""plan_version"": 14}, {""incident_id"": ""INC-1889a9cb"", ""train_id"": ""KZ-009"", ""actions"": [{""action"": ""hold / retain authority"", ""arrival_s"": 2085.5, ""delay_s"": 0, ""recovery_s"": 75.0, ""quality_schedule_delta"": -0.0, ""recommended"": true, ""note"": ""Schedule-factor forecast vs immediate clearance; other measured factors held fixed. Not a measured improvement.""}], ""reason"": ""Only hold / recovery is feasible: committed routes cannot be invalidated, or no compatible alternate track is available."", ""evaluated_at_s"": 1055.0000000001028, ""plan_version"": 14}]"
ec633c5c8f724ad4acb6de80578ab1f9,b84a2ba52993,1055.0,conflict,engine,KZ-101,"Incident: INC-6d975cab, INC-78fb4fc8, INC-9eb249ad, INC-b98672ad, INC-b3c0644b","""Opposing or crossing route direction locked for KZ-009 (conservative protection to next scheduled stop); waiting for a clear section""","""Incident: INC-6d975cab, INC-78fb4fc8, INC-9eb249ad, INC-b98672ad, INC-b3c0644b"""
5790aa7ccba84744bcf21b9a62ecb7a8,b84a2ba52993,1055.0,plan,engine,,Plan 14: 10 incident(s) ingested,null,"{""version"": 14}"
19795c6747e34a57815cf1a906e2f999,b84a2ba52993,1055.0,signal,engine,SIG-47069-0-4,SIG-47069-0-4 → red,"{""id"": ""SIG-47069-0-4"", ""edge"": 47069, ""direction"": 0, ""vertex"": null, ""resource"": ""b:47069:4"", ""block_index"": 4, ""aspect"": ""green"", ""owner"": ""KZ-009"", ""failed"": false, ""occupied_by"": null, ""clear_blocks_ahead"": 2, ""available_distance_m"": 3418.75, ""position"": [48.5168171248757, 80.63667400388232], ""reason"": ""At least two clear blocks; braking distance available""}","{""id"": ""SIG-47069-0-4"", ""edge"": 47069, ""direction"": 0, ""vertex"": null, ""resource"": ""b:47069:4"", ""block_index"": 4, ""aspect"": ""red"", ""owner"": ""KZ-009"", ""failed"": false, ""occupied_by"": null, ""clear_blocks_ahead"": 0, ""available_distance_m"": 0, ""position"": [48.5168171248757, 80.63667400388232], ""reason"": ""No compatible authority / closed""}"
a8d72000a4cf4a7796a5b8533008922b,b84a2ba52993,1055.0,signal,engine,SIG-47069-0-5,SIG-47069-0-5 → red,"{""id"": ""SIG-47069-0-5"", ""edge"": 47069, ""direction"": 0, ""vertex"": null, ""resource"": ""b:47069:5"", ""block_index"": 5, ""aspect"": ""yellow"", ""owner"": ""KZ-009"", ""failed"": false, ""occupied_by"": null, ""clear_blocks_ahead"": 1, ""available_distance_m"": 1696.87, ""position"": [48.53041754091322, 80.64726711498463], ""reason"": ""Clear block; approach stop or restriction""}","{""id"": ""SIG-47069-0-5"", ""edge"": 47069, ""direction"": 0, ""vertex"": null, ""resource"": ""b:47069:5"", ""block_index"": 5, ""aspect"": ""red"", ""owner"": ""KZ-009"", ""failed"": false, ""occupied_by"": null, ""clear_blocks_ahead"": 0, ""available_distance_m"": 0, ""position"": [48.53041754091322, 80.64726711498463], ""reason"": ""No compatible authority / closed""}"
ec5fcc8c5503474d8152d986026bf73a,b84a2ba52993,1055.0,clearance,dispatcher,INC-6d975cab,INC-6d975cab cleared,"{""id"": ""INC-6d975cab"", ""kind"": ""train_breakdown"", ""asset_type"": ""train"", ""asset_id"": ""KZ-101"", ""start_s"": 1055.0000000001028, ""duration_s"": 30.0, ""speed_kmh"": 20, ""note"": ""Repeatable 10-incident burst"", ""end_s"": 1085.0000000001028, ""status"": ""active"", ""affected_trains"": [""KZ-101""], ""created_at_s"": 1055.0000000001028}","{""id"": ""INC-6d975cab"", ""kind"": ""train_breakdown"", ""asset_type"": ""train"", ""asset_id"": ""KZ-101"", ""start_s"": 1055.0000000001028, ""duration_s"": 30.0, ""speed_kmh"": 20, ""note"": ""Repeatable 10-incident burst"", ""end_s"": 1085.0000000001028, ""status"": ""cleared"", ""affected_trains"": [""KZ-101""], ""created_at_s"": 1055.0000000001028, ""cleared_s"": 1055.0000000001028}"
57f896064f7d4d0aad3b20357f08b161,b84a2ba52993,1055.0,alternatives,engine,,9 affected train/incident evaluations,null,"[{""incident_id"": ""INC-82902034"", ""train_id"": ""KZ-009"", ""actions"": [{""action"": ""hold / retain authority"", ""arrival_s"": 2085.5, ""delay_s"": 0, ""recovery_s"": 35.0, ""quality_schedule_delta"": -0.0, ""recommended"": true, ""note"": ""Schedule-factor forecast vs immediate clearance; other measured factors held fixed. Not a measured improvement.""}], ""reason"": ""Only hold / recovery is feasible: committed routes cannot be invalidated, or no compatible alternate track is available."", ""evaluated_at_s"": 1055.0000000001028, ""plan_version"": 15}, {""incident_id"": ""INC-78fb4fc8"", ""train_id"": ""KZ-101"", ""actions"": [{""action"": ""hold / retain authority"", ""arrival_s"": 1768.7, ""delay_s"": 0, ""recovery_s"": 40.0, ""quality_schedule_delta"": -0.0, ""recommended"": true, ""note"": ""Schedule-factor forecast vs immediate clearance; other measured factors held fixed. Not a measured improvement.""}], ""reason"": ""Only hold / recovery is feasible: committed routes cannot be invalidated, or no compatible alternate track is available."", ""evaluated_at_s"": 1055.0000000001028, ""plan_version"": 15}, {""incident_id"": ""INC-6345c335"", ""train_id"": ""KZ-009"", ""actions"": [{""action"": ""hold / retain authority"", ""arrival_s"": 2085.5, ""delay_s"": 0, ""recovery_s"": 45.0, ""quality_schedule_delta"": -0.0, ""recommended"": true, ""note"": ""Schedule-factor forecast vs immediate clearance; other measured factors held fixed. Not a measured improvement.""}], ""reason"": ""Only hold / recovery is feasible: committed routes cannot be invalidated, or no compatible alternate track is available."", ""evaluated_at_s"": 1055.0000000001028, ""plan_version"": 15}, {""incident_id"": ""INC-9eb249ad"", ""train_id"": ""KZ-101"", ""actions"": [{""action"": ""hold / retain authority"", ""arrival_s"": 1768.7, ""delay_s"": 0, ""recovery_s"": 50.0, ""quality_schedule_delta"": -0.0, ""recommended"": true, ""note"": ""Schedule-factor forecast vs immediate clearance; other measured factors held fixed. Not a measured improvement.""}], ""reason"": ""Only hold / recovery is feasible: committed routes cannot be invalidated, or no compatible alternate track is available."", ""evaluated_at_s"": 1055.0000000001028, ""plan_version"": 15}, {""incident_id"": ""INC-338d9a00"", ""train_id"": ""KZ-009"", ""actions"": [{""action"": ""hold / retain authority"", ""arrival_s"": 2085.5, ""delay_s"": 0, ""recovery_s"": 55.0, ""quality_schedule_delta"": -0.0, ""recommended"": true, ""note"": ""Schedule-factor forecast vs immediate clearance; other measured factors held fixed. Not a measured improvement.""}], ""reason"": ""Only hold / recovery is feasible: committed routes cannot be invalidated, or no compatible alternate track is available."", ""evaluated_at_s"": 1055.0000000001028, ""plan_version"": 15}, {""incident_id"": ""INC-b98672ad"", ""train_id"": ""KZ-101"", ""actions"": [{""action"": ""hold / retain authority"", ""arrival_s"": 1768.7, ""delay_s"": 0, ""recovery_s"": 60.0, ""quality_schedule_delta"": -0.0, ""recommended"": true, ""note"": ""Schedule-factor forecast vs immediate clearance; other measured factors held fixed. Not a measured improvement.""}], ""reason"": ""Only hold / recovery is feasible: committed routes cannot be invalidated, or no compatible alternate track is available."", ""evaluated_at_s"": 1055.0000000001028, ""plan_version"": 15}, {""incident_id"": ""INC-141a41f5"", ""train_id"": ""KZ-009"", ""actions"": [{""action"": ""hold / retain authority"", ""arrival_s"": 2085.5, ""delay_s"": 0, ""recovery_s"": 65.0, ""quality_schedule_delta"": -0.0, ""recommended"": true, ""note"": ""Schedule-factor forecast vs immediate clearance; other measured factors held fixed. Not a measured improvement.""}], ""reason"": ""Only hold / recovery is feasible: committed routes cannot be invalidated, or no compatible alternate track is available."", ""evaluated_at_s"": 1055.0000000001028, ""plan_version"": 15}, {""incident_id"": ""INC-b3c0644b"", ""train_id"": ""KZ-101"", ""actions"": [{""action"": ""hold / retain authority"", ""arrival_s"": 1768.7, ""delay_s"": 0, ""recovery_s"": 70.0, ""quality_schedule_delta"": -0.0, ""recommended"": true, ""note"": ""Schedule-factor forecast vs immediate clearance; other measured factors held fixed. Not a measured improvement.""}], ""reason"": ""Only hold / recovery is feasible: committed routes cannot be invalidated, or no compatible alternate track is available."", ""evaluated_at_s"": 1055.0000000001028, ""plan_version"": 15}, {""incident_id"": ""INC-1889a9cb"", ""train_id"": ""KZ-009"", ""actions"": [{""action"": ""hold / retain authority"", ""arrival_s"": 2085.5, ""delay_s"": 0, ""recovery_s"": 75.0, ""quality_schedule_delta"": -0.0, ""recommended"": true, ""note"": ""Schedule-factor forecast vs immediate clearance; other measured factors held fixed. Not a measured improvement.""}], ""reason"": ""Only hold / recovery is feasible: committed routes cannot be invalidated, or no compatible alternate track is available."", ""evaluated_at_s"": 1055.0000000001028, ""plan_version"": 15}]"
baf51c68fdcc48a09da31feb2f549ce6,b84a2ba52993,1055.0,conflict,engine,KZ-101,"Incident: INC-78fb4fc8, INC-9eb249ad, INC-b98672ad, INC-b3c0644b","""Incident: INC-6d975cab, INC-78fb4fc8, INC-9eb249ad, INC-b98672ad, INC-b3c0644b""","""Incident: INC-78fb4fc8, INC-9eb249ad, INC-b98672ad, INC-b3c0644b"""
6dcf2325462247d592faebe129343679,b84a2ba52993,1055.0,plan,engine,,Plan 15: incident cleared,null,"{""version"": 15}"
,b84a2ba52993,1055.0000000001028,train_summary,dispatcher,KZ-101,"Delay (s), energy (kWh), actual arrival",,"{""delay_s"": 0, ""energy_kwh"": 53.84760018760253, ""arrivals"": [{""label"": ""Siding E47083"", ""time"": 812.8, ""scheduled"": null, ""error_m"": 0.0}]}"
,b84a2ba52993,1055.0000000001028,train_summary,dispatcher,KZ-009,"Delay (s), energy (kWh), actual arrival",,"{""delay_s"": 0, ""energy_kwh"": 33.33454270023601, ""arrivals"": []}"
